feature_name,SD21,SDXL,SD3,DALLE3,Midjourney
hog_0000,0.0,0.013990147928789165,0.006961167028215254,0.0,0.0
hog_0001,0.0,0.0,0.01339433413707214,0.003671413864650752,0.013056073322839534
hog_0002,0.0,0.0008002134660149984,0.004412781998212489,0.020558012526321168,0.0
hog_0003,0.004134257291648291,0.006702476212145259,0.04536502497500927,0.027557759176146668,0.05151610293031483
hog_0004,0.0,0.0015189290899162433,0.0,0.0,0.026015148250657427
hog_0005,0.0,0.009802721203512998,0.0,0.0,0.0
hog_0006,0.020319253123959102,0.0,0.020419326481267763,0.0031987322757596193,0.0030353350404082047
hog_0007,0.0,0.0,0.0,0.0,0.0
hog_0008,0.0,0.011775892417665634,0.021100655048763794,0.0,0.008196324844255587
hog_0009,0.009664681782018958,0.000591505949147253,0.0,0.02540904002402744,0.004083437851800431
hog_0010,0.007691752623697479,0.006970504533613697,0.014439099143890521,0.00792836276431852,0.0
hog_0011,0.0,0.04188822010929294,0.0,0.021657677657222818,0.0
hog_0012,0.0,0.008333398115886403,0.011109255808415153,0.027121800410355945,0.02873906546906002
hog_0013,0.016563952271100302,0.003607289492352228,0.017186344550150112,0.00884870161664253,0.0
hog_0014,0.0020794652944913228,0.0,0.032797689137058494,0.017420739333244395,0.0
hog_0015,0.0,0.027221258067759324,0.0,0.0,0.0023692715579060053
hog_0016,0.0,0.015637813531804934,0.009123907197126524,0.0,0.023101530243953006
hog_0017,0.0,0.0,0.015578911347909674,0.0,0.00682510287982252
hog_0018,0.03701754181001582,0.0,0.008511775762384932,0.0,0.013345317352097652
hog_0019,0.024803564423009128,0.01702903763508279,0.024821880461545875,0.003454350184344701,0.0
hog_0020,0.0,0.0,0.0,0.010141383208970511,0.0017307101547834325
hog_0021,0.005298465982117584,0.021395801458910402,0.02893498562033714,0.02538355501481715,0.015260152361214807
hog_0022,0.02520160255265802,0.007999127958507879,0.0,0.0006810547156848035,0.012015319317274509
hog_0023,0.010360803290522913,0.0,0.0231921664209791,0.005219110826317097,0.0
hog_0024,0.011387224601594248,0.0,0.006414266376928879,0.01220478042637163,0.024652509939904643
hog_0025,0.0,0.0,0.027278782749206254,0.010622010517708835,0.03896026704527644
hog_0026,0.024027518700002748,0.021003500672045927,0.029130992946866163,0.04078031910629587,0.01802575559674291
hog_0027,0.0,0.013343962152613909,0.0008421657418031803,0.01937438271704872,0.0
hog_0028,0.0,0.002324700189148654,0.04138176459166343,0.008032263590383115,0.0
hog_0029,0.013632922851756879,0.008280475928931885,0.013086069878571305,0.029692066570433218,0.0089316765098717
hog_0030,0.006772273070282386,0.008145555046242814,0.0201899962776797,0.003103130588114844,0.0
hog_0031,0.014202363331911272,0.0,0.004172604269195412,0.004550172764542282,0.011720877895601056
hog_0032,0.0,0.0,0.024735478112144493,0.0,0.004819462371410621
hog_0033,0.0,0.005981139055948104,0.005116027675853951,0.0,0.0
hog_0034,0.0,0.015535573512790224,0.0274242596079044,0.031632093195838484,0.030146386283688154
hog_0035,0.00923527721133266,0.0056567456768013,0.037230874282926596,0.0,0.0012667778214836556
hog_0036,0.0,0.0,0.007418158318320822,0.0,0.02000190150609149
hog_0037,0.026485665895821464,0.001273656374186638,0.043525144274585426,0.024681022126891827,0.031357667469883665
hog_0038,0.0,0.03542426383847186,0.006621698424815081,0.018524678796558947,0.0
hog_0039,0.0,0.03129478008176689,0.012908770739218589,0.0067752261017279825,0.0012209003504486393
hog_0040,0.015169732233373479,0.017208817025215595,0.0,0.032879475785284384,0.025380221659330182
hog_0041,0.0033830890895805155,0.013278089557716477,0.0014938925793299695,0.0,0.0
hog_0042,0.009085536535863525,0.007781017956363323,0.009672155196792653,0.026600904352570787,0.00027716475597761026
hog_0043,0.03681077375610453,0.017969882504498935,0.038960976929279134,0.011802145231850858,0.018455426226649863
hog_0044,0.003507184619401027,0.011361789422154933,0.0,0.0,0.0
hog_0045,0.011672849797415452,0.023151615089723965,0.0,0.017797396406330046,0.040560882049176517
hog_0046,0.0,0.011763492862855163,0.021975174563507727,0.0,0.00042129146260450057
hog_0047,0.0,0.0,0.0,0.017490776672189456,0.0
hog_0048,0.0,0.008045410622444793,0.030914544497010477,0.0,0.01031934530826839
hog_0049,0.0062119713108987895,0.01832968672093438,0.0,0.002221994989936027,0.03393360104420773
hog_0050,0.013272749280580198,0.02218611082735178,0.049860538844479274,0.0,0.012930705925696895
hog_0051,0.0,0.03715724487660399,0.0031399848548796516,0.0049026729575101236,0.023471216487975788
hog_0052,0.0,0.012350470549740367,0.019301306176286115,0.0012996915206400228,0.004415013149997149
hog_0053,0.0,0.0,0.016437163647725406,0.006620050540827593,0.0
hog_0054,0.004858933161413503,0.02652259068444618,0.009075993655252912,0.003278781705204903,0.0
hog_0055,0.0,0.011032231132761527,0.010405865420392457,0.011504246206273328,0.006721830928329231
hog_0056,0.010118379723899507,0.011873341780338942,0.013255582303066449,0.026600757494354976,0.0078864375589216
hog_0057,0.0,0.0,0.008360657223937862,0.0,0.0033331089430932437
hog_0058,0.0011775420827149219,0.033193762922050674,0.014011675352634478,0.02289092835582318,0.006693933386506812
hog_0059,0.0,0.015554546979263062,0.0023135227869524044,0.0,0.0
hog_0060,0.0030073529851153413,0.0,0.011588208930992439,0.0,0.005203708217185188
hog_0061,0.01752827564997328,0.0034230512083381903,0.022284776259663852,0.004916451928643317,0.0013465189382246834
hog_0062,0.007879049114033032,0.015050921505180836,0.041471598040885294,0.006286720676247803,0.007777661623078025
hog_0063,0.006554761313248614,0.004616793631956995,0.012438506638301705,0.01727821251819983,0.0
hog_0064,0.0025379246489729557,0.015796558284306705,0.034512085851455376,0.01648293829499692,0.0070940402916168654
hog_0065,0.0,0.008680027561172032,0.02454537456776662,0.0,0.03185958972234482
hog_0066,0.02780021513288844,0.011823123028564142,0.03940369967566326,0.0,0.018851138051589666
hog_0067,0.020897202562996986,0.025227662859463873,0.016334269308631688,0.02050088696630703,0.017367165494495573
hog_0068,0.0,0.0,0.018178888347972544,0.00779040971013667,0.0
hog_0069,0.01114273271975974,0.0032027965471554953,0.01378619311428464,0.01617768480901649,0.0015120286024485896
hog_0070,0.011111022264598702,0.012843834799807885,0.026866405278281436,0.014874594855640133,0.01020404022644561
hog_0071,0.0,0.0,0.0024796735467285114,0.0,0.01632366005864405
hog_0072,0.03880510048247032,0.025277884250007654,0.005138704597960286,0.006725637885261149,0.03524196246579292
hog_0073,0.0,0.019674183543096024,0.016303207039379597,0.012770558985985891,0.016081214012626743
hog_0074,0.0,0.009223126172533958,0.02790907356477157,0.0357319742204627,0.0
hog_0075,0.0,0.0014929246268196028,0.021776583300799457,0.0,0.011626331097922105
hog_0076,0.029694797485059876,0.01823852594672437,0.012111314591841227,0.008143113291569026,0.010196367576966292
hog_0077,0.03715516486336323,0.029769867764934732,0.0628073823237274,0.015771704209287973,0.0
hog_0078,0.018848803201565678,0.018210652034921893,0.05446664853317151,0.0,0.0
hog_0079,0.0,0.0,0.012577685343000411,0.0,0.0
hog_0080,0.015475582409752553,0.018875942845301807,0.02330249338899515,0.0,0.0
hog_0081,0.0,0.0,0.0,0.010949327812263654,0.0
hog_0082,0.008260276361863994,0.01607724600642646,0.006823275191165212,0.0,0.0
hog_0083,0.000708749685986998,0.00999944585956114,0.021188020794197016,0.0023451507882630285,0.0
hog_0084,0.015412156252576414,0.03252585256612184,0.037664614675216423,0.008489277179618337,0.024075220802865838
hog_0085,0.0,0.01099241984571453,0.01467142613472494,0.0,0.008505351135424721
hog_0086,0.015663113370793624,0.0,0.03359588799042523,0.02979172473206604,0.0018106158787283277
hog_0087,0.01682192827618767,0.0,0.011205397319859589,0.03388176412240784,0.004874663175968852
hog_0088,0.037683561318099024,0.02110815145304268,0.05162815733295578,0.008177592701048342,0.0014926035830236106
hog_0089,0.010846493560220605,0.0,0.012542398010056965,0.016376732351080836,0.025147234797397555
hog_0090,0.008855256778272924,0.0,0.0,0.02433900758751606,0.0008235606418669494
hog_0091,0.0,0.0,0.01414970242657887,0.0,0.0
hog_0092,0.02003679652167012,0.02262288056843298,0.04297941420486162,0.01699713966242289,0.019383858674757226
hog_0093,0.0,0.022607063099807645,0.011789753405411219,0.0,0.01199141139040627
hog_0094,0.0,0.0,0.01679540878527863,0.0,0.008464599476369239
hog_0095,0.02532452898138815,0.0,0.01690529619616754,0.002523036079448593,0.0
hog_0096,0.0,0.0,0.014076998491826087,0.024047259811697197,0.0
hog_0097,0.0,0.0,0.005293298049560136,0.019696564163698138,0.0
hog_0098,0.0,0.006534832450094896,0.021312488014529007,0.0031552525633002926,0.0
hog_0099,0.018287319011674352,0.03057774734792762,0.016136177051854217,0.01088018155352577,1.0352830158488757e-05
hog_0100,0.0,0.0,0.021457195843118892,0.003377848429797048,0.007891738193161357
hog_0101,0.02520617553493043,0.01829204926916206,0.0124368695174355,0.0,0.0
hog_0102,0.011686120019318347,0.015923191561682204,0.045780073995762116,0.03313270277001168,0.016480985736584408
hog_0103,0.0,0.0,0.011973418888688192,0.008492424198915494,0.0
hog_0104,0.02157231801541659,0.0,0.037848349683144544,0.0016206288070379493,0.0
hog_0105,0.04005107067615432,0.0,0.0,0.015674090644631544,0.004137784688682533
hog_0106,0.0,0.0,0.02385191608542847,0.0,0.012069096291350778
hog_0107,0.009164191813304079,0.0,0.0026571956773757677,0.0,0.0038593411434324487
hog_0108,0.015467075311047296,0.005113267393419552,0.006664430035049351,0.0,0.0
hog_0109,0.008448698083760808,0.013435564080619855,0.0222734385917589,0.007375677602258435,0.0
hog_0110,0.0,0.03130785414353654,0.03736174717424112,0.013906660020175599,0.027574521417173647
hog_0111,0.005058514358755595,0.0063039138151583796,0.017499587087381085,0.025717802860225625,0.0
hog_0112,0.0,0.013417179230820642,0.03308955748696274,0.0,0.0
hog_0113,0.0,0.009099526033177652,0.00715629021899189,0.0,0.0034915463710945005
hog_0114,0.0031520698899425437,0.01749373873988369,0.01037446376636808,0.0,0.004889137240192909
hog_0115,0.0,0.004977383567278393,0.03803708372265824,0.0,0.0
hog_0116,0.014916555258682074,0.00045194001281712026,0.031258742337476386,0.014654097347196027,0.03171813289731329
hog_0117,0.01883516976159294,0.0019124257222524754,0.014458315217327655,0.0,0.02621872494648736
hog_0118,0.0,0.0,0.015494377097146517,0.0,0.0
hog_0119,0.020849986031923784,0.021385855515390073,0.0,0.0174982371155743,0.0
hog_0120,0.0,0.018043412644993317,0.033689290216922796,0.01686846655933305,0.022104008731207436
hog_0121,0.0,0.0,0.009087661565423844,0.002984701242539023,0.0
hog_0122,0.0,0.0,0.030042301596613585,0.008944397548217076,0.015567876995357333
hog_0123,0.0,0.0019879747547408844,0.014040970281054888,0.009943370563997078,0.0
hog_0124,0.0,0.0,0.04302534339269415,0.021826801966861265,0.025285755750650507
hog_0125,0.0,0.0,0.01675731839346639,0.0,0.012665573537782748
hog_0126,0.0,0.013771673358707215,0.016078023260708063,0.015189907706135264,0.01812348648688422
hog_0127,0.010784194928186386,0.0,0.00876811242456399,0.0,0.016691219086917508
hog_0128,0.00533392347345063,0.021339145292886164,0.011905229038170484,0.0,0.006780668328152384
hog_0129,0.0023548217220272782,0.0,0.024237926248756425,0.0030922358601770394,0.014854090077388138
hog_0130,0.0,0.0,0.018301337379525773,0.0,0.018649743594438384
hog_0131,0.0,0.0,0.03383655759282633,0.010994044602321784,0.0
hog_0132,0.008405945697258721,0.019902409395147203,0.013862198274046778,0.008591152355679421,0.010929427555036675
hog_0133,0.0,0.0,0.015684439725435206,0.0,0.0
hog_0134,0.01205505264941853,0.0,0.025347116216042798,0.0,0.0
hog_0135,0.0,0.0,0.0,0.0,0.0
hog_0136,0.0,0.003582339428287895,0.02560244835518599,0.01043610019786989,0.0005250747456990723
hog_0137,0.0014879120939572665,0.019812987918514713,0.01200285525070699,0.029545263112974673,0.019716315780606397
hog_0138,0.01697604403011388,0.01588417156388422,0.020617632605043346,0.012765724938209155,0.0
hog_0139,0.005607418399270259,0.0,0.036035333281484894,0.0,0.0
hog_0140,0.0,0.0,0.01253714886248991,0.0,0.0
hog_0141,0.0,0.013548801968508384,0.0011300851548130542,0.008614968428084513,0.0
hog_0142,0.00845540356315544,0.009535894437121328,0.023750263524790594,0.0,0.006418690276442263
hog_0143,0.01345367785830498,0.026635678659791218,0.024678101413825537,0.029016058550675128,0.0032335544796993076
hog_0144,0.0,0.0,0.02167112137708771,0.0,0.002123768773097945
hog_0145,0.0,0.0,0.009652185027248628,0.009603976429303662,0.004099195772868436
hog_0146,0.0046257762139640946,0.024284329193952514,0.00833318527311211,0.0012065823801306053,0.0
hog_0147,0.0,0.0054730787130521374,0.02690761700358646,0.0,0.0
hog_0148,0.0,0.025297050497508744,0.011192969556872434,0.0022350915939008953,0.0
hog_0149,0.0005667495584300575,0.02153897462269816,0.027652657294423566,0.009189744845014669,0.021625443907842046
hog_0150,0.005859491747318923,0.013806958993893614,0.02602020807557759,0.019070091638729192,0.011755545098729447
hog_0151,0.0,0.0,0.0,0.0,0.0
hog_0152,0.02032364532372921,0.006549103018462121,0.03833405776836618,0.008847731006186521,0.0
hog_0153,0.005892387607938865,0.0,0.011754632491323358,0.014472132370062951,0.0009394717134802999
hog_0154,0.01445261072107673,0.016235902606437147,0.04578299949014819,0.007515054686364042,0.014677621237336957
hog_0155,0.0,0.003937261370380973,0.02048374422097421,0.026338521553941563,0.0
hog_0156,0.018732846946041715,0.027604023403221323,0.03509319957818402,0.005934856664326027,0.00438887288619938
hog_0157,4.780297921569421e-05,0.02097774917021189,0.05401666742353339,0.009161109067968187,0.0
hog_0158,0.0,0.0,0.03230084113924403,0.013342034098696942,0.007439874099621768
hog_0159,0.0,0.0006406364849955715,0.006173946825402066,0.0032210979713762633,0.0
hog_0160,0.024604860505023307,0.03676088267956579,0.024788238872625934,0.061230378492978854,0.03217855921987911
hog_0161,0.0,0.0,0.006703252183862585,0.0,0.004088040742674659
hog_0162,0.02847145494751735,0.0,0.0062676238229928405,0.019870950332562476,0.00767827766326179
hog_0163,0.0,0.007543777621986658,0.03211578363174139,0.0,0.013522243090341668
hog_0164,0.004344880274585794,0.01613667121881912,0.008141310195622031,0.009643504900181732,0.007263609702776064
hog_0165,0.0,0.0,0.02130683743640671,0.0,0.0
hog_0166,0.017117284107914355,0.0033188041973020166,0.0,0.0,0.0
hog_0167,0.0002639385301725916,0.0,0.027843493485819604,0.028448113588829482,0.0003388404314925708
hog_0168,0.0,0.0,0.027683021517311834,0.0147175842996079,0.018949201679721472
hog_0169,0.0,0.004553628619494932,0.0020454579753019786,0.004536394982389114,0.0
hog_0170,0.016824029679563424,0.018855917080272677,0.012472620568147796,0.0,0.0
hog_0171,0.013148598877411821,0.018349746914024134,0.015287131373743712,0.002916212216453884,0.011582383594678669
hog_0172,0.0,0.00985757660936093,0.03832559406743341,0.0,0.0
hog_0173,0.02554076946942474,0.0,0.014153950648533753,0.025254150543237985,0.013500744071613724
hog_0174,0.012132847243363276,0.014424483633227903,0.05710711429082904,0.0025957213307052918,0.008037296727119614
hog_0175,0.011134892972555654,0.01311039203459008,0.0031924911429426217,0.006364154587335413,0.0205430666441222
hog_0176,0.0,0.0,0.0,0.0,0.0
hog_0177,0.0049155617085814285,0.0034503144983304423,0.007137267154040394,0.02086826738292591,0.005269404658931887
hog_0178,0.011506306398065824,2.0839707248976325e-05,0.025614861611248818,0.0,0.014921458736190996
hog_0179,0.0,0.0033023389865090014,0.015787002286560936,0.02959762851840564,0.0048007270217931275
hog_0180,0.0051898459215611314,0.01117026743989502,0.0,0.008790864417537625,0.007594104960993553
hog_0181,0.012621495499868907,0.016210947962089106,0.0487928374191291,0.0,0.006819968614578009
hog_0182,0.0,0.0007110946653539063,0.026221889589437053,0.0,0.0
hog_0183,0.0,0.0,0.01663522899744141,0.0,0.0
hog_0184,0.009992129850407094,0.023500619535340217,0.0003553467426415935,0.0,0.0
hog_0185,0.0,0.017344913475511925,0.017241246151125322,0.008884135297690943,0.00044601881152450673
hog_0186,0.000930800190337866,0.036066722420535546,0.008851926318527825,0.009124710269863057,0.0
hog_0187,0.0,0.003962263139736688,0.022923761668220743,0.04619964006357713,0.029002052219704533
hog_0188,0.0043311365778064825,0.01566489482346789,0.01705704470498226,0.0,0.0017619358205807067
hog_0189,0.0,0.006417978821451564,0.020279045407944007,0.014831884919561222,0.0032349060547116615
hog_0190,0.015134190773199663,0.015390644296978229,0.039333354213572536,0.0,0.0
hog_0191,0.014476148120900145,0.03056789186144382,0.03842719108736037,0.03975761963652502,0.03224635110589347
hog_0192,0.0003265746714589124,0.01718818189639415,0.032080033390502916,0.015546800873827982,0.0
hog_0193,0.027498326166345954,0.013089338748023538,0.036815077307821964,0.011228540736378134,0.0
hog_0194,0.024014475312484462,0.007956276319017741,0.04485095353645718,0.028209439213883636,0.0
hog_0195,0.0,0.0,0.0,0.003623610671633637,0.0
hog_0196,0.0,0.024805721900219346,0.023759815786837724,0.012777049873821777,0.002480891089168269
hog_0197,0.0,0.005432636948228264,0.009404641546442383,0.013753077484122578,0.0
hog_0198,0.0011421502844486398,0.0,0.02696621136821209,0.013356006305939694,0.02680448352608167
hog_0199,0.0,0.012411863769615783,0.017430409596944196,0.0,0.0
hog_0200,0.027408320233135886,0.0,0.04210270766167845,0.04713128084266516,0.05547547894930904
hog_0201,0.009437860721426494,0.0008568792167524819,0.039112832097077055,0.030022799552958723,0.0026110507433563246
hog_0202,0.0033591337224072593,0.01015981394956511,0.0,0.009656130886657621,0.002943623676375573
hog_0203,0.006669581226000698,0.0021888211382716793,0.014552544545821444,0.008708928652034098,0.0
hog_0204,0.01050200376378041,0.0,0.04076304462580671,0.0,0.0
hog_0205,0.0,0.021939712880061135,0.05169068680852207,0.00021612548012739374,0.0
hog_0206,0.023483528230854978,0.016694010378719204,0.026278994320522164,0.0026142349278690524,0.020277086709024505
hog_0207,0.00223200032242743,0.03149648353065837,0.02069581550053501,0.00769407710658232,0.005913549700398146
hog_0208,0.011846891004807514,0.0,0.03122311100412789,0.009892856239447578,0.0
hog_0209,0.016818797453867385,0.026783708442799536,0.028400178165887136,0.0064174877266578445,0.013957038379101228
hog_0210,0.0,0.0,0.03550518414355697,0.0,0.0
hog_0211,0.0,0.0,0.0,0.002807398751029533,0.003849867457626388
hog_0212,0.0,0.022111807193955224,0.01395155456772379,0.0,0.0
hog_0213,0.02609936105874122,0.0,0.0,0.01411803751702534,0.008560815628914309
hog_0214,0.0,0.0,0.03590534409635571,0.0,0.00576416109343425
hog_0215,0.01830030320716225,0.02014057204074171,0.031049491080845648,0.012260460205797852,0.0
hog_0216,0.0,0.00125503412342165,0.0,0.01436656357371846,0.0
hog_0217,0.009611152224522801,0.01772975622380013,0.03554090576105984,0.012969929308124017,0.0
hog_0218,0.009600690567817427,0.0,0.03313821617415269,0.02084220465710418,0.0
hog_0219,0.0013615937198707684,0.00011728794103249562,0.03139279247110571,0.004293188414858262,0.0
hog_0220,0.0009913810951940327,0.009891534488657872,0.023234428882490832,0.0,0.0
hog_0221,0.0,0.0006920623583750452,0.024802717566201116,0.013331127162618639,0.0
hog_0222,0.004451230652732674,0.007069672843128538,0.01726071595541101,0.02755111010043243,0.0
hog_0223,0.0,0.008886626856621893,0.03366994884309671,0.0,0.0
hog_0224,0.0038296123229997203,0.013195650040534135,0.018496137425863868,0.0,0.0
hog_0225,0.0,0.001229985316480109,0.02575928643623482,0.0,0.0
hog_0226,0.0,0.010133600482949312,0.04271004151646851,0.005566730101346673,0.0
hog_0227,0.012995720636954866,0.03514464323507016,0.0302277926872494,0.02996826978573952,0.026170835452694385
hog_0228,0.0012524890348732942,0.0032925655933457865,0.03775643230062742,0.0,0.012912376766189615
hog_0229,0.0,0.015067226851850135,0.024319042471976138,0.0,0.009719651832393206
hog_0230,0.0,0.0003688765419065376,0.05089899691895683,0.0,0.0
hog_0231,0.013266030921846417,0.021802932405694975,0.0,0.009516800241812229,0.005545057606591186
hog_0232,0.0,0.0036498379802789582,0.021307735001497186,0.0,0.0009883944347892637
hog_0233,0.014451969366050088,0.02498640021298093,0.02650038062495308,0.0,0.008162364785105902
hog_0234,0.0007639535128556307,0.0012947335159378959,0.0,0.014946388233769037,0.0
hog_0235,0.0,0.0,0.007788556297711358,0.0,0.0
hog_0236,0.02159003022850703,0.0,0.0,0.0,0.0
hog_0237,0.0,0.003541956395243906,0.03941915310129218,0.023924841629757276,0.0
hog_0238,0.0,0.0,0.0,0.0,0.0
hog_0239,0.0,0.025506410591841222,0.03349926200392117,0.010052159106864744,0.013513768182313202
hog_0240,0.014157860229787156,0.022036310779587787,0.03937582715790788,0.023373025874271036,0.0
hog_0241,0.011484347585403398,0.0018843960809085125,0.02966065558655928,0.005661613591333214,0.0
hog_0242,0.0066425330186672404,0.014041100473038526,0.0140084447992328,0.012853742079797614,0.011082787704457697
hog_0243,0.0,0.021322912090459223,0.020001998093756024,0.0,0.0
hog_0244,0.00992768660516008,0.04578011928860648,0.03984205029143828,0.01978141198686001,0.00793640344148372
hog_0245,0.01198811492782026,0.0,0.01287585529494617,0.01742571868972731,0.0
hog_0246,0.0,0.0,0.02568794418015674,0.02099227031037576,0.01793159329604177
hog_0247,0.010638726192906622,0.0,0.04107752541194909,0.02657164408617141,0.037244770290554285
hog_0248,0.03999493596994119,0.02556882089978707,0.030393301170164255,0.0069409433210168014,0.022845730643871187
hog_0249,0.0,0.013654619632389009,0.0004458912774865098,0.0,0.0
hog_0250,0.0,0.009516947426038591,0.03683035961455294,0.0,0.0
hog_0251,0.007426614279376631,0.0,0.012884154977995887,0.0,0.0
hog_0252,0.011426564803231232,0.0388777322449656,0.043285482048972534,0.007082184315482021,0.0
hog_0253,0.002746206131268858,0.0,0.04946720370995572,0.0,0.005358628431191059
hog_0254,0.00018715135137026273,0.01645577676135379,0.024867624413954514,0.011874200699541815,0.025642941092735905
hog_0255,0.009863572308508983,0.022034574887862757,0.03971363474944667,0.0,0.009107529579646112
hog_0256,0.0,0.025746117707204697,0.0007606314526797942,0.0,0.0
hog_0257,0.0,0.012116810544823053,0.051725039967039255,0.018569095913545386,0.019541573097985765
hog_0258,0.00536732188526301,0.004324267207097998,0.021647374883029258,0.015558258637524913,0.0
hog_0259,0.0037523750615451323,0.02828761647914635,0.04286129492994628,0.0,0.015586169986858023
hog_0260,0.0,0.011858793578788829,0.006798716245346448,0.0,0.0071793533166553125
hog_0261,0.01425589620070844,0.024099970818915795,0.002455939694213205,0.02244611078718739,0.01796193424943926
hog_0262,0.0,0.013204599060118838,0.04744828989596361,0.006744948869590983,0.019437746237987774
hog_0263,0.0,0.0,0.006006493074073305,0.011885670797947778,0.0
hog_0264,0.0,0.025406548979209465,0.05532835308735917,0.007388844367553604,0.015060916436014038
hog_0265,0.0,0.0,0.010558188441675664,0.0,0.0
hog_0266,0.0,0.0,0.027396554447651766,0.0,0.028374820339190032
hog_0267,0.0,0.031264753556066394,0.02056518535926255,0.0,0.0
hog_0268,0.0,0.013697671672552536,0.028374083061653455,0.0096433821629196,0.0
hog_0269,0.0,0.016258473873447254,0.0,0.0,0.0
hog_0270,0.0,0.0,0.010838642717147406,0.013927450719952272,0.0
hog_0271,0.006831914569655817,0.00819205846158888,0.03264090022599997,0.0014000437052814618,0.003804205671411376
hog_0272,0.005804954688966912,0.01684134141731808,0.020602085092169542,0.0,0.0
hog_0273,0.0024184485713687476,0.0,0.0,0.019532262429017955,0.0
hog_0274,0.01261572773070152,0.012081110693326957,0.01821674851488919,0.0,0.0
hog_0275,0.011157986031349543,0.017053622517342326,0.05145781581364739,0.011992891620733026,0.00563842056366215
hog_0276,0.003994118558416249,0.0,0.00892249039078541,0.0,0.0
hog_0277,0.006897963352222591,0.0,0.03585557662521799,0.015110048613422133,0.02340267144175212
hog_0278,0.0,0.0,0.010983446705175925,0.002128107075151542,0.0
hog_0279,0.0,0.019025369676057613,0.033990774417729686,0.0,0.0
hog_0280,0.004104961973349308,0.008538509212174805,0.03801881455738387,0.008708847670985342,0.0008407695685319627
hog_0281,0.0028211797050747833,0.0,0.01898030249877558,0.0031379566006262127,0.0
hog_0282,0.014193616243332485,0.0,0.028709726040934358,0.02277071962707633,0.0
hog_0283,0.0,0.03118578578014497,0.047955998730525584,0.02511511625359275,0.006695363100522211
hog_0284,0.0,0.008119744678389385,0.02407053942883408,0.0,0.0161315177225807
hog_0285,0.006233650497127208,0.019149004721567442,0.02297790239369002,0.0,0.0
hog_0286,0.0,0.0011191962264298638,0.035216304110958774,0.007923249931198306,0.0
hog_0287,0.0,0.0005895380298792663,0.04166190573447559,0.005825275938556196,0.0
hog_0288,0.014570077943980131,0.03200755807343825,0.007020240628517804,0.03827391985830686,0.0
hog_0289,0.0,0.0024207329932959265,0.019836890982070976,0.0005763522677508792,0.0026844821409734987
hog_0290,0.010225783116492027,0.01911672866475178,0.003949809225524792,0.021062701658138838,0.0
hog_0291,0.0,0.008503565183803241,0.036570232066080344,0.019106276747510975,0.019622564410594734
hog_0292,0.027324823198725312,0.015755500539591738,0.017617229205417084,0.0441688374115754,0.009896861502913357
hog_0293,0.0,0.006525100575349052,0.01539343724568143,0.016328203070947955,0.0
hog_0294,0.008590195790529886,0.010828642194272042,0.022503337368317666,0.012569432444398787,0.005606619711496785
hog_0295,0.004734027847951072,0.005421456935445157,0.04753464425296006,0.0,0.012388552143100418
hog_0296,0.0,0.0011146598775839678,0.05192404286708907,0.0,0.004805752579740474
hog_0297,0.008142243813456407,0.03501942589238127,0.009081267729212028,0.033803288476843996,0.02326205860079944
hog_0298,0.0,0.0,0.03412108215379894,0.0,0.0
hog_0299,0.0,0.03458826518145641,0.02788885880177161,0.0,0.011369485134012258
hog_0300,0.028490634312153595,0.0016898902674495897,0.02614592227346013,0.010257387633528792,0.010278176888686152
hog_0301,0.0,0.008789028271780186,0.0,0.0,0.0011651785424946492
hog_0302,0.0,0.011265015346064944,0.02369168501999175,0.0,0.0
hog_0303,0.030429935037044276,0.034912725914406195,0.022863299320219133,0.04473814336822368,0.023140049274586794
hog_0304,0.00952990234576867,0.013621465417906098,0.030068183075647514,0.025140746717255524,0.0
hog_0305,0.020463884038679048,0.010550550207416354,0.0,0.029696263635561326,0.0017162935834991178
hog_0306,0.0,0.02966884716658158,0.04078920667587482,0.02159134463830359,0.020196963094893716
hog_0307,0.0,0.006746984346339913,0.012282527725757664,0.02870164046117818,0.0
hog_0308,0.012249469814824776,0.0062970773830333115,0.0,0.011324061078609171,0.0
hog_0309,0.009140016569197051,0.0,0.014511576612625365,0.0013856546262847047,0.003967415113113493
hog_0310,0.0,0.0,0.0,0.009593768111066492,0.0
hog_0311,0.0,0.0,0.017832693340562367,0.0,0.006205772358692352
hog_0312,0.01244320193593973,0.0,0.0035905737289398942,0.010122088724215494,0.02876229762951721
hog_0313,0.0,0.0,0.043663802394115825,0.010636192764033936,0.014663108308806905
hog_0314,0.004048525354412913,0.01199072984401739,0.01038962231124363,0.0,0.0
hog_0315,0.0,0.01074603327407786,0.007763123302502395,0.0,0.0
hog_0316,0.0,0.012493352678054626,0.021981953897741713,0.013396866745164937,0.020027397321046303
hog_0317,0.000267330111163977,0.028699361454863404,0.02704370867878536,0.019933566652400536,0.025723650824181155
hog_0318,0.0,0.0,0.015492126568621645,0.0,0.0
hog_0319,0.023550871456023525,0.038410378414401425,0.017982577835361058,0.028230475960995705,0.0
hog_0320,0.0004077953536651968,0.01490110072313855,0.01962748959254257,0.03215487176826981,0.004361937869768795
hog_0321,0.016903493171959383,0.022421982254655415,0.003913089218956278,0.035874752817962374,0.0
hog_0322,0.0,0.0,0.01739761054885136,0.011581513019635947,0.0
hog_0323,0.00383352292447503,0.02801329207864023,0.01320075218797534,0.006519412694135696,0.009863508199470683
hog_0324,0.013547926643882269,0.024815744760577907,0.006110807254812611,0.0028551307191373443,0.001218942564358949
hog_0325,0.0,0.001805122767792211,0.02959193679793759,0.026268897297356153,0.0
hog_0326,0.0,0.033876125934225065,0.012068759545347252,0.0012391252977699274,0.02342999246631594
hog_0327,0.0,0.0,0.026110036854592344,0.0,0.010724200869373979
hog_0328,0.0,0.0,0.00831945081835972,0.0,0.008818677442054446
hog_0329,0.0,0.0,0.01232821704358078,0.0,0.0
hog_0330,0.0,0.006306435549836786,0.006609422141924393,0.02500074933841212,0.022333349957791127
hog_0331,0.0,0.044496984895571856,0.02405457325112037,0.03327668416793217,0.0047092341501073776
hog_0332,0.02452624157201866,0.02859513464611596,0.003396811963866986,0.030198162112256677,0.012365599634591273
hog_0333,0.0027846869956427156,0.015577622953764081,0.026011510286147788,0.013305679050144681,0.005675411977360323
hog_0334,0.017514768945103842,0.0,0.024551145961405396,0.008600256740440404,0.0
hog_0335,0.0,0.005062114157005526,0.0025823492899188505,0.012434560566866093,0.0
hog_0336,0.005000537588732534,0.0,0.024490661071108866,0.004963069731542813,0.0031226464072628968
hog_0337,0.006770294163871204,0.0,0.01762434950728431,0.0,0.008194569771596827
hog_0338,0.006926279257777779,0.008600239761037853,0.044892265037596024,0.018851254866963707,0.011734622229060188
hog_0339,0.018089760656808673,0.0,0.0045078378672966934,0.013633289631763912,0.0036159341215327157
hog_0340,0.03461516641934703,0.02341837374540101,0.02443658333493537,0.01438176303468297,0.02506415347260882
hog_0341,0.0036181640344767896,0.0,0.028666034673347163,0.013718601154484977,0.009901987878699892
hog_0342,0.008581807417237908,0.0,0.008897415257523855,0.0,0.0
hog_0343,0.023399385400001416,0.0,0.02173939256781643,0.01921670327534808,0.023236702829887212
hog_0344,0.0,0.0,0.038236226842810916,0.011315080033271085,0.024157089122516018
hog_0345,0.0,0.0024833634504903834,0.02781956551504816,0.009282164065080645,0.030507666139453438
hog_0346,0.0,0.002220385999571084,0.0070858866076493054,0.0,0.004591503690852372
hog_0347,0.014649652387393797,0.0,0.029382317034193584,0.005566514688841284,0.0
hog_0348,0.0,0.002418554528669903,0.015865949968719262,0.0,0.0
hog_0349,0.0064111392711301285,0.0147724174024908,0.02725143534596053,0.011532066119203543,0.0
hog_0350,0.0043404389047365655,0.0062585528869261164,0.0,0.035753537579521044,0.0
hog_0351,0.0,0.0,0.004530277107017033,0.019583595443054325,0.0
hog_0352,0.0,0.020743945183643753,0.01891345581469661,0.001780390129428433,0.0
hog_0353,0.02858632900488778,0.005603539425999227,0.018265392865280505,0.009695729852147172,0.009929038180172434
hog_0354,0.0,0.0,0.0339124086454301,0.0,0.006207932896567181
hog_0355,0.0,0.02255523704258433,0.010143063076721637,0.0,0.007243846387837927
hog_0356,0.0,0.0104363791876243,0.020033938332135293,0.0,0.012160738552629224
hog_0357,0.0005188662588400117,0.01509607563909543,0.005693119837249405,0.0,0.0
hog_0358,0.00113520392152755,0.004473004504953915,0.04301842572004522,0.019290240848885754,0.014216025993945891
hog_0359,0.0,0.02522231445507317,0.022879145998065953,0.025099149348182914,0.0
hog_0360,0.0001034203602006123,0.025964890059263057,0.03588150485034558,0.0,0.013215022664292642
hog_0361,0.0,0.020307802613040327,0.023276513940504895,0.0,0.0
hog_0362,0.0,0.013521633216438733,0.025084674773848015,0.033604924093211475,0.026394809147650466
hog_0363,0.0,0.0036035552626465517,0.03537664421774145,0.00998113749186369,0.01778193676967832
hog_0364,0.009864192403805427,0.004169823468600509,0.013395588537894021,0.0,0.023596519522942838
hog_0365,0.0,0.0,0.022140322334024853,0.0,0.0
hog_0366,0.0,0.030490501863008834,0.02289749526917917,0.0040713098370257494,0.0029158214370588187
hog_0367,0.01434399661692698,0.005378202985955038,0.024636980943524955,0.016028186682813583,0.0
hog_0368,0.0,0.004209484187246648,0.036213270515757845,0.0,0.021689233735667335
hog_0369,0.02199915680163045,0.042426261213662775,0.01873652515560953,0.048792744002090105,0.03203392546311279
hog_0370,0.007229564669905875,0.03556318293655991,0.015855401672553837,0.008513493245174253,0.006639610229505211
hog_0371,0.022282526081696785,0.00763756972798979,0.020501733963858237,0.0,0.00594530489956413
hog_0372,0.0033784050335572413,0.0015286015386712926,0.030507013600342914,0.02727706668276486,0.0
hog_0373,0.0,0.0,0.0,0.02607039434385028,0.0075797526763441425
hog_0374,0.0,0.0,0.02216591649169608,0.0,0.0
hog_0375,0.0,0.03487823568137283,0.019556687950928797,0.028358974428338124,0.015027740413335211
hog_0376,0.0,0.019348267448680234,0.04879779968842546,0.005683154730638851,0.0
hog_0377,0.0,0.0007991048840101378,0.0,0.0,9.647004679713689e-05
hog_0378,0.0,0.021565250672022307,0.01691024384518136,0.0,0.0028374888564803857
hog_0379,0.0,0.021247540925553476,0.014537509014524996,0.006596957916770174,0.0
hog_0380,0.0,0.03697185290221494,0.02204902922652363,0.013374464101583827,0.0121006822602987
hog_0381,0.018069658720346604,0.004322593533549135,0.009478274015930932,0.0,0.0
hog_0382,0.020906168469934094,0.005640279861345965,0.03809772237916054,0.03679272798807931,0.0
hog_0383,0.014066523739664438,0.007970031403157884,0.029853749387405815,0.0,0.016281371090548058
hog_0384,0.0,0.007677356257403289,0.015372785163138003,0.0,0.0
hog_0385,0.00600988070074715,0.02265698728098675,0.03252623765866791,0.00892149969443734,0.012528873496000292
hog_0386,0.0,0.0,0.03074190885082939,0.0,0.008971658782425118
hog_0387,0.0,0.010610958955429073,0.01969708438466844,0.022181320503358304,0.0
hog_0388,0.0,0.0,0.03664611395028783,0.0,0.0
hog_0389,0.028536763698716383,0.012924942199061373,0.02554914746387138,0.005201787235781685,0.026706181204447565
hog_0390,0.0,0.0,0.02256816478816681,0.0,0.0
hog_0391,0.0009762813781508672,0.023564274947250885,0.0209678761213421,0.01142295074105637,0.00666439039215283
hog_0392,0.0,0.010912348991615195,0.025112439960310207,0.009807767264279343,0.0
hog_0393,0.008985547147395856,0.0,0.004197524671458952,0.0,0.0
hog_0394,0.01163328815399356,0.012780152060732464,0.033690601575159906,0.01177520389464859,0.0
hog_0395,0.016369854818599316,0.0,0.04222441003582622,0.032174417833536806,0.0
hog_0396,0.0,0.0058131456302008555,0.02462940849438211,0.0,0.0
hog_0397,0.0,0.0,0.01932251623833836,0.0,0.0
hog_0398,0.0,0.009952574546933768,0.011587546569117091,0.0,0.0
hog_0399,0.0,0.0,0.014788069423788963,0.0,0.030991290546107164
hog_0400,0.023780050030133948,0.005390320063447307,0.0037090273714985855,0.0,0.0015560148741133872
hog_0401,0.0,0.0,0.0,0.0,0.0
hog_0402,0.021895773082175163,0.02650597163880941,0.012180990607413733,0.01124596164168068,0.010758410211619163
hog_0403,0.0,0.0,0.05414240694532402,0.028710868311930593,0.022760861250309627
hog_0404,0.0,0.0,0.025440177590236646,0.002395540806864105,0.0
hog_0405,0.009979102203450774,0.01720405198814312,0.02557898223413435,0.030407165838578498,0.023052374052983104
hog_0406,0.007494064919306487,0.002776588150504189,0.05538111770539422,0.03508929890911139,0.03393136297832888
hog_0407,0.0017146997058550273,0.021969651574653026,0.012354083848666875,0.008484190960674987,0.009790835244569474
hog_0408,0.0,0.01570953707844991,0.01603288117251256,0.0005204488731909152,0.0
hog_0409,0.0,0.0,0.014207006506197661,0.0,0.0
hog_0410,0.007961942411212286,0.009484800830753093,0.02431426123517011,0.0,0.0
hog_0411,0.0,0.0,0.012356895268750723,0.023812946962169956,0.0
hog_0412,0.0,0.0,0.025591460495590024,0.0,0.0
hog_0413,0.0059950377880575445,0.0,0.002628480865171756,0.0,0.005292316650068685
hog_0414,0.0,0.014002030476719662,0.02966970371549471,0.0017521738492971561,0.005901318627899332
hog_0415,0.0022563855672625976,0.0,0.017371966914357717,0.0,0.006296832092609117
hog_0416,0.0,0.0,0.021185417869678425,0.0,0.0
hog_0417,0.0,0.0035665870225534135,0.036613068569711915,0.029405401496477968,0.01691373031337462
hog_0418,0.0,0.014527522801200066,0.01590647238858156,0.0,0.005167827679072534
hog_0419,0.0,0.01376412111071934,0.010753736335877617,0.013672329406152484,0.00186893456873638
hog_0420,0.010663939439627068,0.03214561225612833,0.01675879302791561,0.01595912380125064,0.0024381424191872725
hog_0421,0.009490376774468068,0.007918314674569826,0.03698898491328695,0.005334989022047765,0.004381706078302017
hog_0422,0.012266331343358416,0.007544970521655259,0.007838895542636504,0.03263514699152692,0.0
hog_0423,0.028266493412081317,0.03640839306601951,0.04710030382436248,0.02419607663814549,0.010184525726481652
hog_0424,0.02272585037824504,0.025547865221938748,0.004994337974332463,0.014973910732923201,0.011375921785013121
hog_0425,0.0044536133074259965,0.026304729938749327,0.01925804876091064,0.012421412023649214,0.021000617525780196
hog_0426,0.01345593130921885,0.004338330524732648,0.01286178249748815,0.0003777970106277895,0.0
hog_0427,0.0,0.0007017803373960962,0.029781365911964564,0.0036635601987089483,0.0
hog_0428,0.0008330721422422638,0.014648653245251442,0.023421257313562593,0.0,0.03134592661386759
hog_0429,0.01687807996180357,0.015805482527080583,0.027991009748336015,0.005778391198124844,0.025126338000910575
hog_0430,0.0,0.03527395065902739,0.02887922015897204,0.0,0.0
hog_0431,0.0,0.010931617970829866,0.0028886765081144183,0.0,0.00035875479292468704
hog_0432,0.0035627469812919976,0.023500952887197446,0.010726533280071227,0.02930257608350928,0.0
hog_0433,0.012499465025152867,0.0,0.012866938577265508,0.0,0.0
hog_0434,0.0,0.026833235867866234,0.031033549570793406,0.004578236495095256,0.0
hog_0435,0.0,0.024881796235608933,0.0,0.0,0.006012182976552483
hog_0436,0.016942391889954944,0.034315141635478996,0.007424335599072629,0.0,0.005089464913741626
hog_0437,0.0,0.00556024688451684,0.045792628099178945,0.0,0.003506360426087207
hog_0438,0.0,0.021791889016894217,4.655822063859283e-05,0.0009047739127086007,0.0
hog_0439,0.0,0.0,0.0,0.0,0.015064564583562978
hog_0440,0.00778299401075655,0.025650769824415276,0.01073543627845619,0.012571997354395625,0.012772044355775058
hog_0441,0.0,0.01704608706849231,0.0,0.0002870169823547819,0.02389513459834336
hog_0442,0.0,0.011466123366811187,0.022359114542241043,0.030534460783363082,0.005681427514632853
hog_0443,0.008275334740754703,0.018180808002320248,0.0,0.0,0.0
hog_0444,0.01796694448488534,0.007107470742008459,0.041671711302973424,0.012221738914312441,0.016233916337729415
hog_0445,0.018573182026522028,0.011457485898359376,0.028451219717551046,0.016366620934719522,0.0026345866000065943
hog_0446,0.01761678941703071,0.0,0.009950753324793782,0.0,0.0
hog_0447,0.023289557504452496,0.02655551791879862,0.01357416437336223,0.010872602463126269,0.03724396531652818
hog_0448,0.014343302501868438,0.0,0.009505531510604959,0.0,0.0
hog_0449,0.0,0.0,0.009991897458499377,0.01905942440103292,0.0012668163175899583
hog_0450,0.0,0.015303029141880309,0.009365036029655771,0.0,0.0
hog_0451,0.02166589310570921,0.005074909412053685,0.010087027544286364,0.011130139905827896,0.0
hog_0452,0.011814468488659635,0.009474698883264798,0.004224755926693025,0.0,0.0
hog_0453,0.01218575600885119,0.03965286841739557,0.03488695161884059,0.04779752349679334,0.0328413466058739
hog_0454,0.00801329023763886,0.015587484805877017,0.031679487815615026,0.009351389564598023,0.01654236620368943
hog_0455,0.009915401898153764,0.0,0.03132190316416139,0.0,0.0
hog_0456,0.005411989351791879,0.008427183232420976,0.04084695704516306,0.004312010487148132,0.002375350694105771
hog_0457,0.002334808218834583,0.000979510398718908,0.028764984076289357,0.005160728511867552,0.0
hog_0458,0.023803957903306472,0.0,0.0007945682628496264,0.0,0.009177998545204291
hog_0459,0.008257136683559985,0.01838138943353229,0.028674325773972775,0.022611919354664112,0.0029481495251766354
hog_0460,0.0,0.004365432274523684,0.024732146904952623,0.0,0.0
hog_0461,0.0,0.01342638102756788,0.0049200912650659845,0.0,0.0
hog_0462,0.0,0.0,0.012357752148643986,0.01841786596653172,0.01032180637428004
hog_0463,0.0,0.019229254609217428,0.012099268470945335,0.0,0.0
hog_0464,0.006738820440978843,0.0,0.014569107295169914,0.008878383361135445,0.0
hog_0465,0.0,0.0,0.0063743827741242765,0.007834834611690544,0.0
hog_0466,0.03041081023508707,0.009691589800931322,0.010648701777527636,0.03478168516845481,0.019962115222178056
hog_0467,0.010225725546844089,0.002500838899294644,0.02636532578906814,0.007717909774847431,0.0
hog_0468,0.00659045009455661,0.024362149803548228,0.0265059888905268,0.007837368562380487,0.026238975762431505
hog_0469,0.0,0.0,0.0013627418527222268,0.0,0.00877164054669266
hog_0470,0.0009072019736005021,0.004594130362610249,0.019783698794418214,0.0,0.0
hog_0471,0.0,0.006152102945122584,0.02897433890459067,0.0,0.0008610129514330378
hog_0472,0.016575165473103004,0.006738553307840567,0.006323899664976151,0.0,0.006112195392879771
hog_0473,0.026553758945518258,0.023932769334638948,0.025992255720439728,0.008720669508050172,0.011350810997690974
hog_0474,0.0,0.00586843741474663,0.027212251997642767,0.032752414655348394,0.0188873244375658
hog_0475,0.004712934839069094,0.02660155211234816,0.024717535075832853,0.0,0.0
hog_0476,0.03083284754774218,0.026263653465680825,0.03116649034804153,0.002896156262836902,0.0013941500844913968
hog_0477,0.005826654821756039,0.0,0.014150354500436224,0.006299394252609947,0.03333631542673543
hog_0478,0.00019943494610497048,0.00018466201064559762,0.003008361493352485,0.01829439554106549,0.013200845737694422
hog_0479,0.0,0.00386100940903944,0.0049361528451403736,0.004094802024722455,0.004269500545188487
hog_0480,0.0,0.0,0.022416658941146306,0.0029460588724818937,0.0
hog_0481,0.02778768290841338,0.024805281363926346,0.026459331042011147,0.021188163115111625,0.009134681339472817
hog_0482,0.0,0.0012384133863647673,0.006154847737631641,0.0,0.0
hog_0483,0.0,0.00877143150865467,0.015217253075641146,0.0,0.016685473708929477
hog_0484,0.03630719798138893,0.036813385469726345,0.02962718712675283,0.020163671917577286,0.033493281986669565
hog_0485,0.0,0.0,0.017714587116346214,0.03389262383296532,0.0
hog_0486,0.008077994149506829,0.02074345857185489,0.02966369694215598,0.012872308310424296,0.00851370720681266
hog_0487,0.0,0.0,0.0017653647967128538,0.0,0.0043459180585805335
hog_0488,0.01082101547394232,0.004870058513130715,0.02339246807887707,0.0031293401387673114,0.011929123907936656
hog_0489,0.00017053155782642548,0.029097570540669082,0.0348637259699589,0.030782302582025745,4.172311428596309e-05
hog_0490,0.0,0.007406769020699144,0.03713006743097225,0.0,0.0
hog_0491,0.012111652703254538,0.02099081237917866,0.008832376087995364,0.002183919955143443,0.004134616098985688
hog_0492,0.004608359355029457,0.00829082880546661,0.014874993689415694,0.01745315432429906,0.013359083021995621
hog_0493,0.0,0.003972114219323197,0.00809463489074469,0.0,0.033866936839053396
hog_0494,0.0,0.0,0.0,0.0,0.0
hog_0495,0.017645848354538973,0.014940125350287659,0.03684410491900403,0.004538821268815996,0.010122169885528942
hog_0496,0.0,0.0,0.0,0.0,0.0
hog_0497,0.0,0.004673312783953332,0.004564939379230193,0.028418869101346056,0.005835226213599665
hog_0498,0.010074448325582575,0.0,0.0,0.0,0.0016553521760507284
hog_0499,0.005377124558018753,0.027710545784394247,0.029815888136232926,0.039902900121741025,0.02157053000417486
hog_0500,0.0109503915787581,0.0039393836882997135,0.006094993785362712,0.0,0.0
hog_0501,0.006887220219243817,0.012472366450889227,0.032953543808656116,0.0,0.006711070723897983
hog_0502,0.0,0.0,0.023579170255607185,0.00804582095097306,0.0
hog_0503,0.015760939049494604,0.0,0.03572709870770918,0.014567422836421207,0.0
hog_0504,0.007616923906018647,0.02565970852692101,0.015372627056803978,0.01831786969348559,0.004919632994959899
hog_0505,0.0,0.020696825700192267,0.0,0.0,0.0
hog_0506,0.0,0.0009066647003546091,0.0,0.001478020462479357,0.001091832571177509
hog_0507,0.015932923927361786,0.005961774045497359,0.014418594273588825,0.021266256415368723,0.013466868249784714
hog_0508,0.0,5.557344340068049e-05,0.0,0.0,0.0
hog_0509,0.0,0.005928360787742726,0.0,0.0,0.0059002986977827465
hog_0510,0.0,0.0,0.0,0.0,0.0061291906816711705
hog_0511,0.026409806690193882,0.006851756495354078,0.0,0.0,0.01393789157584302
hog_0512,0.0,0.01575060959720087,0.0,0.0,0.0
hog_0513,0.0,0.023217963491432903,0.013417040024266802,0.036308825691269364,0.006132831603289368
hog_0514,0.005630855839054094,0.0051502257227886705,0.005441474903066679,0.01704112216003484,0.01617145399848119
hog_0515,0.0,0.002693756246886281,0.0009504361770167336,0.0012932305645854125,0.0
hog_0516,0.0018970032508160983,0.004703292943266435,0.011808411797334939,0.027432495419711822,0.0
hog_0517,0.0006061823624374796,0.0,0.006793454681191857,0.0,0.0
hog_0518,0.02452441566683161,0.0,0.0,0.0,0.0
hog_0519,0.0,0.0,0.0,0.027477027466580095,0.0006493613664952935
hog_0520,0.0,0.0,0.013036188601529775,0.013554850757534265,0.002816930297975251
hog_0521,0.0009730731455570574,0.005163873756532933,0.016967609363307767,0.028149085653523143,0.02506752091346942
hog_0522,0.00962504786778573,0.0,0.009436966278568049,0.0,0.013347140050874229
hog_0523,0.003787761302288528,0.0,0.004859613979072641,0.004039868793242141,0.0
hog_0524,0.01713490486542457,0.03749644065106761,0.02114162727512814,0.009522813155657506,0.014725922206449082
hog_0525,0.005696703054980157,0.0,0.012552748066224861,0.0,0.0
hog_0526,0.0,0.0,0.0,0.0,0.005567203066112025
hog_0527,0.0,0.018424029654556362,0.0049954920674259995,0.011712366094671633,0.0
hog_0528,0.0,0.0,0.0,0.0,0.0
hog_0529,0.02867536465365239,0.01964120101733524,0.0452171945649813,0.0,0.010872060931230942
hog_0530,0.010089239536816175,0.001238891771912165,0.03159380238504239,0.0,0.009053087890336098
hog_0531,0.017163046876891297,0.003081339256718829,0.010915893200627247,0.0039468032844658385,0.017958541521657656
hog_0532,0.0,0.0,0.0,0.011552315373931865,0.0
hog_0533,0.0,0.0,0.0006018259087776645,0.0,0.0
hog_0534,0.0,0.0,0.008798916694345849,0.0,0.0
hog_0535,0.0,0.02478684008243137,0.009093320592775456,0.0,0.0
hog_0536,0.0,0.01941536432572777,0.020882107241344983,0.026993324942601538,0.0
hog_0537,0.0,0.0,0.025766007238130495,0.0003778099091438225,0.0
hog_0538,0.011833942279279919,0.020457592113400924,0.02010740705389913,0.0007656763756604956,0.008696219659407589
hog_0539,0.0054290342158827,0.0,0.010609308685810559,0.0,0.021155337557732246
hog_0540,0.018916984028675143,0.03657043723688136,0.027344353519594966,0.019639157804945517,0.007253355873450218
hog_0541,0.0,0.01829885536695386,0.002009759312785908,0.0,0.0
hog_0542,0.0,0.004923648587210838,0.007340499398508449,0.025860948355096447,0.0018361808641076394
hog_0543,0.035845377875018514,0.01655621571202448,0.04317454699435963,0.013472391510953807,0.019711112596707547
hog_0544,0.01681078734883168,0.02577147079715858,0.024946441139546582,0.0,0.0
hog_0545,0.002903142448919427,0.007985158647007218,0.006092145725515419,0.0,0.005924396259301634
hog_0546,0.0,0.018842043577552925,0.0,0.0,0.006776569879332284
hog_0547,0.020952020289682904,0.0,0.0,0.01665337051964344,0.0
hog_0548,0.005337777141957822,0.0,0.019582824009772182,0.00217078452906172,0.0
hog_0549,0.0,0.0034061639709870306,0.0,0.0,0.0
hog_0550,0.0,0.004386319490132351,0.020549397449048712,0.0,0.0031642578216422024
hog_0551,0.003873630478507639,0.03640675689003414,0.015749827524464965,0.02314329270482607,0.005827190127431603
hog_0552,0.0,0.001184937174385725,0.054231646424227176,0.014085735666812704,0.0006086945852752379
hog_0553,0.0007416062143792423,0.0,0.009833357571098933,0.0,0.0
hog_0554,0.0200529451339182,0.0037617677701375918,0.02974861074987656,0.03626508323339195,0.015359335954876485
hog_0555,0.025189452188893346,0.025135386346356148,0.027394652558208055,0.014792836574177404,0.020473608208066985
hog_0556,0.018700239332544832,0.004630890293395362,0.027773216352606767,0.016261827050382704,0.036826581506943734
hog_0557,0.0,0.0,0.031904465382863956,0.0004719959664338802,0.0
hog_0558,0.02382712669879683,0.018344868109402057,0.007232704414746216,0.020342705893914736,0.0
hog_0559,0.008541506331768867,0.012952268489656138,0.03004683366129579,0.011995562082810496,0.0
hog_0560,0.0,0.03310002330376438,0.013693129354459765,0.029154226672174488,0.029120122121263137
hog_0561,0.017467671149615782,0.0,0.03023793278988096,0.0,0.020577240424356713
hog_0562,0.028059896584140098,0.0,0.021824400510940922,0.0,0.0
hog_0563,0.0,0.0,0.004819571431366576,0.011569901183299036,0.0
hog_0564,0.0073278817694115705,0.005686597110339697,0.0,0.0015867534953195594,0.010472161971064153
hog_0565,0.010252214507812774,0.00015288143250846709,0.00789359530715772,0.010004449118379055,0.0
hog_0566,0.002829747852153286,0.006235673888068671,0.009963800660292677,0.0,0.0
hog_0567,0.0,0.0024832865541630778,0.0,0.0,0.0011626413971002059
hog_0568,0.01833221211460323,0.0,0.022354916536011737,0.022242738864408862,0.02077729669978101
hog_0569,0.017482687319714252,0.026208955998575645,0.04005349068016395,0.040349533000967774,0.01958506552869621
hog_0570,0.0,0.00740684682985604,0.006878786083059474,0.0,0.0
hog_0571,0.0,0.013959596790563245,0.0,0.00043340360641286324,0.0
hog_0572,0.0,0.004751989524401701,0.012534552943125998,0.0,0.0
hog_0573,0.0,0.007614921391265739,0.026767082838595302,0.010321756183979458,0.0
hog_0574,0.018175202613311514,0.0013107069007054495,0.005473849785804674,0.0,0.020005201915357596
hog_0575,0.0,0.0,0.0,0.007167817509840635,0.0
hog_0576,0.04071894330393899,0.018334344866197227,0.018819040150013455,0.008988731661754734,0.001903214708991463
hog_0577,0.0044569581768427735,0.0,0.029452639829410154,0.0032384815501080855,0.024299110947041402
hog_0578,0.0,0.004520198507939943,0.01366545484612125,0.007944433605763912,0.0
hog_0579,0.016485020275808004,0.005708701735571031,0.0363460901408168,0.0020546021678826687,0.024410174603273216
hog_0580,0.01966486169004522,0.0,0.0,0.0,0.0
hog_0581,0.040598942670462046,0.02562224030536675,0.009934638433554355,0.0,0.0141010316808301
hog_0582,0.012167412642949849,0.028558125802848,0.016351194712242778,0.024845792687919532,0.007945749162350912
hog_0583,0.0,0.004823981753694584,0.006312632084394698,0.008735722294899162,0.00675436945824881
hog_0584,0.011684997994168,0.0,0.0,0.0,0.002566766367539941
hog_0585,0.0,0.017638266466475372,0.005000747136881145,0.0,0.0
hog_0586,0.0,0.0,0.0014002043901848449,0.0,0.01212508370211074
hog_0587,0.0,0.019896911148584495,0.02218795753249747,0.020722181810206353,0.008982081175940237
hog_0588,0.0,0.0,0.00645508749139756,0.0003530474546282747,0.0
hog_0589,0.0,0.0,0.004270938620418496,0.01908707169706947,0.0
hog_0590,0.0032024174619549317,0.009530624045164915,0.008238884903642774,0.013414064785741697,0.0
hog_0591,0.006201654544838897,0.004861866007046078,0.0,0.01122580900097181,0.0006257075821991531
hog_0592,0.0,0.00012263353789609965,0.0,0.0,0.0
hog_0593,0.020908216491939857,0.008442314576333931,0.021058582839405426,0.0017616847003190106,0.003999357925663638
hog_0594,0.01760974376660296,0.016687476277377877,0.0,0.024522340463206893,0.0
hog_0595,0.0,0.0,0.012104820317496934,0.0,0.006362791314293181
hog_0596,0.0,0.00824359863430768,0.0,0.006711961269970423,0.0
hog_0597,0.002585483552610457,0.0,0.004092348375278387,0.0,0.0031662879168969926
hog_0598,0.010366445150536308,0.0,0.027046020719569075,0.0020075933056027395,0.0
hog_0599,0.0,0.0,0.0,0.009917151597389484,0.005420264283544807
hog_0600,0.0,0.0,0.016788712119678584,0.012791155789616315,0.01978905503073558
hog_0601,0.035075357270162755,0.027453376770963933,0.016577596066160938,0.02069943116591566,0.03153054270972322
hog_0602,0.0,0.0001792243215226197,0.0,0.022076618020905325,0.0
hog_0603,0.009711227352461327,0.0,0.02053383516889795,0.016696854208098744,0.0
hog_0604,0.01228799545772219,0.002807129285956167,0.006697467821535907,0.0048666688997094365,0.0015172264129248436
hog_0605,0.017355554751253166,0.008747087690186284,0.024418426443107544,0.0,0.0
hog_0606,0.017422201165063322,0.016339387231153468,0.0,0.0,0.0
hog_0607,0.0,0.009833017764430574,0.007897334311961046,0.0,0.0
hog_0608,0.0,0.0005009117431173937,0.0070651955534495325,0.007304338752032846,0.0
hog_0609,0.008599218081970061,0.013740142385840759,0.0,0.0,0.0
hog_0610,0.0,0.0,0.014342841029354014,0.0006144998495047904,0.0
hog_0611,0.0,0.0,0.02411987485156275,0.01816755011512683,0.007605144316099821
hog_0612,0.000399722010231196,0.01214530438699879,0.0,0.0,0.0
hog_0613,0.012381372552149772,0.02356071491846712,0.02315031101254794,0.010706808150570346,0.006156089533930764
hog_0614,0.0,0.009172205588636073,0.026515979535828738,0.008219213301257522,0.0
hog_0615,0.005491059938636633,0.0014876846574114477,0.034798725841766576,0.0,0.0019116781913051106
hog_0616,0.025892377814945355,0.005808670792480264,0.02665107932686661,0.0037947219828311507,0.0
hog_0617,0.012756884207860919,0.0,0.022129641124085886,0.0,0.02767752490463793
hog_0618,0.01707851568679275,0.02913249203595103,0.0027374322100945925,0.0,0.0006578287494305446
hog_0619,0.017024921842495377,0.0,0.046246454700209716,0.03269232152381307,0.015326033992360877
hog_0620,0.013156559302257564,0.002201052390868208,0.004853766740011256,0.0034366306839570537,0.019232740430303208
hog_0621,0.0020525495011836092,0.01391412812519488,0.05811220340737244,0.02451652801140103,0.03605965419866308
hog_0622,0.000366228717809447,0.0,0.021742543785563617,0.021777595639286718,0.0
hog_0623,0.02427532828881196,0.040413460444814975,0.062335904524438934,0.011985302993790192,0.002965616812208083
hog_0624,0.0003929559733970578,0.01752829991283744,0.02483117859386086,0.009603840064795754,0.012927719898136347
hog_0625,0.04931994617717317,0.008844823773486166,0.0326338620161748,0.0,0.015518892274490659
hog_0626,0.004512402484518896,0.0004767999176731319,0.017462054108402292,0.000575333576474879,0.0
hog_0627,0.0,0.0,0.016244643093466626,0.012890223367349796,0.0
hog_0628,0.0,0.0,0.013196099981276355,0.012789629789070833,0.0
hog_0629,0.013467866298832565,0.004680885305969218,0.01093488515765828,0.0020073036547159084,0.01280762688178605
hog_0630,0.004526747985478474,0.01552811434910173,0.031939234415303996,0.0,0.031270734313754156
hog_0631,0.020656502679958333,0.014536317065840354,0.020391067531860152,0.0006190224343638473,0.02988819074435356
hog_0632,0.0,0.019608918582216583,0.021599962815928908,0.0,0.037630173410319046
hog_0633,0.01588669879855442,0.0,0.03145943592539502,0.019318624292343767,0.017829378861776934
hog_0634,0.0,0.020663320019365106,0.0,0.005954668930724383,0.010067886333070097
hog_0635,0.0,0.022008313071947283,0.031825751119427315,0.003550358576046575,0.0
hog_0636,0.012442880619829122,0.006433947836342435,0.02286473331072747,0.007953412119725112,0.007950514107373019
hog_0637,0.0,0.0007700944453359337,0.015265538747765595,0.0,0.00749947121935568
hog_0638,0.01087954573336547,0.016552385945852288,0.009501043210561555,0.0,0.0235954681117021
hog_0639,0.0023920885226873523,0.00606987752873267,0.030881494927915032,0.010817431143940182,0.006048117513537399
hog_0640,0.0,0.0066605243352404475,0.04984968392810796,0.0,0.0
hog_0641,0.015293256055550986,0.024188795550486253,0.03986361007588579,0.021122659660171683,0.021356011688567156
hog_0642,0.004756710507844764,0.041053751384172,0.024131953206858903,0.021232630421264664,0.010987133985510988
hog_0643,0.012232712529159917,0.008537572138627825,0.011704416547075658,0.0,0.00025614163227594133
hog_0644,0.0,0.0,0.024544256980418844,0.006541544488056772,0.0
hog_0645,0.0,0.004191619596771723,0.019831512630724468,0.006336673295928907,0.0
hog_0646,0.020721706300972365,0.008897762635510897,0.05170138044044181,0.02179227424260133,0.014872637123246157
hog_0647,0.0,0.0,0.005297999303604861,0.0,0.0
hog_0648,0.03667754660620859,0.0033707425912632427,0.012081238478001133,0.0,0.013456249339709236
hog_0649,0.0069924261810605515,0.005153027251325382,0.0,0.0,0.0
hog_0650,0.0033297706322441556,0.029839418853420785,0.05035545288787868,0.005037612369110711,0.016284637548646286
hog_0651,0.014938405145428879,0.02163560542245402,0.02828257656272215,0.01693327792431587,0.013086182375263045
hog_0652,0.00028940377163055864,0.0,0.0011378167282436458,0.023956090837359723,0.0
hog_0653,0.0,0.0009641637688697635,0.007403346386983589,0.007840512593885851,0.0
hog_0654,1.1300543159675769e-05,0.026227978210729974,0.04197649855418217,0.020995195868711125,0.02892533363354577
hog_0655,0.0004536865056417039,0.0,0.018838830513664417,0.0,0.0
hog_0656,0.05184268812901838,0.011995120909837675,0.0039006836412029955,0.025137527388793046,0.012864994982228373
hog_0657,0.0,0.0,0.004931391524589435,0.0,0.0
hog_0658,0.0010279005106523798,0.0220636630091251,0.014893421392357942,0.007307103333973108,0.0
hog_0659,0.0020627774567687496,0.01894470275940119,0.021202232266419374,0.015850464462162428,0.0043309371244819594
hog_0660,0.011008879717603337,0.003762746818516849,0.022588741044831995,0.0,0.0
hog_0661,0.0033871261985352064,0.007810262129542611,0.0002584600130082215,0.0,0.0
hog_0662,0.016812316112557735,0.02189970825468235,0.03605743548110851,0.01096810714400509,0.0
hog_0663,0.005841203711180354,0.015089751948671903,0.038896359527601065,0.0,0.0009354102802943132
hog_0664,0.0,0.00383213434283336,0.01790071171724139,0.0,0.0
hog_0665,0.004183995499868809,0.02028125380418433,0.031163374610426287,0.0,0.008318752020253894
hog_0666,0.01289383609863437,0.01828560373175403,0.014888820557268811,0.0,0.0
hog_0667,0.0,0.01378915426914884,0.03762251832956287,0.0,0.002773940928567642
hog_0668,0.01178548530447654,0.0,0.016787032230248577,0.0,0.016850206050001093
hog_0669,0.0,0.007812821063955422,0.01908752961548421,0.0,0.0
hog_0670,0.0,0.006816758322363947,0.03330538795713989,0.0,0.0
hog_0671,0.002289595165204217,0.027502367264137018,0.04200312453551591,0.028208539083097728,0.02293645982598691
hog_0672,0.03063850035956639,0.010519451036425043,0.005773504244570127,0.0,0.0
hog_0673,0.0007557334416103956,0.011007808358345361,0.003079007905731679,0.012395490378767526,0.0
hog_0674,0.0,0.0,0.0,0.0,0.0
hog_0675,0.03745985848947897,0.0,0.03795866830145189,0.0,0.0
hog_0676,0.0,0.0,0.03395202765905814,0.0008145012860993894,0.0019741939464417158
hog_0677,0.0,0.014453383133724795,0.003920887965591424,0.0025450475255743843,0.0
hog_0678,0.0,0.009083323874636617,0.0,0.004671387844397135,0.02210453556444092
hog_0679,0.02675476274100541,0.04009766153906691,0.02724628874467272,0.0269573328167918,0.0
hog_0680,0.005774833010342206,0.0184569145842306,0.014122060155931315,0.008002115259427622,0.02469533091521514
hog_0681,0.02724185396790957,0.004808381441322895,0.011217660874526691,0.011339811424723623,0.0
hog_0682,0.0,0.0,0.030556994747874988,0.0129346310787537,0.0181421689307244
hog_0683,0.0,0.0,0.03411925013995587,0.0058867494989656155,0.0
hog_0684,0.0,0.0,0.020058525328055854,0.0011711373654177404,0.01090208616439492
hog_0685,0.0,0.0008429877080722292,0.02721048177487706,0.016138825416745384,0.001395884917640755
hog_0686,0.015805971777037797,0.0,0.0,0.007278577792054541,0.006465550658124153
hog_0687,0.0,0.02107976209153173,0.012564272812767507,0.0,0.0
hog_0688,0.011645629026884263,0.03128722539445228,0.006237155779132086,0.0019906114254382157,0.033424883580042586
hog_0689,0.0,0.006068850019826932,0.01315643592044502,0.02153840375501237,0.002055320875651523
hog_0690,0.010394140669303109,0.00037537852160918206,0.017469715600846314,0.019256620324090257,0.0
hog_0691,0.0,0.0,0.01229780565557137,0.0,0.0
hog_0692,0.0,0.01702306615143967,0.0300368105669766,0.008132254125641447,0.025514142981815757
hog_0693,0.01574917837203027,0.011843455247453116,0.0008073788659128667,0.013400498062892563,0.021109520279772198
hog_0694,0.005633901001113495,0.04285474859878602,0.04351838520650819,0.0,0.01028195003255905
hog_0695,0.03167997509800191,0.0022055509182969946,0.003630899619401662,0.005269832335062841,0.0
hog_0696,0.0,0.0,0.03209641947142039,0.0,0.009764437156196237
hog_0697,0.0,0.0,0.0,0.017041882953862775,0.014255160966116787
hog_0698,0.0,0.02906763791371092,0.011481479686264562,0.019715995565261046,0.0
hog_0699,0.01410055614633321,0.0,0.007184854735110102,0.03927957954591754,0.0
hog_0700,0.009937188511983441,0.015069818778542077,0.038196984766047715,0.0,0.009997281915834044
hog_0701,0.0,0.0,0.01700621305699368,0.019448714295312364,0.0
hog_0702,0.008965291757180971,0.0012945208917825024,0.0,0.010500339398795022,0.02292067415565824
hog_0703,0.044338386000241314,0.009072903714669955,0.029962966125353763,0.03135346339360856,0.0
hog_0704,0.017835146478605957,0.0,0.03435886088636697,0.0,0.0
hog_0705,0.007388123504278754,0.015875425600417215,0.03325564353303867,0.00312855443772464,0.017435874352823344
hog_0706,0.01884599030484524,0.020994150690027302,0.012264982249862832,0.023608082952448983,0.002662165667764338
hog_0707,0.018579171805116923,0.022459232260012785,0.040242347108516485,0.021825741062956983,0.00905025761783107
hog_0708,0.02731967188120521,0.017655861304220144,0.004987281806016819,0.027323470999873756,0.0
hog_0709,0.013601441436346784,0.0,0.011680207965501843,0.001624087497699822,0.01328034548631174
hog_0710,0.003407270632780346,0.029194763919768718,0.02588076998011868,0.0,0.015609924170932432
hog_0711,0.022078644526207558,0.01898803951426653,0.02306552452925148,0.0,0.0010554194773852998
hog_0712,0.022240554424199255,0.03163048396751078,0.019878679294394574,0.02548925971925442,0.00180358201454478
hog_0713,0.0,0.027440037937239925,0.02423860758669827,0.017994173325139418,0.0
hog_0714,0.0,0.0,0.0,0.0,0.014652974777416006
hog_0715,0.00474846345825819,0.01261673486645054,0.020032037837386385,0.0,0.016599167406105453
hog_0716,0.01065047420965115,0.004553102622382843,0.04530626525777426,0.017218497233024488,0.006342074184201074
hog_0717,0.03153801645434329,0.0,0.03616003181597183,0.02913409225354391,0.003081597154166893
hog_0718,0.025100262204178936,0.04546142377176876,0.030255535348326035,0.009745823577315127,0.0156490227986672
hog_0719,0.0,0.0,0.02272473524150831,0.0,0.0
hog_0720,0.018416520439976214,0.012095055082271378,0.01952952698092525,0.0,0.0
hog_0721,0.0,0.0,0.02956527372426132,0.0,0.005436863687998006
hog_0722,0.0,0.004134082523084448,0.0,0.0,0.002056269463128535
hog_0723,0.0,0.0,0.030572728863460075,0.0,0.0
hog_0724,0.012076657061641072,0.0650896966689698,0.0226937984058182,0.010078845937129932,0.009888225453566823
hog_0725,0.0,0.007357593518391825,0.0,0.006741505230849931,0.0
hog_0726,0.0058653555975825,0.005833359698989682,0.03466403937225171,0.010217095492258244,0.006319773907968784
hog_0727,0.0,0.01596923062661504,0.04063680392368085,0.01766364879766824,0.0
hog_0728,0.0,0.013955995991268955,0.0,0.0,0.01787902204364178
hog_0729,0.021409158499171133,0.05041377822466919,0.03869096304427844,0.020593707694770202,0.005093007905591973
hog_0730,0.027917213023168186,0.031611922565677464,0.03812212710946139,0.0,0.0
hog_0731,0.0,0.0,0.014157826140578145,0.0020700388111942747,0.0
hog_0732,0.0,0.0,0.03139908419944337,0.02254686403014805,0.0015917906208924304
hog_0733,0.009562708591810187,0.020653768942462625,0.035699467966766374,0.007614750891523858,0.004932322346403062
hog_0734,0.0060073531937623326,0.006510575262248519,0.015495602786017137,0.0,0.0
hog_0735,0.0,0.017045971596849174,0.029654819322742387,0.0,0.02079380177208945
hog_0736,0.0,0.007109734195696715,0.016204443684970427,0.0,0.0017410505725421466
hog_0737,0.010429291530347218,0.022364706576318838,0.015162939398462472,0.022624975310852058,0.007872836328802757
hog_0738,0.02457791113261698,0.013370542404239849,0.027799503598688213,0.01949850196510372,0.03285037578572747
hog_0739,0.013011149340947714,0.03224407889113956,0.06262131756491573,0.0,0.0
hog_0740,0.0,0.007563238057675781,0.016460878810241164,0.022109272253927115,0.0
hog_0741,0.028078755526318222,0.014948893223005522,0.058539575339620065,0.0011859561955076536,0.0
hog_0742,0.0,0.020262510802904643,0.017289479918516815,0.0,0.0
hog_0743,0.0012653508229452104,0.007987984534293613,0.018291521321155413,0.032321917024600744,0.00955088422336825
hog_0744,0.0,0.03181018122596879,0.0017123690887113074,0.0035338240093614193,0.02134818327119259
hog_0745,0.003496711553656384,0.03223183564868748,0.026418970667458908,0.0,0.0
hog_0746,0.0,0.006708071490987955,0.026440525446683738,0.0,0.0
hog_0747,0.0,0.024299518219706995,0.014356908301306426,0.0,0.0
hog_0748,0.009982324063290138,0.026877554693421013,0.018626308898313626,0.0,0.0
hog_0749,0.0,0.001754886035570058,0.014525808253985417,0.008675311621305637,0.008523421737791415
hog_0750,0.0,0.02175047554468401,0.015205950522369616,0.01658500213918246,0.0025446444459886752
hog_0751,0.004564798880140053,0.02120783251596614,0.017154048031370994,0.005218489644263302,0.0
hog_0752,0.0025947847672689317,0.010810575911721854,0.005789506180201798,0.0,0.0
hog_0753,0.02293607106785811,0.009169554608188912,0.042485884042213984,0.023722544801935364,0.006156907533041878
hog_0754,0.0,0.006920645521182767,0.0,0.0027774757969993846,0.0
hog_0755,0.031079742454183767,0.008289325622655275,0.04135394866219988,0.019716162985161434,0.0
hog_0756,0.013628515513585349,0.011756077945900945,0.006174111296064488,0.002814106251690207,0.007866197566531508
hog_0757,0.0,0.016550331013754027,0.056971092437065884,0.011330977525257913,0.006292823204671727
hog_0758,0.0,0.0,0.008925767772358872,0.0,0.007287144836944481
hog_0759,0.02245571661086898,0.0008875113858881623,0.006281815175938288,0.021281515762574532,0.012581567305397723
hog_0760,0.0,0.017447145552706766,0.02469976778003158,0.03288786392078036,0.0043054470845353965
hog_0761,0.0,0.0,0.004418205388546648,0.00944846220852491,0.0
hog_0762,0.02760982217792085,0.01428632919650541,0.03717413749121312,0.006408652500136558,0.0
hog_0763,0.006726108916975226,0.010188091029167623,0.013141969442881374,0.002261867892998648,0.0011513934538671666
hog_0764,0.0,0.007765065875050103,0.020290970214518422,0.003045202576613004,0.004307198972461679
hog_0765,0.0,0.0,0.0,0.011663608775831946,0.0
hog_0766,0.0,0.016836621803119733,0.033608869113741946,0.0,0.0
hog_0767,0.0,0.0041785014262427644,0.0,0.011539788540922746,0.0
hog_0768,0.0,0.0,0.0,0.0,0.012002630422246474
hog_0769,0.002350880605953787,0.027436387650861205,0.015587167767426413,0.0,0.0
hog_0770,0.0,0.01514328060254333,0.027169150576503265,0.0,0.0021692867708673624
hog_0771,0.016714910400794203,0.0,0.02377658191718024,0.009891977901515414,0.011906123832553961
hog_0772,0.024696853688015885,0.0,0.03480803557622569,0.02020959642619813,0.0
hog_0773,0.008310911034209223,0.005693198885246886,0.012641606982690456,0.0,0.03316171287883973
hog_0774,0.0073778275927292025,0.003457701789836065,0.02879024072058245,0.0,0.006340037986793723
hog_0775,0.005570277411879099,0.02546165647684706,0.028344893818219807,0.03624752358178629,0.004544981240318879
hog_0776,0.0,0.04987540439540061,0.03167275645364187,0.0,0.015030197034095583
hog_0777,0.004851547558571312,0.03938538673526759,0.02111886572332189,0.004694447621921283,0.007063356869769555
hog_0778,0.025074808463810605,0.028520306910504667,0.0225463446082792,0.0,0.0
hog_0779,0.0,0.0,0.02056116969413857,0.0010379856390481113,0.0
hog_0780,0.0,0.018351469798507658,0.03510823371205363,0.0,0.019428445261125526
hog_0781,0.009913758321142607,0.009027664005951896,0.04085825205804139,0.003701835469251291,0.0
hog_0782,0.0,0.028053152228932676,0.02678943556802582,0.00871959585137616,0.0
hog_0783,0.004135793520435138,0.017515809118565207,0.03274025365212996,0.0,0.019668760865805268
hog_0784,0.0,0.018280104070995673,0.03908523195608926,0.0,0.025283766866978974
hog_0785,0.011244351965943311,0.015099966054757497,0.038722065529238625,0.012082205556035897,0.002636305746289924
hog_0786,0.0,0.021389477726497796,0.03481486041254356,0.033215178850248606,0.02128496294564375
hog_0787,0.009192084672079215,0.05042181315137295,0.010200961183167934,0.017760224486280007,0.0
hog_0788,0.0,0.0,0.029806379411367434,0.0,0.0
hog_0789,0.0,0.009855153731288091,0.026386010357615453,0.0,0.006497754681924706
hog_0790,0.0,0.0,0.006935202863871837,0.016258279885595917,0.0
hog_0791,0.0,0.0,0.028692465841046566,0.00374532197807409,0.0
hog_0792,0.0,0.034556786354954516,0.0,0.01674526561811729,0.011062473473686163
hog_0793,0.0,0.0005641954336332855,0.05163306219408437,0.006710507833884716,0.0
hog_0794,0.0,0.010499007008551553,0.02460734215323024,0.021355756303319096,0.038917702350400596
hog_0795,0.0,0.01230099905659765,0.0,0.0076152578457777675,0.0014320787903558951
hog_0796,0.03645560612086851,0.013336435521393186,0.013853250107259685,0.0,0.0
hog_0797,0.003907687874269206,0.0,0.03193375036986512,0.0,0.006313025763366786
hog_0798,0.03325179764526376,0.008189796611105749,0.01700228602458065,0.0,0.0024062645748095246
hog_0799,0.0,0.005491586990489017,0.05160344564402042,0.0031788498518658947,0.030027337790164754
hog_0800,0.0,0.019380223122526408,0.032352022895782984,0.0,0.0
hog_0801,0.007013409661865477,0.03182075927461803,0.011586557213886906,0.0,0.0
hog_0802,0.00963600532017539,0.0,0.008505418688669497,0.01065360910626545,0.0
hog_0803,0.014492878449902102,0.04301893031418236,0.038899535562047616,0.0126137354693594,0.006771475311814434
hog_0804,0.020910147844317883,0.0024381347138295872,0.033579032808076725,0.0,0.0
hog_0805,0.010648259070743293,0.004924581579871967,0.031233526173335635,0.003624395640111411,0.0026783195115247516
hog_0806,0.014658433799142667,0.014275514571305603,0.00688010144270601,0.020346424705233845,0.010109716512111344
hog_0807,0.0,0.0013704271629217946,0.0,0.0,0.0032473146457703272
hog_0808,0.027649311094116502,0.0033076840387429307,0.03793878680706397,0.0019566109371305096,0.00625623323283464
hog_0809,0.03454769457338247,0.028732196827081058,0.02730558734582944,0.021575158676739425,0.0210080418216696
hog_0810,0.0,0.01719932471844743,0.019037799723787607,0.012339251245585103,0.01316178684490632
hog_0811,0.0,0.01325022972957468,0.0357653483335576,0.00405013240672325,0.0
hog_0812,0.013125874008725447,0.02401062501531137,0.022535940390817633,0.028445535235687158,0.013582567190844275
hog_0813,0.0,0.011725016769743357,0.03453608630255145,0.013493364260254825,0.012803743899167053
hog_0814,0.013694125746606334,0.014737348634767722,0.031063527964768634,0.007108259975472597,0.020310643182313015
hog_0815,0.008957992676183801,0.01669803005185666,0.03303334235200084,0.0,0.0166789162537182
hog_0816,0.027451288960315345,0.03051648287541653,0.0,0.01892362632720279,0.015959543495873918
hog_0817,0.013429544370410662,0.0282143413940541,0.035625201402299744,0.015068312440514653,0.008460286198027411
hog_0818,0.0,0.004147656498711738,0.01107625917347943,0.0,0.0
hog_0819,0.014748587576271177,0.005596666924253979,0.031686858674704554,0.0,0.0
hog_0820,0.006031187154564188,0.0,0.03623568722132098,0.0,0.005021432145334348
hog_0821,0.005771030372092589,0.00366189290346286,0.019295895782677208,0.0,0.002757029323628979
hog_0822,0.0,0.0,0.0,0.0,0.0
hog_0823,0.03322481340505812,0.02041552519524248,0.025592733828042835,0.03871350543904262,0.0
hog_0824,0.007994300051237913,0.005811688151583061,0.04849263716913699,0.013385467391072936,0.0045788609244157286
hog_0825,0.03479563130635066,0.0,0.03502529659904119,0.019677458765128275,0.014964514856274036
hog_0826,0.0,0.011387174537862421,0.013589074464359419,0.02260393025238594,0.012212573348272304
hog_0827,0.005769086903624654,0.00934836908729908,0.04085465588155324,0.007178775050445063,0.0018553298944108398
hog_0828,0.0,0.009951467629500943,0.04208003984417985,0.031599824137329424,0.03373825076840986
hog_0829,0.008847031659615645,0.024917784492814787,0.03512638128111911,0.020933765886339106,0.008741014893934862
hog_0830,0.01717012670474305,0.016055014322837735,0.017457977828507776,0.0,0.0
hog_0831,0.03294627231741698,0.021066895221528936,0.003504711935703453,0.001770230732368372,0.0064436309782474055
hog_0832,0.014198310210079779,0.012829834663039996,0.0,0.01776454964291596,0.030866632332052335
hog_0833,0.0,0.0,0.01017644955654351,0.0,0.0
hog_0834,0.018872525850820443,0.0,0.002274933307331306,0.01286728145994065,0.02145596671551142
hog_0835,0.017659858582342647,0.008093745642411498,0.015307905260374621,0.018824722201388644,0.008497321335509067
hog_0836,0.0,0.01020626316900941,0.03373310950735986,0.015101280372503911,0.0
hog_0837,0.007954426730114816,0.016870273390978463,0.02118147273959914,0.0,0.011631949841862221
hog_0838,0.0,0.0,0.0235537005190376,0.0,0.025658144143653416
hog_0839,0.0037654683990664406,0.010840936188163397,0.028469893904699894,0.0,0.004126205702714492
hog_0840,0.03622983931356294,0.022261883541510485,0.03357986560950632,0.025857119187449706,0.009318362674539005
hog_0841,0.0,0.005387992031465227,0.02182925368595523,0.0,0.002438190733967893
hog_0842,0.021177547490656368,0.006712510348637402,0.0,0.004757344065463576,0.0
hog_0843,0.0,0.0,0.014603879413699339,0.0,0.0
hog_0844,0.01099420157070341,0.015976472800106833,0.05583197666700013,0.010473414860730612,0.0
hog_0845,0.00314447652625649,0.011631986861331933,0.020757712174260368,0.0,0.004698501723118698
hog_0846,0.013934468751523932,0.010287179574795635,0.02983578952627597,0.012794951299499369,0.0
hog_0847,0.0,0.0,0.014910589098601656,0.013926224030036849,0.007079358608460096
hog_0848,0.0,0.02460747888400383,0.001731596879610997,0.0,0.0
hog_0849,0.0,0.013342594929089735,0.004503980631849647,0.0,0.0
hog_0850,0.0,0.02331175894959303,0.031254241763890356,0.021272673463539782,0.010778874618244005
hog_0851,0.01884649720923881,0.001231432972588209,0.015921560281026093,0.011312906378261545,0.0
hog_0852,0.019196373994390115,0.003729167861998395,0.02791769146241152,0.02911682228725465,0.03692476750797269
hog_0853,0.0,0.011662850187370122,0.035751700139859954,0.03688115490973143,0.0
hog_0854,0.015811765324060367,0.0,0.033353290349448894,0.0,0.0
hog_0855,0.0,0.0,0.013594910963312223,0.0,0.0
hog_0856,0.003043091420932509,0.0,0.03797162769328111,0.013026823841639779,0.021226382948499323
hog_0857,0.009795067123801182,0.0017377504471305372,0.02287753401207171,0.014407203863695317,0.02054969196324752
hog_0858,0.01269385663132283,0.022030844520424253,0.009933410078666771,0.013768054885799463,0.0
hog_0859,0.004111318920495766,0.018211189134406336,0.028558003188608794,0.018137817758437258,0.021855602074961178
hog_0860,0.0,0.012801019232438593,0.00923393757214619,0.04264580491595771,0.0
hog_0861,0.013334491489118472,0.006321987092146708,0.037002416698404206,0.004626602612644026,0.007333840354538657
hog_0862,0.029782225759338532,0.03508567061752976,0.022110699076036244,0.03478440502556723,0.030455596287619846
hog_0863,0.010804293876856885,0.01693686964900709,0.03416522482620343,0.033373389913120555,0.004308313418822651
hog_0864,0.024510721469977348,0.030329193910173968,0.008667924871673005,0.0,0.0
hog_0865,0.008934181121903473,0.024901776401335063,0.027379618658299076,0.02553566209430702,0.017397461009676984
hog_0866,0.0,0.007833225176617331,0.015179457825702292,0.0,0.0
hog_0867,0.012406690735950354,0.0,0.015476570252416222,0.005497037888797296,0.0
hog_0868,0.0,0.0,0.0019695484785746675,0.0,0.0
hog_0869,0.015051991955444155,0.027531154565771265,0.00999049890343251,0.028167158457421015,0.012512056235879587
hog_0870,0.01327627392761821,0.019192752081111264,0.021922218522638204,0.026173468134555344,0.011313799252433476
hog_0871,0.0,0.02996684411425643,0.030370844185024337,0.011578929070616306,0.0
hog_0872,0.003409568066952362,0.00031052265041764393,0.021654616396828974,0.0,0.0
hog_0873,0.0,0.038140216337793076,0.022184737589889814,0.014200700079197937,0.010599293262330445
hog_0874,0.019784344959060896,0.0,0.01759751765330142,0.0062712679817054084,0.0
hog_0875,0.0020240381848364297,0.0,0.012465229917893117,0.009738996293799485,0.0020709511462853047
hog_0876,0.0,0.001413486576095746,0.026577119471031585,0.0,0.012974854209320208
hog_0877,0.026550273960554094,0.024258555446685426,0.022948711650232267,0.0,0.0089240523425973
hog_0878,0.0,0.0,0.01616101799076941,0.025163454664070883,0.0
hog_0879,0.0,0.016141426855278196,0.0,0.012388088398683328,0.0
hog_0880,0.0,0.018084007275634306,0.04535070844011635,0.027783287615960495,0.003923002315943114
hog_0881,0.005806340077038508,0.0,0.02662311867454914,0.009538601350771003,0.002515887697307262
hog_0882,0.029208750011230578,0.015580516319088078,0.049216346635022834,0.014533849437425861,0.04178602347137539
hog_0883,0.0,0.003636259413654308,0.032278496542526236,0.0,0.0
hog_0884,0.0,0.021744058297070934,0.01989779928734725,0.00183972506027974,0.0
hog_0885,0.0,0.0,0.0315679312466004,0.014151471674948013,0.0
hog_0886,0.013023206883723049,0.05127761975600453,0.03089836381298361,0.03565577424172983,0.0
hog_0887,0.013692042799269721,0.030831810638223267,0.023565969443292145,0.0284535270112527,0.019756101508417556
hog_0888,0.031537656826226224,0.018416212821482647,0.005505429852041832,0.0,0.010528431438579844
hog_0889,0.003563134738376217,0.012188200479001932,0.05222868876629816,0.0067753876611069686,0.01819556640153941
hog_0890,0.0,0.0,0.026873742508812137,0.011406848656283053,0.01782244896814733
hog_0891,0.0,0.024071133139245582,0.004271903861287285,0.007916869676407368,0.0
hog_0892,0.0031094874432111563,0.0,0.026524030581500435,0.007882366913058325,0.0
hog_0893,0.025933215305521173,0.012140373177871533,0.01726673988841676,0.009109310303590634,0.0007280791472672465
hog_0894,0.0,0.02404216851599217,0.04791309587504311,0.0009334444781781137,0.001973623934054425
hog_0895,0.0,0.025721386126649426,0.027184355025963614,0.01700072269605335,0.0
hog_0896,0.0,0.025790552385443588,0.012931484110651148,0.014030474209129729,0.026763309878822472
hog_0897,0.0,0.016216481695287888,0.013608698748239778,0.003713488187325309,0.0
hog_0898,0.0,0.0,0.02441988528329042,0.01547248756750319,0.005074596349766036
hog_0899,0.0,0.010915463436693917,0.017382571132275038,0.0,0.0017978985785827017
hog_0900,0.0,0.0053753610896269954,0.011020441689649996,0.020833987645389795,0.003603506073390328
hog_0901,0.0,0.013981085994452247,0.01621210936165718,0.012591071962216871,0.0
hog_0902,0.01450110265572957,0.011105652036670799,0.009746726068218026,0.013744796855437613,0.0
hog_0903,0.0,0.03528606065116535,0.04321612904476635,0.0,0.0
hog_0904,0.0,0.004396221415876145,0.0,0.0,0.0
hog_0905,0.0,0.0,0.012079290054170633,0.0,0.0
hog_0906,0.034502887096195645,0.0029360954266079986,0.012099036899817284,0.017882452485104228,0.003304438640933327
hog_0907,0.0,0.014636710730544511,0.01173795436871905,0.0,0.0005838802452038383
hog_0908,0.0034183650735171156,0.0,0.03149269449397396,0.0,0.0
hog_0909,0.017931779122120295,0.00992786124715539,0.0,0.002961698359629006,0.013397461208352057
hog_0910,0.0,0.0,0.016867457418251686,0.01169155135019384,0.0
hog_0911,0.01613016184059246,0.03334232689596184,0.015172671157745565,0.04751158955736656,0.03128536919328573
hog_0912,0.009245152259790279,0.0,0.039526435763147516,0.022789323577976583,0.02685769998043419
hog_0913,0.0,0.0007356390839372562,0.0,0.0,0.000629643106230704
hog_0914,0.0,0.025073043102878056,0.033451514992330456,0.002177450457609753,0.0
hog_0915,0.01562948003569642,0.0,0.01876892276454245,0.0017666616328169127,0.0
hog_0916,0.006017297638967856,0.005800166662389916,0.023715065921688483,0.02701894090454271,0.0
hog_0917,0.004211736399320376,0.019783990378356542,0.028461471030841956,0.02896939949360222,0.02536250155678199
hog_0918,0.013401288531362132,0.0360246845912775,0.031494540426043605,0.002577855739186008,0.01449739628267599
hog_0919,0.0,0.01577478309235647,0.03499212972383803,0.009442275949056222,0.004616534609396927
hog_0920,0.0,0.026578666708739984,0.01690868859680439,0.005209998631307888,0.011653615049320276
hog_0921,0.0,0.0,0.012348143621192076,0.0028031662351180042,0.0
hog_0922,0.0,0.006532143111416255,0.012296044933340022,0.01465591357945506,0.0
hog_0923,0.009801418659170613,0.006795261179156187,0.020707904927153464,0.0,0.007913311726420957
hog_0924,0.0,0.0,0.0,0.010591914126005353,0.0
hog_0925,0.030449710648337902,0.008985775968527898,0.03551650654742611,0.0,0.0011914334866718335
hog_0926,0.0,0.008878482832742174,0.023165724394039744,0.012823858224034757,0.0
hog_0927,0.000695288536897154,0.013163583896232067,0.025209289197583473,0.004919974642630054,0.009457840231295922
hog_0928,0.0,0.02769019718846355,0.01686590593826942,0.0,0.0
hog_0929,0.012053597648481684,0.020936346843731135,0.01380904136438299,0.017506688339886667,0.0
hog_0930,0.016915971138087293,0.0002795229637069241,0.012901117638872917,0.0,0.010169042471515954
hog_0931,0.006851656459940569,0.0,0.0032008909381142647,0.0,0.0
hog_0932,0.0,0.0,0.005064214501805164,0.0,0.0022893044020457776
hog_0933,0.017103086941806955,0.02547344132896101,0.0236788625563098,0.013117344169817802,0.018651676419617624
hog_0934,0.0,0.011557935951402198,0.019458959339026194,0.014657287963707466,0.0001511697192682071
hog_0935,0.012604776890575042,0.036472420393197647,0.0,0.0,0.0
hog_0936,0.0,0.007728403904716297,0.0,0.0,0.008661548626029303
hog_0937,0.014219625348620868,0.0,0.0,0.006679281439358142,0.0
hog_0938,0.0,0.0057478877379528726,0.00953179076062427,0.0,0.0026158227570567405
hog_0939,0.0,0.0,0.016256723243538884,0.0,0.0
hog_0940,0.0,0.015631283841196053,0.03674643293687163,0.0,0.020033509237243452
hog_0941,0.011794212663657433,0.036156597604291685,0.03724249381178124,0.027866520811858475,0.015798688997958665
hog_0942,0.021452001823671907,0.004048850294995132,0.023213357064302054,0.0248499842875749,0.0018107688007422684
hog_0943,0.007640051125560321,0.01885560277914422,0.03117427636868797,0.0,0.0
hog_0944,0.0,0.0,0.0,0.0008986051018973207,0.0002897906542389528
hog_0945,0.015215267147744127,0.006528450194348778,0.015701183955076248,0.0,0.0
hog_0946,0.0,0.010869497643616777,0.02372670644446262,0.016424520352001037,0.0076953951792047
hog_0947,0.0,0.003441642342344009,0.008564837458491015,0.027129741251549433,0.0
hog_0948,0.012159908111416762,0.01581554903451421,0.02697985654073376,0.0022148311395473463,0.0
hog_0949,0.0,0.017987803299212457,0.0,0.0048142022545434315,0.0
hog_0950,0.0,0.013523344028066209,0.0,0.0,0.0
hog_0951,0.0,0.005216932203104818,0.02840489737210783,0.022256321239605414,0.00993565074652758
hog_0952,0.012734303497255128,0.016889391098743767,0.03240760409509824,0.003045242140133242,0.0
hog_0953,0.0,0.021307820753807993,0.0036318617138921816,0.011937425378291788,0.0022342697862181016
hog_0954,0.017359801132206476,0.01705243268580947,0.029387263963337906,0.02056452423648314,0.0018072216359557025
hog_0955,0.0,0.0,0.023955915993421284,0.0,0.0
hog_0956,0.0,0.0,0.0,0.0,0.0
hog_0957,0.012906013352525836,0.06218546548348858,0.011076310098846687,0.0415030779796588,0.0008048328645349212
hog_0958,0.0,0.021172515412495763,0.002416849320301395,0.020973736841703117,0.013984488813222784
hog_0959,0.011171438768029951,0.03451762809795156,0.008392517268133393,0.0204730817928942,0.0
hog_0960,0.0046244723170525415,0.010775813443308246,0.008206362988761207,0.03520162457947262,0.010374584697147471
hog_0961,0.0,0.005839190741074196,0.01811145934611269,0.010312127915422575,0.0
hog_0962,0.0,0.001745469298074065,0.018208920319968458,0.018519083594424668,0.009662549683780108
hog_0963,0.0,0.004170199147948139,0.0,0.00413914107331137,0.0
hog_0964,0.0,0.017080905555910686,0.03916497891177362,0.0,0.0
hog_0965,0.0,0.0,0.0,0.0,0.0
hog_0966,0.0,0.0,0.01832801304738596,0.0,0.0002619551464928538
hog_0967,0.008720142861584845,0.05710717925395592,0.01936351753718335,0.019303432624951933,0.0023066577157488943
hog_0968,0.036342815977360665,0.0,0.012117502914565703,0.030818475134977596,0.0027777602739051943
hog_0969,0.01815194728308489,0.006851688942108858,0.016485816658294183,0.01620012656353831,0.00842071282205703
hog_0970,0.0,0.009429947100205949,0.018603230832175077,0.022681823370588994,0.02010374611522603
hog_0971,0.014195108171688897,0.03200027250600934,0.02869744217638659,0.040105588988309515,0.0
hog_0972,0.011987319500153415,0.003970956958173177,0.025131506259478797,0.0,0.020070829035730986
hog_0973,0.0105484819804198,0.0,0.014247706150626538,0.0,0.0
hog_0974,0.0,0.02367697254208423,0.0,0.0,0.00575801327254033
hog_0975,0.0,0.005906753056915681,0.054704392999133544,0.0058976368859104955,0.0
hog_0976,0.029728052409990324,0.014447765615785535,0.02009174474467179,0.002327327405536206,0.006554378787676729
hog_0977,0.021715955380036123,0.013272144625515736,0.01937085528166027,0.0016690489809902953,0.015371415014356238
hog_0978,0.0,0.014893383624981604,0.0,0.0,0.00831181538779191
hog_0979,0.011315782636113436,0.001529913378736758,0.03213181952208655,0.022023627764257814,0.0044543182076848264
hog_0980,0.0,0.024134444628882257,0.020589397404220167,0.0,0.0
hog_0981,0.049641861595485226,0.017249689779972988,0.03634719290582411,0.005259052178778978,0.0
hog_0982,0.0,0.0,0.03306059680518669,0.004683560691391531,0.0032045498708628273
hog_0983,0.0,0.004604761033416338,0.0010492908450956406,0.00479354409786259,0.0335194659934277
hog_0984,0.017654694132346105,0.0,0.04473555941644691,0.0,0.006827348076913431
hog_0985,0.030513967975455802,0.048840028574474115,0.03317802584265239,0.0,0.021480365169531668
hog_0986,0.0,0.022667301992628897,0.037371051591475135,0.005092746250766833,0.019492550065112857
hog_0987,0.01897467949368492,0.015844394780271553,0.02649447724302001,0.011367645969779572,0.030084266136739535
hog_0988,0.0,0.010602293642030691,0.02014848557758331,0.002274406105897464,0.0
hog_0989,0.005823890730749959,0.016348639687456812,0.004498750607684121,0.0,0.0
hog_0990,0.0,0.004556289925091939,0.0019720059866512596,0.009816115066302755,0.014066279530628556
hog_0991,0.0,0.025154312113049748,0.03144388792834696,0.012740019089374721,0.0
hog_0992,0.0,0.0031773411026934095,0.0,0.02312200955501864,0.0
hog_0993,0.009477982631434845,0.005596133981196738,0.029698393440219073,0.0,0.0
hog_0994,0.011300184395068635,0.01556143273104893,0.0,0.0019252595999759148,0.0
hog_0995,0.029900838963422993,0.006173107996327198,0.023474503173877004,0.022576332760607,0.0
hog_0996,0.016944398082874734,0.009149906597469393,0.029293728879173253,0.004962072372870718,0.01170654019204953
hog_0997,0.027649447366574265,0.01930977204423079,0.03897999985732281,0.0,0.005837693017398893
hog_0998,0.013050304096212662,0.009835441120596533,0.001892657180770918,0.0,0.023647502765890227
hog_0999,0.018796543170452207,0.0,0.03336171728538351,0.016129903981498606,0.022718402469011467
hog_1000,0.014855103905352385,0.007763854289016825,0.03187866777437298,0.009818167602797745,0.015763155699557885
hog_1001,0.006280976172735375,0.016819058538549037,0.026003423411353532,0.0019710174135905145,0.023311336048559284
hog_1002,0.0023100724703455366,0.01337561516853114,0.006441251257649938,0.0,0.0
hog_1003,0.015084979344516913,0.00732778994946659,0.014537189409011608,0.00904588021127406,0.02653583802423598
hog_1004,0.0,0.0029109058981220404,0.02590984442043953,0.03345407490227381,0.0007887526224763519
hog_1005,0.0,0.001996596356062197,0.0,0.0,0.0287364324228343
hog_1006,0.009575753072422977,0.017549882992456523,0.02512720385838696,0.0013084920596262428,0.002058741314339807
hog_1007,0.0,0.0,0.023183490456420763,0.034335554064498064,0.0
hog_1008,0.0,0.003804426844717046,0.014392834736551174,0.0,0.0
hog_1009,0.014327095480015428,0.00043987742262929785,0.04278645604396991,0.015071725135490821,0.024651274029640513
hog_1010,0.0,0.0,0.023412003773169543,0.0,0.023401442511951753
hog_1011,0.0,0.0030882784934307406,0.019424413025565856,0.016674264863963284,0.003899521842751774
hog_1012,0.003813259175496242,0.0,0.01791141648451844,0.019897145105343572,0.003804363514268827
hog_1013,0.0,0.007475782805056008,0.015249442404615232,0.0,0.020952070299719017
hog_1014,0.0,0.0,0.0,0.0,0.0
hog_1015,0.0032210110264496716,0.003631714199819669,0.025045268893118644,0.028506263067796578,0.0002214600731722527
hog_1016,0.0015620241251332878,0.01079044079774616,0.0,0.03088371661158318,0.0
hog_1017,0.02990539753218835,0.0,0.02004895244295768,0.0,0.0
hog_1018,0.023318757213411923,0.01869091421555158,0.005593582936242125,0.039980004263452606,0.0
hog_1019,0.0014736208296659559,0.024841498137931906,0.017202875850392152,0.022613759305157854,0.0
hog_1020,0.011374360845952003,0.011973364326009373,0.02535433154926836,0.0,0.0
hog_1021,0.010081619037136669,0.0,0.012431542153022779,0.009273355962646779,0.019874728650416396
hog_1022,0.0,0.0,0.005714194574192311,0.0073327766469428735,0.014887375336652076
hog_1023,0.010263612715114778,0.027169060757262553,0.027681988650324785,0.017303046495619867,0.020897774542954606
hog_1024,0.000844562480157407,0.03716992849025935,0.025760279743269443,0.0067509349167227395,0.0
hog_1025,0.012328847919274688,0.015832271122533603,0.025470597645327775,0.0,0.0
hog_1026,0.0,0.01386167310144959,0.006083961945010374,0.015709931394101373,0.0
hog_1027,0.0,0.018936547380178137,0.037575454739680714,0.0,0.0
hog_1028,0.010624532014591237,0.017614780017700005,0.034108453616402024,0.003203980606382162,0.00029884753329301184
hog_1029,0.0,0.004977782473927217,0.0,0.0,0.0
hog_1030,0.0,0.0,0.00940525604202569,0.0,0.0
hog_1031,0.015145464858652646,0.021516753778005215,0.026401642240459378,0.01414288068027525,0.015133126244824213
hog_1032,0.0,0.018733953687045002,0.029843758712307267,0.04073800660022986,0.02358282397351963
hog_1033,0.006527942019097344,0.004096029058691775,0.027421318294799546,0.007587122434868032,0.0
hog_1034,0.008042018585038502,0.0,0.0010984009956889196,0.009340780732671083,0.01719622535807397
hog_1035,0.02262577858962289,0.0318220788739374,0.01819587170477366,0.03528497693256272,0.0
hog_1036,0.018863421519755397,0.019647957799302285,0.01002715893284356,0.0,0.02735896316590103
hog_1037,0.021720983833725338,0.011331692052219289,0.005864196214277806,0.0,0.0
hog_1038,0.0,0.021185777399753025,0.011486559668615781,0.013383856115965154,0.019280527192382824
hog_1039,0.0003344327826519944,0.0,0.01826857613696342,0.00020561570558208508,0.0
hog_1040,0.0,0.0002406059891142398,0.0,0.0,0.0
hog_1041,0.005797903573066421,0.026531378562712593,0.015375865427924573,0.013368031262990243,0.00613375571695407
hog_1042,0.006592388252135928,0.004670917959473497,0.028092322799968095,0.0031627576778170408,0.0
hog_1043,0.017434251221099872,0.0,0.03196894942439066,0.0048545761784659636,0.0
hog_1044,0.0,0.0023524981673141987,0.0,0.0,0.022693585927408888
hog_1045,0.0,0.0023787301053108667,0.0122985006234273,0.005165579367620188,0.0
hog_1046,0.0,0.018498820570340024,0.00029334044870044096,0.021415345635983796,0.0
hog_1047,0.0,0.015222720430400516,0.02758320830480665,0.0,0.0
hog_1048,0.007493945626251053,0.0,0.03624270848098199,0.0,0.0
hog_1049,0.014337250857956008,0.02988135994512553,0.03561073831161132,0.01603072754472956,0.0
hog_1050,0.004957704949910768,0.0035050426641338728,0.027485719285428978,0.01802030950805089,0.0
hog_1051,0.00469382508729832,0.016380541421329164,0.022565985625694562,0.01988210975431204,0.003612155657932936
hog_1052,0.0,0.00014041498030992194,0.014482377128621549,0.0,0.004661007327327216
hog_1053,0.018888694230821068,0.0,0.002844623339061325,0.007643673825100228,0.03129604107567485
hog_1054,0.007646002296821441,0.021329908405885112,0.00020048892707658084,0.017626412603656716,0.009138463519594353
hog_1055,0.0,0.010914459703554202,0.02575715360926667,0.005870947103706392,0.01271062787024424
hog_1056,0.0006725300699355063,0.0,0.04802834096870301,0.012734600454616052,0.015387250602670655
hog_1057,0.0,0.0,0.019885668034144155,0.023346414705327945,0.018480872981385232
hog_1058,0.0,0.0037643666734579195,0.0,0.0,0.01866499431962132
hog_1059,0.003422243610884612,0.0030110489028152276,0.03204891616602512,0.027025346856845323,0.0
hog_1060,0.0,0.0013506531586691128,0.002209101242646616,0.0,0.0
hog_1061,0.0,0.0,0.0038636163820828795,0.0,0.0
hog_1062,0.009418699575033385,0.024333344667213375,0.02862593579119843,0.004627038592458721,0.026520594037885425
hog_1063,0.0,0.012629679644738934,0.009516173964898123,0.013872475840784437,0.0
hog_1064,0.04004646618207497,0.0,0.02143818484185167,0.02164575387746215,0.009244091561664725
hog_1065,0.0,0.00042133143534739403,0.019331996352307756,0.0,0.0007473171234515519
hog_1066,0.0,0.0,0.0,0.0,0.0
hog_1067,0.007364713863615924,0.0,0.023931147968542454,0.01798442896993846,0.00823678909230896
hog_1068,0.0,0.017108171235369785,0.005789039191019585,0.008893321027865442,0.0018351921773192004
hog_1069,0.0,0.0,0.0,0.009774166280946517,0.007909954832964194
hog_1070,0.006822018711545752,0.0,0.0,0.007878239150125976,0.0008173785104770293
hog_1071,0.020718729639506828,0.002454846558777257,0.005591633875732027,0.004128002293789734,0.030262311150138332
hog_1072,0.0,0.0,0.014791541019303578,0.0,0.0
hog_1073,0.0,0.005467562248246516,0.031003570649275947,0.011688907410498661,0.0009880127581793907
hog_1074,0.0,0.0,0.028051574640315158,0.0,0.00544948003990009
hog_1075,0.0,0.0,0.0,0.007097059526240068,0.0
hog_1076,0.016041739233787267,0.015893988408515636,0.015262666697368976,0.014623793147456876,0.002004426464857101
hog_1077,0.0,0.00690742497946939,0.006253413631800875,0.010976666147443082,0.014641546653841653
hog_1078,0.0,0.02853998044460737,0.03233607831552732,0.025709386814381396,0.01934371824217407
hog_1079,0.0,0.02249030591279011,0.016329647885010123,0.00925281547663892,0.021750741112971372
hog_1080,0.020503349781269664,0.012435008152660076,0.01755055939938277,0.03145369371546347,0.0068764682302810964
hog_1081,0.0,0.0,0.0,0.013715979675885004,0.004895454180077641
hog_1082,0.0,0.005093706976012635,0.01716291106084844,0.008088053680312068,0.0
hog_1083,0.0,0.00034846250584696925,0.012949504816710533,0.0,0.009244583381353033
hog_1084,0.007331769377546538,0.023532484769058337,0.02541545397317968,0.017775938449604345,0.0
hog_1085,0.01792138401127863,0.0,0.008020167399162892,0.03904745816809174,0.003219802295136409
hog_1086,0.0,0.014851407145194173,0.007820011022044993,0.016608179334241635,0.0
hog_1087,0.021367750392913054,0.010456480819754477,0.0,0.016799278554877173,0.004170843148080472
hog_1088,0.0041261084709927065,0.029122398381417502,0.020907264882152443,0.02746781201307069,0.022662878422962107
hog_1089,0.0,0.027264485290712237,0.012304499475290331,0.0,0.0
hog_1090,0.0,0.01715255762701018,0.0071110884861860235,0.020442260679483626,0.0
hog_1091,0.029470606482901562,0.01345693316683838,0.02674915566941438,0.0,0.0
hog_1092,0.019595078804341526,0.019634660177161534,0.00941113397595017,0.032793946365873294,0.04426146506118123
hog_1093,0.03465458348279227,0.037520785800426726,0.01794186669097675,0.010693302859636322,0.0014525186579665839
hog_1094,0.0,0.007980099222305137,0.0,0.01481827725744389,0.0
hog_1095,0.004761134135043088,0.010355892891048546,0.019855917982162907,0.0,0.01480283438157537
hog_1096,0.015500465396163676,0.01802865512408558,0.03437959245951516,0.017044058668493012,0.009822728829509186
hog_1097,0.0,0.018002070933483605,0.01509979106757453,0.0486772878442574,0.0028367021927471203
hog_1098,0.0,0.00827220295190867,0.0,0.0,0.0
hog_1099,0.011119205899358109,0.0,0.013351800660977409,0.0,0.014573895049432517
hog_1100,0.027776150655698828,0.0,0.0,0.0,0.0
hog_1101,0.0,0.027637838192018815,0.010657822190862865,0.013254078899134658,0.002789875351809412
hog_1102,0.0,0.0,0.028065096220276198,0.01273897422759629,0.0
hog_1103,0.0,0.0,0.0,0.0,0.0
hog_1104,0.0,0.035495605206167236,0.006987670747878649,0.004847476272192397,0.010744809437915004
hog_1105,0.0,0.0,0.0,0.0020848091807577074,0.0
hog_1106,0.007708525557874157,0.017681350510713623,0.04903920455610211,0.014713183757800063,0.005600568665909744
hog_1107,0.0,0.006836976472039291,0.013014177159239582,0.011483865676438887,0.0
hog_1108,0.008241359175003904,0.006899255098524959,0.016913082856195194,0.0,0.017580655008660795
hog_1109,0.0,0.0,0.0,0.0,0.0
hog_1110,0.009834252159703682,0.013922102135296877,0.020093936525874323,0.005126412365860755,0.0011735890308157693
hog_1111,0.0,0.0,0.03032312129418746,0.0,0.0010819725473927289
hog_1112,0.006407018795495434,0.006940259845412022,0.01620198035989695,0.0,0.01594281062265468
hog_1113,0.0,0.0,0.0019032268212466619,0.0,0.0
hog_1114,0.004893312316860632,0.0029365948596042912,0.03887724528858949,0.00041834610199775746,0.021011423241300342
hog_1115,0.017318176819310915,0.004794725203816519,0.010589187153989599,0.03222310693693786,0.0
hog_1116,0.0,0.0,0.0,0.0,0.0
hog_1117,0.0003044551738931034,0.014138929231581443,0.00016624939348708345,0.01641339583640522,0.0199036415850542
hog_1118,0.0,0.02271520387482706,0.01839087103317616,0.0,0.0
hog_1119,0.012619220988665525,0.006052382477098606,0.0239193889608198,0.0,0.0
hog_1120,0.0,0.0,0.019760811399827105,0.02172088968184549,0.0
hog_1121,0.0,0.0,0.008070694759225283,0.004172104141988431,0.0070021917422966595
hog_1122,0.003554936839691436,0.0019489493106472633,0.0,0.0,0.0
hog_1123,0.01994988433377931,0.022754572021331576,0.039050436432762625,0.04056327621396405,0.011903240084127464
hog_1124,0.0,0.008760102584372431,0.031873095783997885,0.0,0.0
hog_1125,0.013247256420265696,0.0026382036499734696,0.0,0.0,0.00400322265168529
hog_1126,0.0,0.013896919767539373,0.02001644155107174,0.002072423816999791,0.004431456736694539
hog_1127,0.010641253791941585,0.023657296621016677,0.007463680001828177,0.02436916402654843,0.0
hog_1128,0.0049786050640356905,0.006510583750032328,0.02477918286918146,0.02860362844628761,0.015016592087454983
hog_1129,0.0,0.0,0.0,0.012458091652254533,0.0
hog_1130,0.0,0.0,0.0,0.0,0.0
hog_1131,0.0,0.0,0.005093457094591303,0.0,0.0
hog_1132,0.0,0.004369701046656349,0.0,0.0,0.005028092754155056
hog_1133,0.00510086783860908,0.009055857361102149,0.028382294122164087,0.02075335176628279,0.0018254707234079959
hog_1134,0.0,0.0,0.0,0.016797735615440512,0.005819155609950277
hog_1135,0.0,0.0,0.0,0.012042579400856512,0.0
hog_1136,0.005566893720345689,0.013263251600388992,0.0,0.002272109479664941,0.0
hog_1137,0.0,0.0,0.0039883847480537415,0.0,0.0
hog_1138,0.0,0.0,0.015367716179236268,0.006095182303905933,0.0
hog_1139,0.0,0.0,0.0008054470571203787,0.0,0.0
hog_1140,0.0,0.0037338581122243752,0.0,0.0,0.0
hog_1141,0.017318648817550963,0.0,0.0,0.012565830014650947,0.020520034995565206
hog_1142,0.006649030372853693,0.0,0.019352733196456473,0.02474920896410371,0.0
hog_1143,0.0,0.0,0.0,0.0055659241262757675,0.0
hog_1144,0.01658712835388787,0.0,0.010303934826353833,0.010123288010057685,0.0
hog_1145,0.0,0.0,0.0,0.002145464834106159,0.0
hog_1146,0.0,0.014042412405153692,0.02984843166887341,0.0,0.013682635408690969
hog_1147,0.005228016327897045,0.014256732145747852,0.01912054834894006,0.0,0.004350207526637506
hog_1148,0.013733569462382356,0.017689290081049247,0.020723006262743704,0.022756091534025247,0.010274885289412339
hog_1149,0.0,0.0,0.0,0.0,0.0
hog_1150,0.010043974087518892,0.0062559451276220646,0.024826007442052322,0.011273660861427448,0.0
hog_1151,0.0,0.0,0.0,0.0,0.0109023479241106
hog_1152,0.0,0.0038360904835792464,0.007675245834454669,0.00516793555024786,0.026933099857290754
hog_1153,0.0,0.020937110479605003,0.015650230031498902,0.013915800061498507,0.025559330506893296
hog_1154,0.01810426660487563,0.020237144136899365,0.03463578688535929,0.0,0.023233685172955765
hog_1155,0.0,0.002802773338571374,0.003478385433846265,0.011213179113873872,0.010264760391551109
hog_1156,0.011762350613537365,0.015553080648497142,0.0016332402956278358,0.02245454058684615,0.0
hog_1157,0.003199857745116441,0.005816087730700303,0.04963264691556324,0.0050863565708154646,0.01754647530653819
hog_1158,0.003579745986605154,0.02375527074196171,0.05092793783318039,0.01275415329323426,0.02635683433237146
hog_1159,0.0,0.0,0.004546690257259067,0.0,0.0
hog_1160,0.0,0.0,0.01434905165390954,0.0019834113763594896,0.0
hog_1161,0.007928406123736575,0.014983685619398335,0.028774152002446485,0.02228052597808894,0.0013421180000343647
hog_1162,0.0,0.017093134515093533,0.02189401317822215,0.002224411695484596,0.004141301611185755
hog_1163,0.014116478326915871,0.01015647902539163,0.012759882934495703,0.006953513927869581,0.0
hog_1164,0.01576704653328065,0.007007791612136494,0.019837102593675437,0.007822570738883705,0.00010353019894648874
hog_1165,0.0,0.02066946766899891,0.013656800628391919,0.02624716376956915,0.03687738346111402
hog_1166,0.0,0.0,0.017347782867962902,0.00902562822936237,0.0022245687904354217
hog_1167,0.0,0.02508590608927941,0.01408422671706444,0.021892211051302235,0.015840720743640846
hog_1168,0.0,0.0,0.033230511070426516,0.0,0.0
hog_1169,0.02573831672842153,0.0,0.03397700199365761,0.0,0.004062631521354998
hog_1170,0.000650819481792686,0.028045496976916606,0.011680677792893945,0.02362538873379716,0.006531650743263118
hog_1171,0.0,0.010491702570858186,0.0,0.0,0.005578547911221143
hog_1172,0.015491871923809741,0.020568670781464737,0.026687910670663006,0.016716223115335493,0.01326324577055149
hog_1173,0.010756358181599701,0.017532094991475233,0.032879675238608685,0.022528388380625763,0.01443219018398123
hog_1174,0.009788318284988273,0.0,0.009525844598421207,0.0,0.0
hog_1175,0.0,0.004620060571984164,0.0,0.0,0.0
hog_1176,0.019955682981910083,0.0,0.01089049722934865,0.0041670584365818275,0.018221162438275762
hog_1177,0.0,0.0,0.0,0.0,0.0
hog_1178,0.0,0.0,0.0,0.0005547015620139817,0.00128364835174688
hog_1179,0.013193136943220773,0.02945072608410948,0.027670597492524873,0.0,0.006690803200865902
hog_1180,0.006332553866196466,0.0,0.008516650108915336,0.009060952984494497,0.0
hog_1181,0.003948757300337835,0.006301878764541247,0.005344857771412137,0.015661197156816575,0.01529008710148938
hog_1182,0.003009774227965334,0.017480101729135056,0.010009194241953123,0.0,0.0
hog_1183,0.0,0.00029291960103905446,0.016549067003872153,0.0,0.0
hog_1184,0.011270657505641601,0.01046778019596406,0.020588373976200947,0.0,0.0
hog_1185,0.0,0.028409347553338904,0.0027920966887553522,0.01042471838698722,0.014414200980723768
hog_1186,0.0006328792299956643,0.0,0.020914775455805223,0.0,0.0055343770523181846
hog_1187,0.01170679456071122,0.0,0.012449670240458177,0.012038866470369447,0.009561201651621554
hog_1188,0.021701374046797284,0.03433118259900625,0.04278006362112663,0.006116932262630659,0.0
hog_1189,2.974228757302022e-05,0.017436133714067603,0.02183448734743232,0.0,0.005464092163887324
hog_1190,0.009732358619653603,0.012350043425909618,0.0,0.0,0.0018823317545340057
hog_1191,0.016903601619782105,0.017455440951592793,0.023970922692534646,0.007351241657011842,0.0011943911307932265
hog_1192,0.0,0.010001377945638046,0.0005704092774398983,0.009860555260075454,0.014464596050572487
hog_1193,0.007451322953639039,0.02015752593768494,0.047879319980310475,0.008886989950624535,0.022599330073153512
hog_1194,0.0015114939334526234,0.007211393005567279,0.027714993544252886,0.027016525855895424,0.014932527993930078
hog_1195,0.0,0.008455387458228936,0.037079350634622976,0.0,0.0
hog_1196,0.011805505841829156,0.004175522977471369,0.04699192009744668,0.015796190766731444,0.010192778893762577
hog_1197,0.026512761267309726,0.006618600452863221,0.014053608425810937,0.03774772564396289,0.010885695245679283
hog_1198,0.005983931582755009,0.014651300555402091,0.022367296618652555,0.02159083547484797,0.0
hog_1199,0.007295654334209756,0.023061122054391925,0.02220136877733969,0.009116388585768354,0.0
hog_1200,0.0,0.0,0.02199497526228078,0.0,0.0
hog_1201,0.010075714148283677,0.0,0.0,0.0,0.0
hog_1202,0.0,0.005077470732097744,0.0012446049272061277,0.0,0.0
hog_1203,0.018024275546680846,0.02793191412121865,0.023864904244438767,0.015674105364971824,0.01837333010608888
hog_1204,0.0,0.012401445201148054,0.00392892769017239,0.0,0.0
hog_1205,0.0037747345298078105,0.0,0.020350107718080768,0.0,0.0007696410297040046
hog_1206,0.012286314351130256,0.015038377941871683,0.034308505312535154,0.010673580426435292,0.0014483367887707654
hog_1207,0.0,0.0016667938348204903,0.0,0.0,0.013904980902832653
hog_1208,0.0,0.0033189643183986206,0.009193649657507796,0.004734128194033627,0.0010733043802420017
hog_1209,0.012161125109227067,0.0003413579011846135,0.0,0.0,0.029478665052299124
hog_1210,0.0,0.005828926801582313,0.02807780643620128,0.0,0.0
hog_1211,0.00972853308011401,0.003501432682845307,0.026736547717081116,0.0,0.0
hog_1212,0.018011392333955323,0.0,0.0,0.0,0.0
hog_1213,0.023201302597533058,0.0,0.004010469666810623,0.0006900443792108302,0.013287347412956674
hog_1214,0.0,0.0036465012726356605,0.008438912888811823,0.024321161253638035,0.0
hog_1215,0.017640148721647098,0.003294426715355847,0.0,0.010707321068901487,0.0013114076535414299
hog_1216,0.0,0.0,0.01451110052065907,0.0022568662373858572,0.0
hog_1217,0.0,0.011119639639287415,0.007835393904280341,0.0,0.0
hog_1218,0.012153139723470652,0.0,0.0035477780367150213,0.0,0.025423443328595585
hog_1219,0.0,0.022933236454992123,0.002819812899611307,0.0,0.0016088960207447656
hog_1220,0.012984120046068082,0.004292752342993644,0.040137324495097326,0.024180653982609268,0.003122749833187166
hog_1221,0.01293852295571063,0.0,0.02976306213526403,0.0,0.01991335445913167
hog_1222,0.0,0.010642621471880664,0.003657374497687771,0.0,0.01441730041397049
hog_1223,0.0,0.0,0.022407880532964164,0.028955728255969815,0.00923513634787776
hog_1224,0.0,0.0384753081596092,0.01438830078350839,0.0,0.0
hog_1225,0.0,0.021480782202373483,0.024942508699192345,0.0,0.01151139606505125
hog_1226,0.013111102891254944,0.0,0.014244709463834715,0.009996311811652836,0.034675326210474866
hog_1227,0.023888093723013037,0.0,0.037960141321143004,0.016036734502168137,0.0
hog_1228,0.01990797179283743,0.021796747409806194,0.05366453625409351,0.01244946469285213,0.019600327930230366
hog_1229,0.0,0.0,0.008675595369481703,0.0,0.0019415781174760838
hog_1230,0.011456062198281769,0.0,0.016151852937132727,5.266630275002626e-05,0.0
hog_1231,0.007055491835643801,0.0,0.02538814643385079,0.0,0.0
hog_1232,0.009752685660726401,0.0,0.014409167170287507,0.0,0.005302789171183653
hog_1233,0.02207540643487227,0.03901309588829083,0.03373120351477632,0.009012941263550456,0.0
hog_1234,0.023525647424103235,0.03901899460655356,0.04225471627376298,0.0,0.0
hog_1235,0.011868406822673094,0.0,0.01591371740411951,0.0,0.0
hog_1236,0.0,0.0,0.0023580586358888933,0.0012367467239629004,0.0
hog_1237,0.0,0.0,0.0,0.0,0.0
hog_1238,0.004459312848315022,0.0337872717800165,0.02357637521901279,0.0,0.0
hog_1239,0.02476724946993314,0.00010381256253610971,0.048773954298073185,0.022144456690234016,0.0
hog_1240,0.005989543622381355,0.005991106218343312,0.02136829736593482,0.0,0.0
hog_1241,0.0,0.0,0.000983608847538786,0.0,0.0
hog_1242,0.0,0.0028367126003971954,0.006111236692735389,0.0,0.0
hog_1243,0.019523942794115845,0.02795852762209705,0.034463588521701505,0.0,0.0
hog_1244,0.0,0.013647405626218578,0.015413842406580391,0.0,0.0
hog_1245,0.0011393317381551693,0.005409119854450584,0.02075451355189406,0.014332005005014192,0.005188717736726911
hog_1246,0.0,0.0,0.014729629273713352,0.01130632583765978,0.003108258605460712
hog_1247,0.008928634084967912,0.02513556863617783,0.027899755240306412,0.02755007519683783,0.01581959669087274
hog_1248,0.019030263970605255,0.0,0.0,0.029364038490719002,0.016471682189990844
hog_1249,0.00806727890769876,0.003128629076323719,0.014676877742329841,0.024295058699685512,0.0
hog_1250,0.02138645688483365,0.00354511383537659,0.02451250522006787,0.0,0.0
hog_1251,0.007510081159718629,0.0,0.004331381872065609,0.0,0.011689127651796971
hog_1252,0.0,0.007436946665766442,0.021259679117030528,0.004635971871481237,0.0
hog_1253,0.0,0.0,0.02985512556780212,0.003161713243204689,0.0
hog_1254,0.013441250174527575,0.001018664954541837,0.021135719190970903,0.0,0.0
hog_1255,0.0028049499813731504,0.035755127468329206,0.034474266636647544,0.00529330539055306,0.0
hog_1256,0.009681997274649357,0.0034051945955357876,0.026280514050701198,0.030130486037870385,0.010596321556226806
hog_1257,0.0,0.003105362250010124,0.005560087166139205,0.0,0.018195118669999344
hog_1258,0.0020243036610734233,0.01549244526667537,0.015437893858684992,0.023879760951798445,0.0
hog_1259,0.005871772281388576,0.0,0.03212810088094886,0.0,0.0
hog_1260,0.01809221479988765,0.015082674226665871,0.0254925047175798,0.0077761421295612365,0.008645307724580942
hog_1261,0.00152504703289158,0.015007855204927534,0.04249399533422271,0.008831457412955768,0.0
hog_1262,0.0,0.010257714959742259,0.012629481065890236,0.0,0.0219884022084178
hog_1263,0.01358596190885275,0.006480284188482566,0.03050573660410194,0.0,0.0
hog_1264,0.0,0.015668707838147222,0.01316395287863692,0.004073436324045554,0.00915994464992509
hog_1265,0.0,0.0026684577387883213,0.02241387692214092,0.0,0.0
hog_1266,0.0013389110728174725,0.002570136796192335,0.007351592553212383,0.0,0.004368004398944247
hog_1267,0.00032618953780172433,0.029284041875000888,0.022078943784820337,0.0,0.0
hog_1268,0.018027175162238285,0.0,0.001248728152836831,0.00359588436211844,0.0
hog_1269,0.021270037122688823,0.018301317909601877,0.03048569351928032,0.012739085275933926,0.008273263583497892
hog_1270,0.0341605838916359,0.03306663307915003,0.04898835387309286,0.0441987374297963,0.013382034836294299
hog_1271,0.012286275072598496,0.017388350304144984,0.007510665017970597,0.0,8.48843181613379e-05
hog_1272,0.02678121942021483,0.013507902092164903,0.033966036002189615,0.011022354585989103,0.0
hog_1273,0.009569062149579866,0.003906737432261442,0.03483071254665804,0.0,0.0035291938601600403
hog_1274,0.0,0.022730861488166942,0.013682846738942267,0.01599707293072461,0.013009018588941101
hog_1275,0.0,0.0,0.0,0.0,0.0
hog_1276,0.0,0.03205969458486413,0.004500072542573896,0.015940500495745136,0.0
hog_1277,0.004424691520639845,0.01489778114064344,0.01288060450591022,0.0,0.0
hog_1278,0.03372063064757902,0.024513377494001398,0.007193037686696657,0.0,0.0
hog_1279,0.009305096805837021,0.0,0.045626270872429764,0.00774799634787704,0.005472192577712365
hog_1280,0.006717455615911305,0.016131669145145855,0.01835522455154348,0.006738984186547059,0.0003309176819732418
hog_1281,0.0,0.007835785960869757,0.012588976864270851,0.019007399987415408,0.0
hog_1282,0.011272307276855242,0.00304216413154057,0.033757230947033756,0.0,0.0
hog_1283,0.0029165245883659985,0.0,0.0022772190217952293,0.019073942227394447,0.0
hog_1284,0.0,0.006995310711912506,0.0,0.014071978300798094,0.0
hog_1285,0.0,0.00024223887297569746,0.02070717197427996,0.0,0.0
hog_1286,0.0018192858293486491,0.014585395842701354,0.043393909339973336,0.014080400110110691,0.03348874411382807
hog_1287,0.0,0.005927289721219919,0.0,0.0,0.0
hog_1288,0.0009446491885616304,0.05150667080128013,0.040591943941122643,0.019893521953223914,0.006735006361672902
hog_1289,0.03213902116812295,0.010452066738915411,0.009587045525700555,0.011518206884244542,0.0007453083262816129
hog_1290,0.0,0.006288891999322477,0.007293599189829525,0.00757912095972646,0.0
hog_1291,0.0,0.005820955201657707,0.015116950172305854,0.0,0.0
hog_1292,0.01382332529938779,0.013900659316972153,0.010354138851451644,0.009554897284242303,0.01675581755159472
hog_1293,0.0,0.01100673670759611,0.022141854292646146,0.0,0.0
hog_1294,0.010949388992408604,0.0,0.0,0.0,0.01477072478196928
hog_1295,0.006754586654224237,0.0,0.006114595905286846,0.0,0.014239392639555426
hog_1296,0.0,0.02621121904954493,0.029301605181561552,0.0,0.0
hog_1297,0.0,0.007552757612584005,0.02924090982161509,0.009326276897920538,0.0
hog_1298,0.0,0.0,0.014408209755008894,0.01134711475398098,0.003379256991473234
hog_1299,0.0,0.014600356080875843,0.02351776870269906,0.010393787745499816,0.019349387452564537
hog_1300,0.00906078220860218,0.020668841187580833,0.015516773015358254,0.007096255883104474,0.0
hog_1301,0.004160786605067024,0.005229415907020751,0.009017647869339562,0.019276629857623684,0.0018972350060442178
hog_1302,0.019443848497932237,0.0037118724094351574,0.0044557179709086014,0.012102599950911896,0.0
hog_1303,0.0,0.0,0.007834479313962417,0.007458578332480537,0.0
hog_1304,0.002097743093894655,0.05713081147685717,0.022960319940314777,0.020753043713052977,0.0002165033264873717
hog_1305,0.0,0.01825983231232664,0.02552963335517555,0.012223409837865296,0.005734668561695466
hog_1306,0.006792454058577757,0.027363025143716246,0.00777983730318943,0.008751680674171647,0.014040910930438022
hog_1307,0.0,0.00838209614164076,0.03013509711466389,0.011146160556972484,0.002591742539305386
hog_1308,0.0,0.018411172001066678,0.025638675378766962,0.0,0.0
hog_1309,0.0060740046933387415,0.02337612263990163,0.025761393226124696,0.0,0.004329295296422231
hog_1310,0.0,0.0,0.011839484943836798,0.0,0.0
hog_1311,0.0,0.0,0.003471159282692815,0.0005445272371007448,0.0
hog_1312,0.014474111162745551,0.0,0.0195174199646726,0.026405014355362244,0.0
hog_1313,0.0019337015694209647,0.0017295512904282884,0.01095479070146066,0.009102267587258739,0.001541123646643383
hog_1314,0.001061710255872983,0.02840285119882968,0.03224087071279724,0.0,0.014859303939095403
hog_1315,0.0,0.014239898625848957,0.04431321913489095,0.003998306111703931,0.0
hog_1316,0.014396504872560278,0.009843051682303816,0.029591387934053914,0.004265854637524713,0.0
hog_1317,0.0,0.0,0.031355476633528445,0.02443693938844138,0.0
hog_1318,0.0012427309258573604,0.015950536852945563,0.0336665139780612,0.018695011061166333,0.0
hog_1319,0.0,0.0,0.0428718277988871,0.01632737763879355,0.010340138828412337
hog_1320,0.004554882836216745,0.0,0.026941838198611956,0.006671269673585778,0.0
hog_1321,0.008194871830065953,0.0,0.018247301152675366,0.0,0.0
hog_1322,0.0,0.02718434079655707,0.03751987703611115,0.032064175743356405,0.0
hog_1323,0.031606017829841404,0.015648471698733957,0.04078441778652819,0.02065459362670996,0.004013999233358323
hog_1324,0.0,0.0,0.009706618518021015,0.0,0.0
hog_1325,0.004483019300592694,0.012975948384065905,0.014626767524179574,0.011976084183121571,0.012297818421181717
hog_1326,0.0,0.011813952938062755,0.017365007605728122,0.00879386966055029,0.003627235699273257
hog_1327,0.002895902300529274,0.028924118603306237,0.03950220449890218,0.00026068868711193183,0.0
hog_1328,0.0009239386170372121,0.023041745165647276,0.012999890434176375,0.006230402261107271,0.0
hog_1329,0.010527475836120459,0.010500386110370075,0.0,0.0,0.0015187376181000634
hog_1330,0.0,0.04130502055616181,0.013089233551260238,0.0,0.0
hog_1331,0.015662440588338322,0.01525106981916835,0.021344255839896187,0.005048020420457711,0.013794280591239438
hog_1332,0.0,0.0,0.02371760416401303,0.0,0.0
hog_1333,0.02355181940682116,0.02603723710705652,0.03046045764358407,0.022433293233009355,0.0034019428232590077
hog_1334,0.008452321327930612,0.01786029962705893,0.0003798704653008578,0.0,0.0
hog_1335,0.019400703395148433,0.032413797599674554,0.015868824170786278,0.023404410137168874,0.009042044615263922
hog_1336,0.0072512038271945745,0.02523270939935718,0.03530189993642452,0.01278513509154755,0.0
hog_1337,0.0,0.0027939503163556534,0.0,0.0037508542754918217,0.0
hog_1338,0.008510748855640182,0.0,0.030020380879839825,0.0,0.0
hog_1339,0.0,0.0,0.02698527760694791,0.0,0.0
hog_1340,0.00816647782386215,0.0,0.037901956652047764,0.023208248684304156,0.014339877836547776
hog_1341,0.010064485205719231,0.010957827609697324,0.06126476266652192,0.017592408452523856,0.0
hog_1342,0.03217291956139623,0.0024365924110723025,0.01667090013857986,0.021509730553275652,0.0
hog_1343,0.03309620423074189,0.011568606449205099,0.011493883819231776,0.009710403159147729,0.004926876495507271
hog_1344,0.016353049164458122,0.009913637060517067,0.00024010398638707464,0.0260815559326113,0.026763078998069956
hog_1345,0.0048696455611754175,0.012503679587109184,0.010715967978488727,0.0023941003996990062,0.011552296749334223
hog_1346,0.0,0.0035478402510560336,0.0147752339723759,0.003099760941887908,0.0
hog_1347,0.017747294707725292,0.0,0.009164977764983151,0.0,0.0
hog_1348,0.011102391991393734,0.019766528257235016,0.05415839007219092,0.0,0.0
hog_1349,0.015481388855291156,0.011660446069668762,0.008409836680562721,0.012700763493258105,0.0
hog_1350,0.0,0.02197393645171264,0.0254294080772417,0.0,0.002481552630008599
hog_1351,0.0,0.0,0.03400431642129953,0.0019667096927722394,0.0
hog_1352,0.0036438299680998654,0.0,0.017320711544555722,0.015621932470755828,0.0
hog_1353,0.0150418618644248,0.018500852541114998,0.007405967218564902,0.0,0.02013499046201761
hog_1354,0.0,0.0039204485555115465,0.014831982331547922,0.0,0.004922731243061973
hog_1355,0.00744179098863218,0.016078405472943036,0.01856739979782307,0.0,0.0
hog_1356,0.011168169832250552,0.02231114338986373,0.04245341086380838,0.0,0.027555048593079112
hog_1357,0.0,0.012129271651780904,0.011413764278116023,0.0,0.016559777014167443
hog_1358,0.0,0.0,0.011130156340600772,0.014197058981150201,0.0
hog_1359,0.02940418422635327,0.041466071720184905,0.05487261811649202,0.0,0.018053074181979545
hog_1360,0.0,0.0,0.03069736543982171,0.0,0.009129693311106024
hog_1361,0.008867296612916187,0.00866161352382977,0.028634336606591315,0.0,0.006125051259063818
hog_1362,0.0,0.0,0.0,0.004810354156399521,0.0
hog_1363,0.0,0.006819207563776741,0.009587258166531498,0.01913540596912977,0.007686930089850108
hog_1364,0.009344164224762919,0.0,0.004199089758909702,0.0,0.0
hog_1365,0.04007063490213314,0.03415852695995003,0.014971801716239685,0.007550193159002516,0.023789042263390847
hog_1366,0.01131357961329571,0.0,0.025702669681418655,0.0,0.0
hog_1367,0.0,0.01466090945892562,0.008497835274062115,0.0,0.0
hog_1368,0.002019979233167213,0.039646095341131726,0.04544271539148759,0.0222124063771163,0.0020479287142416425
hog_1369,0.018460953217180887,0.021993694753757786,0.014378133683409233,0.003452724135201146,0.00871816705019035
hog_1370,0.0,0.0,0.0,0.0015841154937319413,0.005037277790118866
hog_1371,0.006247797181441861,0.011131605273903444,0.03552316538198186,0.009068539551816635,0.0
hog_1372,0.004904065506309729,0.03925949519730865,0.005604923846419307,0.0,0.0
hog_1373,0.008426435026440249,0.0,0.03284682885873691,0.00956531717189435,0.0
hog_1374,0.00767329486640711,0.008187183167709833,0.028914787032635836,0.011400309963944366,0.011953173154674923
hog_1375,0.0038589109934554777,0.022242039886038123,0.05406745707224303,0.02855767278255361,0.015002220206479677
hog_1376,0.012836377616529893,0.0,0.03966582356832937,0.016966278940634405,0.004840855033953595
hog_1377,0.011258699312673537,0.008835487871292846,0.03802778696919251,0.0,0.0
hog_1378,0.005214164395576981,0.0013721582795493958,0.05266262720814918,0.04266505836038892,0.010361590226570572
hog_1379,0.008195284218214915,0.025992480548900243,0.021413251494224683,0.03095489811622154,0.0015167163749933987
hog_1380,0.009360333571289292,0.0,0.007454669153945881,0.004754496427512578,0.0
hog_1381,0.008261811338969638,0.009555792230619309,0.020736603196836567,0.0,0.022575778840306038
hog_1382,0.0,0.006932479654603085,0.014059029268437051,0.0,0.008464173042914247
hog_1383,0.011497341093289704,0.037654693441970366,0.010151060336937245,0.006621792350605116,0.0
hog_1384,0.0028535690064890318,0.017948275146474124,0.03487359442670823,0.011453888464062256,0.022473429644738863
hog_1385,0.007566047747985527,0.0063313368018500515,0.022421528543296043,0.020082812758185353,0.009131517248722965
hog_1386,0.004330635031494223,0.03287706054394968,0.04455605977690458,0.0,0.0025313116262029034
hog_1387,0.0,0.00254628233890819,0.02049340013494616,0.0,0.0009973172546227094
hog_1388,0.020267789448683793,0.010211658769661014,0.0027209910090282285,0.0,0.012902167481426696
hog_1389,0.0,0.0,0.002386088612247983,0.03424852189317673,0.010315944951637013
hog_1390,0.0029916023666862746,0.03207177071024758,0.03323089416103886,0.012869825581963035,0.009898492089358557
hog_1391,0.0,0.013210676903782526,0.0326913358499854,0.0,0.002084731551865282
hog_1392,0.0,0.00760804375502766,0.0,0.0,0.0
hog_1393,0.016360886009583853,0.00902803121561524,0.05600595937543873,0.026635395434566167,0.017454839603827432
hog_1394,0.004604917856052104,0.024508605315577636,0.031141978676070048,0.0045023563623403096,0.008955661504327361
hog_1395,0.008656289079305157,0.006819647026152342,0.02209898985201275,0.0,0.0
hog_1396,0.012015778324948378,0.02104723349151394,0.0341697056519259,0.0,0.011772065819549926
hog_1397,0.021813449014957964,0.03963327309383491,0.009154773457261012,0.028519062986715138,0.048487868617941965
hog_1398,0.0,0.014880133769156423,0.011370087356253,0.0,0.0
hog_1399,0.0,0.0073157224576130275,0.03145117556573518,0.009639456821926906,0.0
hog_1400,0.0,0.004562355978675825,0.009051305040235214,0.0,0.020436908286256772
hog_1401,0.014945924543048106,0.0,0.0007869708054371038,0.018739235918941777,0.0
hog_1402,0.0,0.02152361484119525,0.04002039283475356,0.004509834368111587,0.015473940401427688
hog_1403,0.0,0.0,0.015511709024550235,0.02416646379696563,0.0
hog_1404,0.03343664811977454,0.0053276025485649026,0.04227310616330349,0.003706173378657418,0.0
hog_1405,0.029444343573891807,0.006073008443102879,0.024668338511869337,0.0,0.0
hog_1406,0.0,0.01566273924095496,0.013059100592666573,0.002686714312979843,0.0
hog_1407,0.009896501272635527,0.04530895575494975,0.02292947231284903,0.027035111581959814,0.03607515369683045
hog_1408,0.0,0.023018230096971015,0.029703997114795433,0.013258525788152786,0.0
hog_1409,0.0036241955846259,0.0,0.0,0.0,0.0
hog_1410,0.0,0.029033160379751344,0.030847290553872586,0.0,0.009693344470870446
hog_1411,0.024763995764604863,0.009903847232581198,0.05070688980415183,0.02405595132888183,0.022167351065288665
hog_1412,0.0,0.0,0.031885517741694125,0.014711318912931981,0.0
hog_1413,0.0,0.03144215896722491,0.026560753676915905,0.0007468447608467432,0.0
hog_1414,0.001131384211825237,0.0319447617702,0.03205938033743161,0.015264394971950646,0.0
hog_1415,0.0,0.007151925897552536,0.03316352129834921,0.0,0.0
hog_1416,0.0,0.0011253841811540433,0.01665751984013486,0.0,0.01896914311538045
hog_1417,0.009379686101284257,0.017815503663801913,0.015618926863378402,0.0016136032503730746,0.012085744831364487
hog_1418,0.0,0.0,0.01164567449961873,0.0,0.0
hog_1419,0.0,0.0331503098082262,0.05289738557617896,0.0,0.0
hog_1420,0.008071126892114089,0.022704989546487697,0.03490686816379407,0.0,0.0
hog_1421,0.036879106960598484,0.045284818550534345,0.040716545494624556,0.01876986578949369,0.024673089831013018
hog_1422,0.026968503990266735,0.028263019664896083,0.06963963346464364,0.009570522687728511,0.029877253043040897
hog_1423,0.006269509556890096,0.02642480739863773,0.048626402327800466,0.016613573153835492,0.027381920303761742
hog_1424,0.005860926232596375,0.009169396528413642,0.033603172350575417,0.004410258480063822,0.0
hog_1425,0.013664773806008057,0.00613381853345607,0.038559434091403944,0.012143445980465906,0.0
hog_1426,0.0006448423485765353,0.0020542758043595732,0.032629051778682694,0.0,0.0
hog_1427,0.02110428874828707,0.009538078693230867,0.031976646746411985,0.0,0.0
hog_1428,0.011476326185056562,0.045401733250563625,0.017380691884072208,0.029515707346673636,0.0014112754515378523
hog_1429,0.030147777409547327,0.0,0.029416227588415333,0.0,0.02274012466313402
hog_1430,0.01249425409754168,0.030480295833583693,0.045887425817677574,0.005732608097588576,0.04906716150857404
hog_1431,0.0,0.0033506386822612644,0.014801544955245216,0.0007048682528774108,0.013046420549786664
hog_1432,0.023259373247121573,0.0004246881447038664,0.03489483857463482,0.03175431002842233,0.028561508140767522
hog_1433,0.0,0.010359011052648581,0.0,0.0,0.006995166131935848
hog_1434,0.0,0.0,0.0,0.0,0.0027336179083341516
hog_1435,0.0,0.015029589783619679,0.013798225076145476,0.0,0.021263844247121133
hog_1436,0.0,0.0,0.013832964264929748,0.0,0.0
hog_1437,0.0,0.0,0.011030201493921421,0.0,0.005208467332369349
hog_1438,0.0,0.010406597356523495,0.03559076082300816,0.0,0.0033023502946600836
hog_1439,0.0,0.01250767841126188,0.013031229923127663,0.0,0.014507945009742729
hog_1440,0.007228913404154991,0.037477420697975106,0.0064843786484660715,0.008803825347370342,0.005081296271637559
hog_1441,0.016614118972396064,0.03652808457780754,0.03506812340802501,0.015429196143462276,0.026655976916039492
hog_1442,0.0,0.021376279721709857,0.0,0.0,0.0
hog_1443,0.007360114048748478,0.006919275271512593,0.02368524403460004,0.010483103046212028,0.023898176680560823
hog_1444,0.0,0.0037002238426191436,0.0,0.0,0.0
hog_1445,0.0,0.007567564963263385,0.009354300421770212,0.0,0.01013914136403593
hog_1446,0.0,0.0074614864588338214,0.014497208765177572,0.0050870535317553145,0.0
hog_1447,0.0,0.0,0.019580771857019563,0.0,0.0
hog_1448,0.006203449168343811,0.03296956958795705,0.026302653006484267,0.016867144681974366,0.0020691406646540234
hog_1449,0.0019875982009172066,0.012092862995368936,0.0,0.0,0.0
hog_1450,0.002119466070442888,0.0,0.034764638270257775,0.0,0.002643496341059315
hog_1451,0.0,0.0,0.015561640361487772,0.0,0.0
hog_1452,0.007445786065223947,0.004740430540146612,0.0180447630386964,0.0,0.0
hog_1453,0.018295966482900772,0.02069550456440372,0.0,0.0,0.0
hog_1454,0.0,0.003754839989823955,0.012656944649164226,0.007686642678848221,0.0
hog_1455,0.01828587406720783,0.02746766390067279,0.04131940832344516,0.0064056897037130245,0.00731555791044225
hog_1456,0.012385134546457843,0.039047875055187475,0.010888909453856677,0.0,0.0006436757251671033
hog_1457,0.02560168610006297,0.009817217412115387,0.0221881240889501,0.002850957530663223,0.022785658246613716
hog_1458,0.007788687357442425,0.019041257587166127,0.0,0.0,0.009262686557938604
hog_1459,0.0,0.0,0.03929063471907246,0.014450884287496413,0.0
hog_1460,0.014533644154263836,0.0,0.0,0.006157151876116984,0.01978916193538538
hog_1461,0.0,0.025213520562869185,0.0,0.0,0.01185315472824544
hog_1462,0.011792132922731513,0.01769743968796611,0.024919232086222154,0.0,0.010622502065082307
hog_1463,0.0046749668585079895,0.0409888804783356,0.030348255798836377,0.012126108368970767,0.042469126422867376
hog_1464,0.0,0.0,0.0,0.0,0.0
hog_1465,0.0034802757643670468,0.030122784166329186,0.04389207902854042,0.032896512684542856,0.007373666599722162
hog_1466,0.009753481817122989,0.04714203448469334,0.006727256663783487,0.007627466530932381,0.008137285785741577
hog_1467,0.010797513338300924,0.030161737708589875,0.0188858536969454,0.0007587836510818402,0.0
hog_1468,0.02354755568210032,0.026717290485756884,0.005408826724838445,0.0,0.00407166762414124
hog_1469,0.0,0.0,0.012678403480365752,0.0059456901789674,0.0004810111546769136
hog_1470,0.0,0.0,0.019977705134025525,0.005882003500916166,0.002650534194079235
hog_1471,0.0013007266428535225,0.006214417409768913,0.0,0.0,0.0
hog_1472,0.006894569895711022,0.004858696450823485,0.005850976739978586,0.0,0.010222168908571083
hog_1473,0.0,0.0,0.0014399437362668799,0.0,0.0056208339835752685
hog_1474,0.004819982776481213,0.006573231915358635,0.0040235132217532055,0.029065597052433167,0.0
hog_1475,0.0300244632237332,0.0,0.0002301458027085257,0.001732407237032163,0.0
hog_1476,0.02245229245565894,0.011454387302568314,0.026267314622628213,0.02452488864443736,0.029441905719839623
hog_1477,0.0,0.02787035536596849,0.008709848473864135,0.0,0.0
hog_1478,0.008536202529472403,0.010782703509940816,0.013383261288413273,0.010094995370158122,0.011442460273951793
hog_1479,0.0,0.0,0.032909083393528826,0.0,0.0
hog_1480,0.0,0.008811630372521195,0.0,0.0,0.0
hog_1481,0.022281123701382688,0.006724464975599309,0.0,0.004299096537370151,0.0
hog_1482,0.0,0.008281191978754876,0.006156564168437573,0.003955445800330137,0.01239295199453272
hog_1483,0.0,0.0035592965381163744,0.0,0.0,0.012637779237784308
hog_1484,0.0,0.0,0.01122998504416528,0.009255878764891312,0.009343539906669696
hog_1485,0.0,0.029063197962966747,0.01002227034943548,0.0,0.0
hog_1486,0.0,0.018263383281849732,0.006327072101598885,0.0022106625332323215,0.0025769502388124366
hog_1487,0.003918181661451747,0.0,0.005672735365938042,0.013975699749811943,0.011669834586147676
hog_1488,0.0,0.0,0.008183207091786882,0.014015824593915926,0.0
hog_1489,0.0,0.02018966117687082,0.0,0.0,0.0
hog_1490,0.0,0.0,0.02383946306998319,0.005413155724564911,0.0
hog_1491,0.0,0.0,0.011254949556255278,0.0,0.005283384609886532
hog_1492,0.0034650528920012746,0.013720920171896855,0.034097402430193435,0.0,0.0005741718163774223
hog_1493,0.006224305048574852,0.011430259079371341,0.044416665767092356,0.0009776448352931677,0.023193080412971634
hog_1494,0.022388483278141802,0.0,0.00682136951913348,0.02366984164311936,0.0036716033152008887
hog_1495,0.0,0.0,0.018633495744544204,0.011415238866741007,0.00027395340902325316
hog_1496,0.009501238237811904,0.020346837657189365,0.0,0.004478249764573228,0.0030509823032847105
hog_1497,0.0,0.007752687380528478,0.0,0.0,0.0
hog_1498,0.01348544209371938,0.0,0.02222647968468494,0.004880568544649355,0.0
hog_1499,0.0,0.0,0.0068092071329517445,0.003999503924745351,0.0
hog_1500,0.011585118735937927,0.0,0.003895751778720813,0.0209897153647991,0.014116941051111054
hog_1501,0.013572183229567436,0.010887900017448215,0.03239647347351449,0.010419500609316623,0.007062102288682981
hog_1502,0.0055301125451716615,0.0015903134128760765,0.012949394199374353,0.008257918848345591,0.0
hog_1503,0.00230119231571968,0.00964791423410527,0.005157238798997987,0.0,0.012787337842050661
hog_1504,0.0,0.0020497015870823976,0.016131111299985124,0.016360646006869706,0.0
hog_1505,0.0,0.022466440980974944,0.018886534295107227,0.008619811565805824,0.0
hog_1506,0.0,0.0,0.01751621205874132,0.0,0.0
hog_1507,0.008415285826083974,0.007888498536975153,0.0009494397848701652,0.022596083436503545,0.0018097550648283889
hog_1508,0.019654599952084073,0.011817072895806913,0.009092831975662685,0.00508323913794495,0.008925417636905575
hog_1509,0.010127908533689611,0.023513256883862965,0.013589216409547467,0.0050421951125256825,0.013088817481109016
hog_1510,0.01274226474288076,0.0,0.011376597233084595,0.0,0.0
hog_1511,0.0,0.0160596579151846,0.0026148240329750827,0.007094047030449024,0.017942243573512373
hog_1512,0.0,0.033632960438868764,0.019512424929394312,0.02053171551276045,0.0007704731661715147
hog_1513,0.005940276081510154,0.02461794761632463,0.014642559572811242,0.0019087483334645494,0.0320551621774956
hog_1514,0.014021848891286659,0.015380431660058536,0.020138784811925436,0.013979791222003879,0.0
hog_1515,0.0,0.0,0.0013076780434073676,0.0,0.0
hog_1516,0.0,0.0,0.0,0.0,0.0
hog_1517,0.0,0.0,0.012524905911696527,0.0,0.0054250623128961895
hog_1518,0.017550211104930824,0.02405033094721798,0.0330035152617818,0.005194373493544013,0.016693324241333407
hog_1519,0.010026966045957542,0.012188417640458749,0.0057108086206396624,0.0074732582283316695,0.0
hog_1520,0.0,0.0,0.0,0.006688026481157072,0.0
hog_1521,0.010609899977105819,0.018203609318589775,0.00184982050211846,0.024053347742513997,0.0
hog_1522,0.0,0.014442676094545748,0.0,0.0,0.0009035857060593067
hog_1523,0.0,0.0037626947488607065,0.014570396199426128,0.0,0.0
hog_1524,0.024102940642028337,0.0,0.01307627850707127,0.0,0.004652179990263905
hog_1525,0.0,0.0056178988098432026,0.0027530185344906144,0.0,0.02007462176325614
hog_1526,0.0,0.0,0.03339099241403387,0.015932827329818267,0.02281227648423556
hog_1527,0.0,0.0098044274384399,0.003684139782983653,0.002255392017161739,0.0
hog_1528,0.02112526525246361,0.02005733399820775,0.03247523469291469,0.013472965822846739,0.0
hog_1529,0.0008724713556449437,0.010322530630733961,0.014998541724597025,0.0,0.00019909477507162876
hog_1530,0.0,0.0,0.01997191073420579,0.01783325202188646,0.0
hog_1531,0.003927782583466932,0.02365777894804144,0.013548553823198306,0.03482825240134724,0.0
hog_1532,0.0,0.0,0.0064673115606201925,0.004399405454643457,0.0
hog_1533,0.0,0.0037383250388085543,0.020171047153280774,0.0,0.0
hog_1534,0.006404966128796374,0.0,0.019306844756121544,0.006696491592190101,0.020913514832598956
hog_1535,0.0,0.010464205044120822,0.005078644608285332,0.01146147239511719,0.02589447330527128
hog_1536,0.010820429920435082,0.007545184593297671,0.020302645465682723,0.019254111031512755,0.007397515883025285
hog_1537,0.0,0.021843845570433285,0.028961322211392693,0.019044954119867175,0.0055322818469805135
hog_1538,0.0,0.0,0.016602316752134527,0.0,0.0
hog_1539,0.0,0.0,0.005390186775196648,0.0,0.0
hog_1540,0.0,0.0,0.007610698035611874,0.0,0.0
hog_1541,0.005478131398922281,0.004164458294421136,0.023858089097725133,0.012557165407170556,0.010850533327120937
hog_1542,0.0,0.0,0.02118670388842059,0.01163978108860908,0.0
hog_1543,0.0,0.0,0.013162017817708982,0.0,0.0
hog_1544,0.0,0.0,0.02049969644056282,0.04547106124399858,0.0
hog_1545,0.0056908606830663455,0.022722311885342128,0.0,0.0,0.0
hog_1546,0.0,0.0,0.0,0.012494857048512387,0.003218552120946905
hog_1547,0.02918206519339339,0.0159850958205332,0.024953457295598058,0.017388543981327498,0.004010470651179432
hog_1548,0.003927933629960689,0.05509827147950608,0.0456061400615948,0.0071281370796389965,0.034532165343042154
hog_1549,0.010174854746892503,0.017060524515965403,0.0,0.027478246256353867,0.0
hog_1550,0.00203042353326488,0.01650607690303363,0.027416625850913645,0.03772575058062788,0.021862919190050345
hog_1551,0.0,0.0,0.021265458184010155,0.0025044448917468376,0.0
hog_1552,0.0,0.004461963409734038,0.03997946073847336,0.0005686107533127149,0.0
hog_1553,0.0,0.0,0.0017106455829791756,0.01761446833999858,0.006406977403647263
hog_1554,0.005782676984178892,0.005767001570656793,0.005902607808305982,0.00155481839196292,0.008896714576427378
hog_1555,0.02903133334061403,0.029534951131017007,0.03606428948349105,0.0,0.0
hog_1556,0.037090378459291085,0.0,0.004592279715131431,0.0,0.02474956079481272
hog_1557,0.015455372839910497,0.03460327282158149,0.020691992618940835,0.03261075305726546,0.007331113302179393
hog_1558,0.0,0.0031347715416374378,0.0041077892835768015,0.0,0.0
hog_1559,0.02806893477222716,0.015489972746766778,0.03734606784742378,0.02826832184864525,0.0
hog_1560,0.021172239933484605,0.007833827027989626,0.028089356794797737,0.01933003648742071,0.0
hog_1561,0.004415355944457744,0.046968414793749025,0.03933237638485698,0.014970493022552267,0.03126588857178292
hog_1562,0.02004779270412671,8.923439735397665e-05,0.02933511960080848,0.0014737294832671832,0.0
hog_1563,0.0,0.02252115035839175,0.019606427914436786,0.011762542852437496,0.021587618662420427
hog_1564,0.007560512481953108,0.004473763650718832,0.0402402195829763,0.0,0.0
hog_1565,0.0018791495912870992,0.005611327635336227,0.02954392492741187,0.0,0.015034594461542872
hog_1566,0.01320805294750138,0.0,0.036103080334146,0.0,0.018649130786439594
hog_1567,0.0020577652537523416,0.0,0.004911130682358156,0.0,0.00974956910233149
hog_1568,0.0,0.010357526285020624,0.020365102461790796,0.010044019924618564,0.01910500001304083
hog_1569,0.00540046178212461,0.020063172034763266,0.03137359795798478,0.0042328734963501535,0.003898689560538182
hog_1570,0.005658222190606521,0.006318390123102979,0.018102441792782864,0.0,0.013977199839941168
hog_1571,0.007446464949831366,0.0,0.002931915394578155,0.005934371403205407,0.0
hog_1572,0.014932630637429112,0.0076661642806126196,0.01645231539990588,0.0,0.0
hog_1573,0.0,0.023337010600369634,0.0030508676229052956,0.009503280537371817,0.0
hog_1574,0.0,0.0026929581075778586,0.0009032266801032307,0.0,0.02949249307844881
hog_1575,0.025571936675756524,0.0030558003646325993,0.02535522975083837,0.0,0.0
hog_1576,0.007623365182535258,0.024594592630390544,0.03274079547801856,0.012955864295233877,0.0
hog_1577,0.02379367975358515,0.0,0.009300817708754794,0.0,0.006314744487753821
hog_1578,0.0035899827099594717,0.0,0.0,0.0,0.01675986447922373
hog_1579,0.01702578586280601,0.0,0.028187691548740013,0.011340995794619335,0.02027261784688772
hog_1580,0.004033491514536358,0.0,0.006544122334923852,0.0,0.02290589566267598
hog_1581,0.012707010455912604,0.002765135342169378,0.02260524429781774,0.005662431770708798,0.0
hog_1582,0.0,0.0,0.0040592243455477295,0.007476326237985553,0.0
hog_1583,0.0004000734765752245,0.0,0.013564005424645975,0.0,0.0012221397931340139
hog_1584,0.007244149995816462,0.011086161305001951,0.018856311906034984,0.0069753926339586325,0.0031959408957429325
hog_1585,0.0,0.002147420326614524,0.02846506812245253,0.0,0.0
hog_1586,0.0,0.03691531471503118,0.03609648295988799,0.02769614936076903,0.010367563041104422
hog_1587,0.0,0.0007097782663088026,0.01595452960527255,0.0027134272854649755,0.003126714395180752
hog_1588,0.0,0.012878685769394549,0.0,0.0063596323630055185,0.0
hog_1589,0.0,0.013583557898899201,0.028803212371947273,0.00666990272237622,0.012015383134820867
hog_1590,0.0,0.009893361414066826,0.011270041947646803,0.023496482640474214,0.026953774356694327
hog_1591,0.0,0.011223459430607319,0.008592544074861319,0.0,0.006540876845064325
hog_1592,0.01073556759555161,0.01752627936394191,0.0,0.006664103345516148,0.0
hog_1593,0.0,0.0004626276741224178,0.009670304867453128,0.0,0.0
hog_1594,0.008964841166868576,0.018618186333606568,0.05962558989695177,0.011609779314038615,0.019150498398875282
hog_1595,0.028192394367635876,0.02227221184701378,0.016527955830443197,0.0,0.020396221046908858
hog_1596,0.011371210474498072,0.0,0.0027050192748248048,0.0,0.01540088863364053
hog_1597,0.0,0.0,0.0,0.0,0.0
hog_1598,0.015933826512216198,0.0261933481728176,0.01937900005978377,0.0,0.010493268971556668
hog_1599,0.029516536130984372,0.012232451862539184,0.0,0.011134049832269177,0.006236419762114531
hog_1600,0.012896418022552147,0.006124817846934194,0.0,0.03285652575445619,0.03413958357717428
hog_1601,0.016133463714955276,0.01545769612230874,0.009119556427558573,0.01008942391827583,0.03502685666362648
hog_1602,0.015221539213219781,0.022905036455816985,0.05158798630022776,0.029017430967357205,0.009733002180046801
hog_1603,0.0,0.0025813780351120474,0.015677453406280017,0.020296874072043725,0.004248684307854189
hog_1604,0.0,0.0,0.014741995525575424,0.0,0.0
hog_1605,0.008760146818266312,0.0,0.019484669210960037,0.004096128530298504,0.006483135635005244
hog_1606,0.0,0.0030238228597785355,0.012361727019111424,0.0,0.0
hog_1607,0.0,0.0,0.0,0.0,0.0
hog_1608,0.0,0.008171054284859869,0.025834406009122235,0.0,0.0
hog_1609,0.0,0.0,0.025128898890262263,0.0,0.016130925330720247
hog_1610,0.0,0.0,0.008287609084457248,0.008164396809576813,0.0
hog_1611,0.0,0.0,0.01668904175374042,0.013676764819595233,0.0
hog_1612,0.006515564399051765,0.0,0.022914365983542684,0.02880210831440344,0.013767567657108737
hog_1613,0.011236868494699292,0.019045609998293633,0.007159818822848996,0.0,0.0160632672943124
hog_1614,0.0050691643063807135,0.0,0.0,0.0,0.013462223564343567
hog_1615,0.0,0.0,0.0,0.0,0.0
hog_1616,0.0,0.002047190000924237,0.0,0.0027239897855231288,0.015928407390959576
hog_1617,0.0,0.01952366873804534,0.0,0.0,0.0
hog_1618,0.0,0.0,0.0010412633387613113,0.009912573989601103,0.0068631841433364205
hog_1619,0.0006003977059174659,0.0,0.013972679548663214,0.0359639450042073,0.010419247375738738
hog_1620,0.0,0.016270333113524327,0.0,0.027067528410180453,0.0
hog_1621,0.0,0.013067708056631266,0.02105510022089474,0.0,0.008653593634638579
hog_1622,0.0002517549900287186,0.0,0.0,0.0,0.0
hog_1623,0.0,0.017525601027799542,0.0,0.0,0.011350051952814466
hog_1624,0.0,0.0274642502545126,0.024202033984432214,0.0,0.0
hog_1625,0.0,0.018261796264336327,0.006500529843285863,0.029633356460514904,0.01584107895265241
hog_1626,0.0,0.032493032838580405,0.012603318775277872,0.01714555336956436,0.0
hog_1627,0.0,0.008593982561648783,0.01838940681189083,0.0,0.0
hog_1628,0.0,0.0,0.0388833918014051,0.02240402746661818,0.003963805315924995
hog_1629,0.014813830694436092,0.0,0.0,0.0,0.0
hog_1630,0.0,0.0,0.01748710631756123,0.012753120245982519,0.010601468222716903
hog_1631,0.00019646945338114286,0.0,0.029099411457688573,0.0,0.0007023015210565475
hog_1632,0.02472855794897444,0.018529626215503248,0.029238494844539664,0.0,0.013497529188402524
hog_1633,0.0,0.01319898931790875,0.04095621642663971,0.00785545204408633,0.0
hog_1634,0.0,0.0,0.020224056356900943,0.010789860330005174,0.030337770403125575
hog_1635,0.0,0.0,0.0,0.0,0.030089809948087298
hog_1636,0.0,0.021073003069680185,0.015618397844633813,0.011864895948626497,0.002684500359216635
hog_1637,0.024290002262775445,0.005281495901037658,0.014024368784963714,0.01319766862185956,0.0
hog_1638,0.0,6.326778984844239e-05,0.025347872817756967,0.004295177992740706,0.01944887543663043
hog_1639,0.009781090525003311,0.03077005035718794,0.0,0.0,0.026272070658315272
hog_1640,0.022287343919656255,0.0,0.0078539250521239,0.015499630927761077,0.016804219798795872
hog_1641,0.0,0.009042641318335987,0.0006120801561639855,0.0,0.0
hog_1642,0.011955455973396978,0.00490128833652248,0.026616559580279642,0.02171302685308607,0.0
hog_1643,0.0025656810511902606,0.0,0.008808676830964535,0.0,0.0
hog_1644,0.0017176761487018855,0.0033069549983535396,0.014151193572509602,0.037499713851833594,0.0
hog_1645,0.0024906491636653705,0.0,0.022779940725278447,0.0,0.0
hog_1646,0.0,0.01044842666108936,0.020160885216772506,0.0,0.0
hog_1647,0.007187956507762383,0.0046354391700556,0.0,0.006702700296534081,0.004416378716620262
hog_1648,0.03304380384628436,0.026688425647280578,0.02538021065551166,0.0,0.0
hog_1649,0.007601678224412378,0.0013200247559153055,0.00027555661440792356,0.0,0.0
hog_1650,0.006471026425292514,0.01301705764372385,0.02432988320104168,0.004439363764829007,0.0032810608457594093
hog_1651,0.0,0.009382401547663788,0.0,0.0,0.0
hog_1652,0.008915970384811178,0.033050201636813714,0.02738792933616252,0.021004970447018545,0.0
hog_1653,0.010579299001237663,0.005220172294027714,0.004223585715999345,0.0,0.0
hog_1654,0.0,0.006347970190622165,0.043555964843366324,0.010867585000415847,0.0
hog_1655,0.0,0.0116885580574706,1.4054995756573874e-05,0.014225752222954302,0.0
hog_1656,0.0,0.013257464703984256,0.0,0.0,0.0
hog_1657,0.0,0.0,0.028856703630277147,0.0,0.0
hog_1658,0.0,0.004837396010944239,0.03403058280903504,0.034997249798030206,0.021687253286083674
hog_1659,0.0,0.0,0.0,0.0,0.0
hog_1660,0.0,0.031648628117883604,0.002986010034779829,0.0,0.015528988824766055
hog_1661,0.0,0.0,0.0,0.0,0.0
hog_1662,0.0,0.011468957289301862,0.0024274917428330767,0.0,0.0
hog_1663,0.0,0.016866087269636232,0.00620945231721115,0.0013715515200072304,0.033353380090596296
hog_1664,0.02715104755962039,0.01070608530438344,0.045963024910062655,0.03157125651318715,0.005294511875478136
hog_1665,0.0,0.01787970854155696,0.01355460717520618,0.0,0.0
hog_1666,0.008212614960473541,0.00418775712981212,0.0,0.009374707837895624,0.0
hog_1667,0.0012204136866982296,0.0,0.0058460247183309555,0.0,0.006159643222766187
hog_1668,0.0034267851081977163,0.0,0.0,0.0,0.0
hog_1669,0.0,0.00024871061422993,0.0,0.009293560669176859,0.0
hog_1670,0.010473079223162873,0.0,0.02914501758813004,0.0,0.003213977174939764
hog_1671,0.013738543134773407,0.0,0.03262491123383149,0.024520433887639692,0.013405333437724654
hog_1672,0.0,0.0,0.028003150803537435,0.0,0.0
hog_1673,0.0007680974344104197,0.0,0.010883290019541692,0.022969006425629157,0.02594493508840845
hog_1674,0.02294945398973014,0.004775549191336825,0.015739998928107957,0.013697590691503336,0.0020621254622879004
hog_1675,0.01567270634306217,0.0,0.013763104041825791,0.0,0.0
hog_1676,0.02478602198476665,0.007789352580285458,0.02219949906895069,0.01841091722181476,0.0
hog_1677,0.0,0.0,0.0010454401068491492,0.0,0.0
hog_1678,0.0,0.0,0.029082181809419128,0.0,0.009284766504657815
hog_1679,0.02403647974362766,0.023954078032176307,0.03005315743206305,0.01955492692436467,0.012254626689867765
hog_1680,0.014778275971381483,0.002734967005665334,0.009115628482315952,0.00406857635266733,0.009067804919385525
hog_1681,0.0,0.009576761672710266,0.0012930435418558872,0.0,0.0
hog_1682,0.004760287040439071,0.01540411554089216,0.0,0.0,0.01535780336340209
hog_1683,0.0,0.01535491057372429,0.0,0.009532225681863071,0.0
hog_1684,0.0,0.010122678500519733,0.018791580825133325,0.0,0.0012460926289303842
hog_1685,0.0,0.0,0.022928019241128084,0.0,0.0
hog_1686,0.0,0.0,0.0,0.0,0.0
hog_1687,0.003187012572082537,0.033253011708977986,0.010311193883362657,0.0,0.009528757292759149
hog_1688,0.0,0.007837010756087892,0.0,0.0,0.01699187958007431
hog_1689,0.00826083613751627,0.006009484250100838,0.0,0.0,0.0
hog_1690,0.0,0.010844486546520482,0.016864795042372593,0.0,0.00048357293113565625
hog_1691,0.008218818471659617,0.03315935536532155,0.021373174366575487,0.0165535237115646,0.02282649006593851
hog_1692,0.0,0.015996805199260722,0.0050348750416622234,0.0,0.0
hog_1693,0.004342386580660218,0.0051235985343762724,0.00780871616529355,0.0,0.004049889919991223
hog_1694,0.030151350555466028,0.02399051169148847,0.07471362220338973,0.03008619428270687,0.021981423455377902
hog_1695,0.0,0.0,0.0,0.0,0.0008996313271050216
hog_1696,0.0,0.0,0.0,0.0,0.014794466286147001
hog_1697,0.0,0.011982454811209742,0.01434863208585524,0.0,0.0015447902502312427
hog_1698,0.04462869933297231,0.002801572391992524,0.02860358988738021,0.008472414082397961,0.004632147570781786
hog_1699,0.010918301892650417,0.030079887802011207,0.030139428828733328,0.009337199463333778,0.00043826284906089974
hog_1700,0.0,0.004024220906526432,0.03614543266337389,0.0,0.021888606025375568
hog_1701,0.0,0.008253760743209382,0.01704859216645449,0.0,0.0
hog_1702,0.002805291629043083,0.0,0.01585415469577023,0.0,0.0
hog_1703,0.0,0.019366206800487618,0.0,0.0,0.0014636454134473453
hog_1704,0.0032190269612326627,0.0,0.0,0.0,0.018298627420297642
hog_1705,0.011544096955952377,0.0,0.0,0.0,0.0
hog_1706,0.004848870424197349,0.024296181963676666,0.03329722964382098,0.0034229524999795924,0.0
hog_1707,0.004755858369664079,0.0,0.0,0.0,0.0
hog_1708,0.021276483043898953,0.017278247531745228,0.035675503367538,0.0,0.007822815392627858
hog_1709,0.0011595589816104646,0.017491755812618637,0.011905711244963424,0.011074972097384395,0.0
hog_1710,0.011634113678197888,0.015186755835232324,0.024067796780269157,0.0,0.0
hog_1711,0.0,0.0,0.006133594176752188,0.0,0.0
hog_1712,0.003071372274587869,0.0,0.020403947933056665,0.0,0.006209114842477659
hog_1713,0.016982083611631893,0.028863134657218792,0.01361130305674485,0.02362626614355756,0.013714936154102464
hog_1714,0.011119479138484323,0.0,0.0077586284071049505,0.02078111673932903,0.0
hog_1715,0.008735853884309419,0.0,0.0,0.00924184219163715,0.0
hog_1716,0.0018351795165989504,0.0,0.018580257263376865,0.006110420916833448,0.0
hog_1717,0.0,0.006452069959900664,0.0011611848850083817,0.0,0.0
hog_1718,0.0,0.0257028200851257,0.0,0.0,0.004385846253051717
hog_1719,0.006092162010707058,0.0,0.0,0.02665889314663472,0.007260002617229366
hog_1720,0.025127931640758883,0.0,0.029920687375693644,0.0,0.007961223975758047
hog_1721,0.015062717744655618,0.005352323287889815,0.026687585203294173,0.018790003239272934,0.03191607632580373
hog_1722,0.0,0.0,0.0,0.0,0.0
hog_1723,0.0008103796636742544,0.005339739921763398,0.009994558399731401,0.01136580417444888,0.003948441906115097
hog_1724,0.0,0.00553818400924988,0.009159645997308452,0.005792787161699842,0.0
hog_1725,0.0,0.0,0.0,0.0,0.0
hog_1726,0.02523909578881911,0.0008800619654993902,0.03361049958348983,0.011033205827939652,0.0
hog_1727,0.0,0.011024519350496087,0.0001953127790503828,0.0037211336168321285,0.0
hog_1728,0.0,0.0008700504388057251,0.0,0.0022832799205749765,0.0
hog_1729,0.0,0.019176605359724874,0.013495795848565306,0.0,0.0
hog_1730,0.0,0.0,0.0,0.0,0.0
hog_1731,0.024285297921017746,0.012147163468565259,0.014599739230344744,0.0,0.0
hog_1732,0.023077975364955483,0.02420255250130876,0.04619556069213404,0.022192477136757427,0.01772652343301484
hog_1733,0.01377078652915631,0.016898165428974155,0.013158327772036849,0.0,0.005683070489483244
hog_1734,0.014648955012228626,0.020267389303194383,0.018677323352571662,0.023314864538687807,0.027070303597055645
hog_1735,0.027135389708484503,0.0,0.033943913817428895,0.0,0.0
hog_1736,0.028795019396607113,0.0027501654655854857,0.019841174202229528,0.039972325983577583,0.0
hog_1737,0.0010704263350849175,0.02234651942813559,0.004605047098096726,0.014680611886578099,0.0001124269149144208
hog_1738,0.005494343230391552,0.009012641828508139,0.018771236202752783,0.01174601768636574,0.0
hog_1739,0.0,0.01325374918345501,0.03509142696481771,0.00122522587528473,0.0
hog_1740,0.0,0.0,0.02205336864708518,0.02822602976235289,0.009390454651588609
hog_1741,0.0252266647183661,0.0,0.012686879995434941,0.007578960182773153,0.0
hog_1742,0.0,0.01451043713881739,0.014947807400380597,0.000591468691881536,0.008787006211729231
hog_1743,0.009782257671363537,0.0,0.035129482255804145,0.0,0.019930529744164094
hog_1744,0.006042205129874967,0.0,0.03593279487046219,0.0028097658109071943,0.009440424887352084
hog_1745,0.0,0.008397312129428292,0.019787960954287698,0.0,0.0013036810051898495
hog_1746,0.01578831926608859,0.03152655576038588,0.0206741476195893,0.005213605770550522,0.004564513946819337
hog_1747,0.008736369949019052,0.0049839488237328755,0.030406546577780746,0.0,0.0
hog_1748,0.0,0.00032179378009589144,0.02679959154812739,0.019337148490607747,0.0
hog_1749,0.022481425903910113,0.0251147056872687,0.033211652235640265,0.0,0.0
hog_1750,0.0029721121451284915,0.03445006118727734,0.011457920459068571,0.01728288771823938,0.0254287584645565
hog_1751,0.0,0.0,0.017638896526191328,0.004103719416303386,0.00847358611758442
hog_1752,0.0011881606374304354,0.0033636224596884645,0.0026708910593744584,0.0,0.0
hog_1753,0.01420416956139614,0.010795477562789424,0.035051803128052006,0.03193447037043762,0.003210612392025025
hog_1754,0.01868769891427946,0.042224052523782696,0.025235457498298475,0.03158264958102652,0.0049300476165812235
hog_1755,0.01605777001427544,0.0020167564643331914,0.03658008020134318,0.03652618970027022,0.0
hog_1756,0.006312584564880153,0.003316125080016441,0.04979845664900773,0.003762396134598278,0.008296193098666693
hog_1757,0.018348176700918817,0.0,0.03187063948944857,0.016714048440104046,0.0
hog_1758,0.0024750879957864402,0.0,0.010944932883041991,0.0,0.0
hog_1759,0.0,0.0,0.006358827392815014,0.005728560989694875,0.008184496486977055
hog_1760,0.0,0.010164597147348964,0.031838113978277294,0.009594343205384659,0.0
hog_1761,0.004143411594395241,0.009565713746607862,0.00596815874554002,0.0,0.005793838208575375
hog_1762,0.02149384710659552,0.04290185943203251,0.04047833845671667,0.012802608572781704,0.0
hog_1763,0.02877124398732045,0.0,0.05443909465752794,0.004866016395118189,0.0
hog_1764,0.02902390711550895,0.03147360203227456,0.007259084263197657,0.01370675599806881,0.0
hog_1765,0.007870107527492065,0.00036715509820695047,0.012975648125831407,0.01969049091103159,0.00767058235028828
hog_1766,0.0,0.0,0.0,0.0,0.0
hog_1767,0.026183625242270026,0.0036595634933977994,0.0005402185497560552,0.021257080872068235,0.01886569726979892
hog_1768,0.0,0.0,0.025339838208225718,0.004948684952051474,0.007520856958965982
hog_1769,0.015069408450014032,0.010771990017084399,0.013899383968222656,0.030410831295375917,0.0
hog_1770,0.0,0.00498182708246131,0.01742360104314966,0.011530686142909197,0.0
hog_1771,0.0,0.010367157483838207,0.00854211850933595,0.008719010608537747,0.0
hog_1772,0.0,0.0160906657291493,0.0,0.0,0.0
hog_1773,0.011518919907921754,0.011424124195347884,0.01580642244267394,0.0027691853841589342,0.0
hog_1774,0.0070794299510998915,0.006863736393895481,0.03922616949742741,0.010381399650923218,0.005546087301685931
hog_1775,0.009761541985890299,0.01013674907093276,0.022745980983301495,0.0,0.0
hog_1776,0.010371944727989746,0.006301542256333503,0.0,0.011909309892587094,0.006557339194634082
hog_1777,0.006163207274904936,0.010442347364010507,0.006580098200955842,0.0,0.015013610106262343
hog_1778,0.00848012746786897,0.038968489425644126,0.00860390780040654,0.0054730721544846705,0.0024987259474704704
hog_1779,0.04172346007015526,0.028049762941522394,0.012718968711181278,0.010259161561110064,0.0017309267677751983
hog_1780,0.012536663417269,0.0,0.021259912497142652,0.004405339190087121,0.004016194823132535
hog_1781,0.005255850562283948,0.0,0.00010537295696733118,0.03513756872807927,0.011615968288984702
hog_1782,0.0006817529653260213,0.014770848666021852,0.013412141615447792,0.01127823811655726,0.01690776061320176
hog_1783,0.020744876607617924,0.0290597361707845,0.037534510245812225,0.02310663949459113,0.010546430188196565
hog_1784,0.026862213130161017,0.006885915057978087,0.016372182437222715,0.008782180927886296,0.0
hog_1785,0.005269812747575209,0.0025016372227031347,0.01892303205195134,0.0,0.007909979394991273
hog_1786,0.01727068559548761,0.009227350837341719,0.03151769898991286,0.005188476254874841,0.00940437573652364
hog_1787,0.00977742144373428,0.0,0.0016324405684557952,0.02393761516866011,0.0
hog_1788,0.0,0.0093022059350365,0.006329743916245745,0.0,0.005070687205750213
hog_1789,0.0,0.004649910760433862,0.04096791201703387,0.0132859425678018,0.020656350486674135
hog_1790,0.00689303488025117,0.0,0.018096434050417054,0.0,0.0
hog_1791,0.008126734726739748,0.003778347382390912,0.02041605300818694,0.0080607043465164,0.008033200610234603
hog_1792,0.0,0.004500288737504965,0.025709989215263906,0.0,0.0
hog_1793,0.021149532351034228,0.011244158798871418,0.02733895181437851,0.005889953232612433,0.0
hog_1794,0.007810710263801646,0.0031047699384934013,0.026946731694058146,0.009355320221482444,0.004610532791420319
hog_1795,0.015575460210522918,0.025122925578249244,0.010085014032051642,0.0145025054796184,0.0026431195532750085
hog_1796,0.0,0.014327317470265388,0.037193091367696995,0.009224341966022287,0.009597084667415379
hog_1797,0.0,0.0,0.0,0.0,0.0
hog_1798,0.0,0.012356399640490734,0.011516383925993745,0.0,0.0054397811574333765
hog_1799,0.004258565299878114,0.0,0.0014751374082637714,0.0,0.0
hog_1800,0.009349020625365023,0.016647826457659942,0.022311580503628692,0.006167489344437671,0.012421167918370113
hog_1801,0.03412840171054965,0.00892348247595609,0.02861569770356831,0.01525591492445999,0.0095445380077257
hog_1802,0.009031895251261357,0.0,0.00601765795853848,0.013039191827111551,0.00457172399867245
hog_1803,0.0,0.0,0.0,0.01018621331129732,0.0
hog_1804,0.019608052398729647,0.0030951683592541634,0.04008435142840017,0.0,0.0013532819744266344
hog_1805,0.012728661671760344,0.0,0.006103591281071852,0.002775034460386072,0.0
hog_1806,0.001270999789991123,0.0,0.0,0.01389715215944709,0.0
hog_1807,0.0049138029194013555,0.009443015901214213,0.020492245919208507,0.0,0.003842385133173032
hog_1808,0.014811787846411129,0.015630364383730777,0.009117104305745416,0.02330018515294774,0.0
hog_1809,0.0,0.04254483121524788,0.028769405094713374,0.016351668129588104,0.0
hog_1810,0.01510842687912528,0.0101779668063402,0.010780329983545833,0.0,0.006451182221355323
hog_1811,0.012696557265312158,0.008760393711895409,0.01618939044170653,0.0026230358350558536,0.015047398898585751
hog_1812,0.0,0.0,0.027969116122464666,0.028167314371062346,0.0
hog_1813,0.0,0.008734281070789773,0.029660987106995274,0.01175919215318344,0.0
hog_1814,0.001065964250134277,0.022808095853879884,0.028133253430205674,0.0,0.0
hog_1815,0.0,0.0031719862317856062,0.032364271129427635,0.009023319632785576,0.01468651248399655
hog_1816,0.0,0.006325792467551716,0.03098195576897922,0.0,0.0
hog_1817,0.0,0.029312777835708292,0.02850484743744164,0.007262354538706051,0.0
hog_1818,0.014168236991981775,0.0128838032393368,0.018484440205416508,0.01642082757993757,0.01442371822288857
hog_1819,0.02633390067878505,0.002646520496525584,0.009216398644646517,0.0005841494379623668,0.0024274289263310767
hog_1820,0.0,0.0,0.025442204453566708,0.0,0.0
hog_1821,2.285644757260563e-05,0.0,0.0,0.01926794020828826,0.021761706635083478
hog_1822,0.0,0.01180728463655778,0.004159187353999894,0.015954755469296478,0.0006610696482927114
hog_1823,0.0,0.0,0.0165675681125097,0.008225949602084004,0.0
hog_1824,0.0,0.006902925782999336,0.0,0.004165956650940883,0.001092111218245595
hog_1825,0.008884141491893427,0.0,0.03758929644427078,0.006483495447222376,0.0007690039013092953
hog_1826,0.0,0.0,0.006553896092451605,0.023564294534738517,0.0024418777074690645
hog_1827,0.0,0.011346349150536561,0.0010187727002826108,0.0,0.0026612593466111
hog_1828,0.004129350516645536,0.024492738790768964,0.021253270708725625,0.0,0.0
hog_1829,0.015435268571513117,0.0,0.020475237651557343,0.0,0.0
hog_1830,0.0,0.029002579686860486,0.02005795289168333,0.005230079963896239,0.024273435625645545
hog_1831,0.01351866426416648,0.00476304599581856,0.0,0.018985544815460775,0.0
hog_1832,0.0,0.0,0.004112558543446054,0.013344617042836626,0.0
hog_1833,0.0,0.0033920703190186696,0.0219209771123825,0.0,0.0017440733434217481
hog_1834,0.010124881669083319,2.8421044229176573e-06,0.04718817778098883,0.03262393504917638,0.010206478030637012
hog_1835,0.021078416948518308,0.006857268825577467,0.02141605807017366,0.02380726560750701,0.023338800176462948
hog_1836,0.02616966199840287,0.01324941875470187,0.043874314176227225,0.0,0.007782211792274563
hog_1837,0.0,0.00510031670032185,0.031967941155562896,0.0,0.0
hog_1838,0.008378750670063662,0.0,0.00859935380979815,0.028854751282412217,0.0007633549726175914
hog_1839,0.0,0.000684924807258458,0.03539239102759906,0.0,0.0
hog_1840,0.010162976291363535,0.0,0.01892951757150363,0.0033506501424951374,0.0
hog_1841,0.025327074798665805,0.010562535897441272,0.0,0.023273261067462636,0.0
hog_1842,0.0,0.0,0.021221475993231653,0.018103740189702844,0.007946057998006406
hog_1843,0.0,0.010012032697909845,0.032383786270628656,0.0,0.015021581680672913
hog_1844,0.0,0.008627325770266925,0.009596899171182782,0.006020247920417665,0.0
hog_1845,0.0013075963779272115,0.0,0.003922262386708786,0.004299089886752316,0.0
hog_1846,0.026076944093703203,0.018999499843858958,0.021092100503417033,0.0,0.0
hog_1847,0.00438358376588921,0.02354119616905792,0.03571280591942205,0.007151536470893394,0.008626655921908144
hog_1848,0.0,0.025392653972459378,0.003891920501393198,0.0,0.0
hog_1849,0.0,0.0,0.004077827519658017,0.0,0.0
hog_1850,0.0036030761957281943,0.019095443961599345,0.00317242413181118,0.008237253657505494,0.02468218397520361
hog_1851,0.016469307697070112,0.0,0.009769296402680094,0.0,0.007319850220544932
hog_1852,0.0,0.0,0.03029824145798954,0.016545571448491447,0.0
hog_1853,0.016957039940317165,0.013079607668334603,0.026339147498252835,0.02765998255185287,0.015916756786201525
hog_1854,0.0,0.013682383015070076,0.0,0.0,0.0
hog_1855,0.009711980348881655,0.0045174581581808315,0.02978634415705428,0.022276460613598115,0.028784289672254992
hog_1856,0.0,0.0016639335106356512,0.0,0.0,0.0
hog_1857,0.0,0.006101313725423774,0.04105882281010231,0.0,0.019053972026088495
hog_1858,0.0,0.020195951510650234,0.016141126089345592,0.020214936079495205,0.014233973951101042
hog_1859,0.014927591724550382,0.0,0.01127079585689672,0.0,0.006400742319287334
hog_1860,0.0,0.0022033091939392957,0.008192644068792276,0.02549122874695864,0.0
hog_1861,0.004098521970191893,0.012808541744418811,0.026908663275364564,0.010904011867199692,0.0
hog_1862,0.015273858800728402,0.0,0.03964976113688068,0.0045716958697050725,0.031925819283578294
hog_1863,0.031770455657847974,0.03388942291068098,0.038562711534344096,0.00019219691103100622,0.002246013630025967
hog_1864,0.019067369959792746,0.008680927922083193,0.05928796516921353,0.0,0.026491571628866728
hog_1865,0.0,0.0,0.0009086249104295341,0.0,0.0024985960533154827
hog_1866,0.004773381584783687,0.0,0.0,0.00272200758698804,0.0
hog_1867,0.0,0.0,0.028647837149075484,0.0045594101079584615,0.0
hog_1868,0.0,0.0,0.014001349490293524,0.004474622531567496,0.00890016613187461
hog_1869,0.017104590802153874,0.02611000430205257,0.00979865717988515,0.0,0.005093908907018108
hog_1870,0.009145152165332293,0.0,0.007954564001115383,0.0,0.002904079069887544
hog_1871,0.0031835837338252126,0.0,0.017101547367367242,0.0,0.0
hog_1872,0.0004833887016699734,0.00567378262975593,0.031448780677220345,0.005752758111035261,0.03401235070098507
hog_1873,0.0,0.016834655997167935,0.03276876216458535,0.014021973013135236,0.0
hog_1874,0.009269922625442462,0.006290968388091844,0.020646697261041957,0.0,0.013136639713148712
hog_1875,0.0,0.0025233449151043086,0.0,0.0,0.0
hog_1876,0.007569761822161292,0.01565546207388424,0.03041157286858387,0.008323237681528761,0.0
hog_1877,0.02584905034296292,0.0,0.027413968392242527,0.021030281137487394,0.0
hog_1878,0.0,0.04166367133285931,0.019589761650749216,0.0,0.01445453340157088
hog_1879,0.019713994047717565,0.0,0.05061939719664599,0.0,0.003679288425958438
hog_1880,0.0,0.01696682014651918,0.023626716954939786,0.019959875398509963,0.0009264026708404316
hog_1881,0.0,0.016089843741201815,0.004039714556023366,0.030670156815855387,0.012436381809317165
hog_1882,0.0012196800925319273,0.0234493989997846,0.030636546566357614,0.0022770522692581174,0.0
hog_1883,0.008817102001271948,0.007345470953748157,0.026345279068473504,0.014249340893332185,0.0056890668419868895
hog_1884,0.004507155630532278,0.0,0.00889641344612957,0.0,0.0
hog_1885,0.005021356618051698,0.021316424673644807,0.003277509001613499,0.003876675364416826,0.006709306522940883
hog_1886,0.008417905463682596,0.0,0.03545106025577982,0.011432920837547877,0.011173006177443545
hog_1887,0.0,0.01735455129042851,0.003251538455279368,0.009075942954841487,0.005295922914835494
hog_1888,0.0,0.03459988809064951,0.057938146368046395,0.030143671711784004,0.0012228209176265992
hog_1889,0.0,0.012859445064892894,0.01419383340478908,0.0,0.004430221704741832
hog_1890,0.021846132888102554,0.0010439537021749157,0.036257686631699926,0.0,0.0
hog_1891,0.00017278996410285963,0.011475812576349886,0.0292305494226881,0.007002970827240551,0.0
hog_1892,0.00844499120059683,0.0,1.7113785061750875e-05,0.007057175147602068,0.0
hog_1893,0.0,0.0026515584428781214,0.01137225022606314,0.018660588730400995,0.020061557461194868
hog_1894,0.0,0.0,0.0027710292007556703,0.012032821709901276,0.0
hog_1895,0.0,0.006569548583005069,0.0,0.0,0.0
hog_1896,0.0,0.018547176195147008,0.00928907808774393,0.0,0.0
hog_1897,0.0,0.023034939670016463,0.008304292213618725,0.010208423972951186,0.007541081394894178
hog_1898,0.0,0.0022261706112334245,0.01472142875160154,0.0,0.001187213288794009
hog_1899,0.0,0.016899055541444108,0.023260960791321006,0.008434740942046437,0.0021709390197623968
hog_1900,0.0,0.0,0.005697439504032786,0.0,0.0
hog_1901,0.0,0.004474736412845459,0.019217023498364405,0.0,0.0
hog_1902,0.007183072588224926,0.0022222880850295557,0.0,0.0,0.012280944798236382
hog_1903,0.004967620357154479,0.0,0.0,0.0071866495427150845,0.0
hog_1904,0.01142835979110135,0.0,0.0,0.0,0.005115291294471858
hog_1905,0.0,0.025783046523019992,0.0008768371715639489,0.0,0.0
hog_1906,0.005951501215503363,0.03517966939128181,0.004958275783077726,0.00015649310905252456,0.0
hog_1907,0.001784141074293144,0.011496011360991876,0.030429639372219652,0.02154893490051557,0.016051559158260842
hog_1908,0.004748268319780813,0.022916916899227147,0.02515798269163283,0.0,0.0
hog_1909,0.008095323050764103,0.00853813627131661,0.030757232636463794,0.0,0.004500462175178521
hog_1910,0.0,0.0,0.013276520314972062,0.0,0.0
hog_1911,0.012894757247519761,0.0033793140701872115,0.025821319918042374,0.008746301026453018,0.013195458894728729
hog_1912,0.0,0.0,0.013374030925116243,0.0,0.0
hog_1913,0.030951899247676273,0.01165070466140361,0.022944188127004272,0.0,0.0013100068892730743
hog_1914,0.02451829792079674,0.011573426777686135,0.0036578974586711777,0.0010281937643321637,0.02398134482007186
hog_1915,0.0024165532911120113,0.0032712453602006253,0.03259734509217149,0.015066170393197575,0.0029633500984129757
hog_1916,0.0,0.016009261280484743,0.021506011260027602,0.0,0.0004924823078233942
hog_1917,0.0,0.025890504788960378,0.01922209879117509,0.0,0.0
hog_1918,0.0,0.004460269325249788,0.022534084812122712,0.025810429946024893,0.0
hog_1919,0.0,0.033639789326723735,0.016654416398875105,0.0067819132363109436,0.0
hog_1920,0.010583305787564834,0.020021661150566583,0.01240926248066443,0.0,0.0
hog_1921,0.0,0.027006735956220496,0.025297834177285372,0.0,0.03390468234226618
hog_1922,0.0,0.014683023909079385,0.02437369788887489,0.0,0.0
hog_1923,0.0,0.0,0.0,0.0,0.0
hog_1924,0.0,0.038265084984444364,0.020656610819213217,0.008881236410863247,0.0
hog_1925,0.0001804300393637437,0.0032372795057324932,0.012294100321916579,0.0059914232157718406,0.0
hog_1926,0.014854698712450487,0.010767928587734232,0.007285024537879492,0.0,0.0061946335791713825
hog_1927,0.0,0.011398017744609135,0.036976688027044124,0.0,0.005805817650701872
hog_1928,0.0,0.01123838988291359,0.0,0.0,0.0029924801945073742
hog_1929,0.0014725529491335099,0.010182172942236,0.009884058596203005,0.0,0.016050535695722568
hog_1930,0.0,0.0,0.01072035711159125,0.0,0.007534856221258268
hog_1931,0.003917889110987671,0.003746139248455238,0.0,0.0033768251475236877,0.010218222837135693
hog_1932,0.008978158848253148,0.017586504084887933,0.0036685822779307653,0.014250575472705584,0.0
hog_1933,0.0033842342883358967,0.0,0.006977747825624769,0.0,0.004398007405852056
hog_1934,0.0,0.0,0.00916906834602349,0.01053561439452766,0.0
hog_1935,0.0,0.00046792872642287264,0.028512313042589055,0.0,0.0
hog_1936,0.013165618578648841,0.003312318972046535,0.008737519998246235,0.009503934372854017,0.019983105042931548
hog_1937,0.009454766667954528,0.01330460657477972,0.041330175546861136,0.0042996551623963875,0.0
hog_1938,0.0056243441288921225,0.022741109779147006,0.030837816997336676,0.003915902977311925,0.0
hog_1939,0.0,0.0,0.0,0.008122664989870687,0.0
hog_1940,0.006480774927916766,0.005942748807197251,0.0,0.015391772370585421,0.023139451371028352
hog_1941,0.009152569740232375,0.010316171763209425,0.008176863990505323,0.0,0.0
hog_1942,0.0,0.0,0.0028543519349157886,0.007063961297376631,0.0
hog_1943,0.0006247640958298994,0.0,0.008375323400492851,0.0,0.0030049430222345297
hog_1944,0.0,0.01041642979980617,0.010541540085762469,0.011792035815077151,0.005994659941697789
hog_1945,0.0,0.016369066371396235,0.04348131868782401,0.0,0.0
hog_1946,0.01659012731448284,0.0,0.011955423225161743,0.0035822670270724277,0.0
hog_1947,0.017934385005904385,0.005517370864598359,0.008351254139367992,0.008569856050382851,0.022290078313008888
hog_1948,0.008738520743594158,0.007799922798542136,0.0,0.0,0.0
hog_1949,0.0,0.031148632082173222,0.04890601780351367,0.0,0.008159560648483888
hog_1950,0.0,0.0,0.007226293573618037,0.006468793068141743,0.0
hog_1951,0.000579466348464619,0.02978057117850863,0.04993215425146924,0.0,0.0
hog_1952,0.015981583251231335,0.004352049444701578,0.025342270926650867,0.0,0.03136118329929238
hog_1953,0.014909949580740323,0.015693210462955687,0.020118388564185352,0.0,0.0
hog_1954,0.001435773887275671,0.03699853441275325,0.05679656217782458,0.02260353010689653,0.01560085359923069
hog_1955,0.002424306775894447,0.008876846324409327,0.040454810133997654,0.01268060471587762,0.011660308412624332
hog_1956,0.02820926755968034,0.012253527197807479,0.059337750383002597,0.038332786844556654,0.03438864479379711
hog_1957,0.0,0.0,0.028538323076393812,0.014980019965660674,0.0
hog_1958,7.738075315422144e-05,0.008213675170166468,0.018834386933120673,0.0,0.0023473891889906895
hog_1959,0.0,0.0,0.016829333704213356,0.007027579485266333,0.0
hog_1960,0.015681926310949112,0.000927244718032405,0.03737950953944491,0.000741300167073744,0.01605278785410036
hog_1961,0.011311023010817989,0.004000179092831235,0.033759652889097325,0.0,0.0
hog_1962,0.02142062410650114,0.03301594053941703,0.014447049908648646,0.010810206862680527,0.03013444996318415
hog_1963,0.015690753778416555,0.0,0.010548277541216677,0.0,0.0
hog_1964,0.0,0.0,0.01838390157040104,0.0,0.0
hog_1965,0.0,0.0,0.009921023027724463,0.0,0.008266935401998188
hog_1966,0.022497942740784538,0.027955836530631606,0.0042800241310796405,0.0006229709834804087,0.002362343245803311
hog_1967,0.0026636734824285746,0.0,0.007520380791625092,0.0076713021166328055,0.0
hog_1968,0.011968624338062117,0.01825219655191268,0.01845459175824704,0.0023572572824985816,0.01384630446022772
hog_1969,0.00661475325874461,0.025721131022554466,0.015662834179095864,0.011845837898311506,0.02473592946815617
hog_1970,0.0,0.0,0.015085795468107843,0.0,0.0
hog_1971,0.012962538293504577,0.0030863927058373264,0.044888535916574046,0.0,0.0
hog_1972,0.0,0.0,0.02964373979278312,0.008048833995229154,0.011055247915232158
hog_1973,0.032158747317845515,0.022815327238336458,0.034013823304972934,0.020220178091848062,0.027241404268799174
hog_1974,0.0,0.024089181987112518,0.04050070153661056,0.005447315421138743,0.0
hog_1975,0.0,0.010528487094353611,0.011374213934040478,0.0,0.0
hog_1976,0.0,0.0,0.007387689729830393,0.0,0.0
hog_1977,0.0023326911669470096,0.029302898957000778,0.04339049918894711,0.02288726386555151,0.03185483894919816
hog_1978,0.008841648023060644,0.017796252319846273,0.03689936182136355,0.018948440249213716,0.0
hog_1979,0.0,0.0,0.03431833376314608,0.0,0.010684061926267585
hog_1980,0.0,0.0,0.005177062966703616,0.0044265260593567834,0.0
hog_1981,0.0,0.0,0.003195140345289449,0.0,0.0
hog_1982,0.0,0.0,0.0,0.0024073609486738867,0.0
hog_1983,0.0,0.0017129313703156956,0.0,0.0,0.0
hog_1984,0.0002903469301656081,0.0004808088976608893,0.008053101138642438,0.0097521908532463,0.0
hog_1985,0.0,0.0,0.02555816224689389,0.0,0.0
hog_1986,0.0,0.004567463626108381,0.0,0.0,0.004620661915913926
hog_1987,0.0,0.0,0.0,0.0,0.0
hog_1988,0.018936686184012785,0.001493344045292444,0.015567539996216073,0.019831360195808667,0.0
hog_1989,0.0,0.0,0.029824632678310703,0.0,0.0
hog_1990,0.016497083230360365,0.0021166075552416785,0.010462293240876885,0.0012756166763114862,0.008511125735474412
hog_1991,0.0,0.0,0.012968533372648805,0.0,0.003221212275917873
hog_1992,0.0,0.003179637754439746,0.025943621385662974,0.0,1.3509487864826752e-05
hog_1993,0.01375858129204377,0.0,0.0016702890603552678,0.004998842674630133,0.01999123353202803
hog_1994,0.024928918719692827,0.003602824166472285,0.029966262495889406,0.013714815876222808,0.014149924999812713
hog_1995,0.015074060296183633,0.016433725209413108,0.018279705005760594,0.0,0.023982056969273247
hog_1996,0.0,0.007898524925919803,0.0,0.0,0.0
hog_1997,0.0016003827086599198,0.009215712202928383,0.004729405733953973,0.022191021173130432,0.007275456934154434
hog_1998,0.0,0.039682832051219696,0.017927877288313798,0.009065796394530423,0.0
hog_1999,0.0,0.016457997083080933,0.026023221315184086,0.0,0.0
hog_2000,0.0,0.010044495696911238,0.020069623571487005,0.016794707743452264,0.008134735105151725
hog_2001,0.019041182328563,0.04818217655673518,0.0424002403222965,0.012806954789706948,0.021801597299974107
hog_2002,0.0,0.0,0.026620014817729798,0.0,0.002760529697464209
hog_2003,0.004916189436362517,0.010416555010914097,0.0,0.024827860854868655,0.018163233392578304
hog_2004,0.0,0.0,0.0029084304224391566,0.0,0.0
hog_2005,0.0,0.0,0.0,0.0,0.0
hog_2006,0.0,0.0,0.002514271466837803,0.02046449983446985,0.0
hog_2007,0.014695289669113043,0.020546966856779703,0.0264546162872894,0.0038408010205066567,0.0003547186504959665
hog_2008,0.0,0.009343410645359151,0.02696951946342563,0.0005124180939095613,0.0
hog_2009,0.002608776232152943,0.0,0.02589107312276795,0.01489039562985095,0.0011367299007387643
hog_2010,0.0,0.02473540888282111,0.029287205658917292,0.03309953230485574,0.002515846815569933
hog_2011,0.010327664851120355,0.017535025762145384,0.0,0.0,0.007275981638729778
hog_2012,0.0,0.0,0.0017227369388137515,0.0,0.0028774104923841026
hog_2013,0.0,0.0,0.03534137721252195,0.018525602825844034,0.0
hog_2014,0.02263723239900206,0.026164275792116998,0.020003279016244324,0.003579086559081013,0.007800032658966227
hog_2015,0.0096065478058176,0.0,0.020743275838458475,0.023716689272031077,0.008212653126733693
hog_2016,0.0,0.0,0.0364785395149807,0.026991894354110535,0.03573620206600059
hog_2017,0.0012327853683802292,0.03362582650091728,0.03664315092777426,0.0,0.024283117880234295
hog_2018,0.0,0.010906723689108055,0.021358750638398316,0.0,0.0
hog_2019,0.008288043641331289,0.0,0.020397018641587827,0.0,0.0
hog_2020,0.0,0.01726380939389638,0.04280088913250513,0.0,0.00843700466804953
hog_2021,0.011704911592351541,0.0,0.0,0.003080366621161179,0.0
hog_2022,0.015883506724583274,0.0,0.0201349146204306,0.0,0.0
hog_2023,0.020841975416777236,0.027007810144683786,0.03943021303649341,0.005881189674741494,0.0036973321381985613
hog_2024,0.007641164478827012,0.0,0.025661667920051645,0.007855603692741298,0.00017322999028523967
hog_2025,0.0,0.011887459407515122,0.002617229681009192,0.0,0.0
hog_2026,0.01138944520597529,0.01745757097486922,0.04374573617270516,0.003322765081127832,0.004856415745417619
hog_2027,0.01956599693097738,0.03154852838055877,0.013566994658617215,0.0502754568704864,0.0
hog_2028,0.0,0.01976533990657403,0.012080420478890241,0.007727915525399753,0.0078028695500715894
hog_2029,0.01738993830189095,0.02050480381568054,0.020608583612579334,0.01860887750564011,0.0019942667337149445
hog_2030,0.002314574271065517,0.0008037731240972956,3.2907252798475284e-05,0.02531931696068246,0.0
hog_2031,0.0012781652435851498,0.003008704379863003,0.012156917278075996,0.017900641011281637,0.0
hog_2032,0.0,0.0,0.024931778733208843,0.0,0.008763151370903222
hog_2033,0.01018158412862169,0.0073245970138602345,0.003233507629504473,0.006066652110957582,0.015429276391945912
hog_2034,0.011078978269844608,0.0,0.0,0.0,0.0
hog_2035,0.0,0.0,0.0320785689045735,0.0,0.0
hog_2036,0.012172075730734422,0.0,0.007221162205082177,0.01070634247310176,0.0
hog_2037,0.0,0.0,0.0,0.0,0.0
hog_2038,0.008268447389598865,0.0,0.0,0.0,0.002966680339539174
hog_2039,0.009735160947291766,0.012181583137549357,0.0,0.0,0.0
hog_2040,0.0,0.0,0.011929746998495583,0.0,0.0
hog_2041,0.0040171338642502885,0.03388113349888511,0.030653068671555816,0.01569622247690683,0.01210929265028815
hog_2042,0.0,0.0,0.011200742619937643,0.004538075486820059,0.00768822376920375
hog_2043,0.0030592995358804664,0.0,0.015623280785661331,0.010308455535692707,0.0
hog_2044,0.017620607216860762,0.01897549134058285,0.012919158091006189,0.0012240105688947622,0.010437441317528329
hog_2045,0.0,0.0,0.0,0.0,0.0
hog_2046,0.0,0.005552030713893208,0.037394569647942966,0.0,0.0032578893884880333
hog_2047,0.008660245479525708,0.0034878367724529014,0.004688009367715296,0.0,0.029528424409023035
hog_2048,0.0,0.008181796961423737,0.0,0.006209469204563556,0.00333411735928002
hog_2049,0.01782029513458605,0.012298259980197734,0.0017468023288329526,0.0,0.011897106166629756
hog_2050,0.00028828688594217944,0.002701498854418949,0.0,0.027716599081572868,0.00029479841200430457
hog_2051,0.0,0.014147118297294758,0.025152174929044646,0.007229767931801856,0.0
hog_2052,0.0,0.0,0.0,0.0,0.0
hog_2053,0.0,0.0,0.021797576218638204,0.0,0.0
hog_2054,0.0,0.0007945402796283307,0.010586235963545354,0.0,0.0
hog_2055,0.020452387598611343,0.0,0.02815163118146602,0.014871310325044407,0.012304776611202994
hog_2056,0.021163894597435506,0.00652220985412999,0.004032501500692787,0.0026083081345351644,0.0
hog_2057,0.01877255513701037,0.0,0.0,0.016374056091183142,0.02407193920636641
hog_2058,0.0015598986391578418,0.004296904572067328,0.013049331552704935,0.026911453596805135,0.003139257291126629
hog_2059,0.0,0.011819991239717886,0.037670306933777375,0.01292657475307668,0.008461575102283847
hog_2060,0.0,0.013965172811764015,0.02872303656792763,0.0,0.0336410041728632
hog_2061,0.0,0.03389899547611397,0.019847415170123117,0.028645407015922775,0.0
hog_2062,0.0,0.0,0.0055855184487918486,0.0,0.0
hog_2063,0.002431479934846381,0.005331555086518058,0.007826309588835567,0.0,0.0
hog_2064,0.014974283113810216,0.019508202178461165,0.04563075852487963,0.013394245086300272,0.021657486153644934
hog_2065,0.0,0.00028009563403963433,0.009559734829921895,0.0,0.0
hog_2066,0.0,0.0,0.0,0.0,0.0
hog_2067,0.0,0.0,0.030165155864425808,0.013218617779494846,0.0
hog_2068,0.0,0.0,0.03522838326248823,0.0,0.0
hog_2069,0.025128440493545456,0.0,0.007917449637872886,0.013132061963449626,0.018200222692960732
hog_2070,0.01827917653096711,0.0,0.0,0.0,0.0
hog_2071,0.005056117716287112,0.03027520441933418,0.010380520407832217,0.028940778438630188,0.017073241854465238
hog_2072,0.011770844744688924,0.0,0.021895078144969382,0.021462320966357584,0.0
hog_2073,0.0,0.0,0.03175275858586013,0.004562307220320472,0.00465917870666277
hog_2074,0.0,0.0,0.0,0.0,0.0
hog_2075,0.0,0.0,0.008822917356490212,0.011620879835249287,0.010574503917688105
hog_2076,0.0,0.0,0.0,0.013239816818550798,0.0038473788993274027
hog_2077,0.007576144390310624,0.0,0.014901662796207082,0.004969096180583943,0.004577139427020205
hog_2078,0.0,0.01046727970055672,0.0,0.00427890793576724,0.007887006643137573
hog_2079,0.03159585933753983,0.015993581513761512,0.016105306254418528,0.015780744538706593,0.0
hog_2080,0.0,0.0,0.010175424797634003,0.0,0.022060243755581466
hog_2081,0.027555473699478972,0.02997633647472031,0.0,0.009254844697418108,0.0
hog_2082,0.0023345223318285147,0.03876247973907443,0.012050380085646628,0.028858849323744273,0.003837138279186414
hog_2083,0.0,0.0,0.0,0.003089093013816324,0.009084188220958023
hog_2084,0.000347758844428947,0.014521644995579175,0.0,0.0027303177292268277,0.002485981484883437
hog_2085,0.0,0.00862027975547397,0.0110426504757839,0.0007009297985851592,0.0014553682634876886
hog_2086,0.0,0.004352519839736058,0.0,0.0,0.0
hog_2087,0.0,0.012526750269087117,0.001875819692847669,0.0,0.0
hog_2088,0.0,0.027933455273350116,0.003940757308947607,0.0,0.0
hog_2089,0.0,0.0026527451600506513,0.023106514007333212,0.014584029037237878,0.0
hog_2090,0.0,0.0,0.00439041309481758,0.0,0.0
hog_2091,0.0,0.011577578642394615,0.02684735317650211,0.012871606160161475,0.0
hog_2092,3.373902490122482e-05,0.02059108869385118,0.028659963898361784,0.0020509057937678765,0.0
hog_2093,0.0,0.007993734151754417,0.006467737767585691,0.004276284071536018,0.012019025053648269
hog_2094,0.028667943124434547,0.036779762371364155,0.039954916922051,0.03507457652831758,0.03794293167463314
hog_2095,0.0039306178330125174,0.0,0.018254103967437096,0.0,0.014044258277535526
hog_2096,0.0,0.02036348157168688,0.008756488096065773,0.006564588981434083,0.03633811122541308
hog_2097,0.0,0.01998514049626743,0.01827595623981426,0.0033945419899652496,0.009721895610379283
hog_2098,0.022211162932754158,0.02320972964719603,0.03630637223995081,0.001029258828332491,0.0
hog_2099,0.015041978280915247,0.020454804668524673,0.02428872126828807,0.0,0.007352179617875043
hog_2100,0.006476644294756806,0.0,0.006320082981420061,0.0,0.0
hog_2101,0.013863354024041374,0.013726999891080727,0.0,0.022472087524036066,0.013132470558368636
hog_2102,0.0,0.0,0.0,0.0,0.015104264010597834
hog_2103,0.004319041923511069,0.006174795297121838,0.016205598192289283,0.017092211943267488,0.004968288602307913
hog_2104,0.014147694902768349,0.011488812256304604,0.002491132654156347,0.008405418699102052,0.021380229597881772
hog_2105,0.020258553290412484,0.008859161603606447,0.018226180900897004,0.0,0.0
hog_2106,0.0030319307986970134,0.020851224872448615,0.004315394178681542,0.0,0.0
hog_2107,0.0,0.0,0.01020251632603153,0.00137100322376571,0.0
hog_2108,0.0,0.009451901885677794,0.015183226466792377,0.006078818605163017,0.013443237274728626
hog_2109,0.0,0.0,0.015814876290413338,0.023662965793052937,0.01453156239207165
hog_2110,0.0,0.028832291171805968,0.0136116454013826,0.0,0.02054392814839745
hog_2111,0.001660644502771369,0.0,0.0,0.011819425964074037,0.0
hog_2112,0.005667858402317316,0.012403363904512021,0.00032372594041341074,0.0,0.0
hog_2113,0.0,0.0,0.020842279416561027,0.0,0.021636929835024965
hog_2114,0.009076917830284303,0.020778774728576588,0.01861104994098617,0.00910533123987567,0.008537327304618758
hog_2115,0.002338762426529195,0.00433669700419137,0.012213279517654607,0.006119747510463069,0.017762988485236164
hog_2116,0.01644459479617555,0.0,0.006081009695990014,0.0,0.016849309129461476
hog_2117,0.0,0.0,0.023916205162350046,0.011039683632992459,0.017199030967497198
hog_2118,0.0,0.0,0.014215741390471548,0.0,0.0043452718402419155
hog_2119,0.014806209619844024,0.03786986601112097,0.02130630832646796,0.02739800225641753,0.009966502872940763
hog_2120,0.0,0.0,0.004696901400635278,0.0006574114442738921,0.02170498934781273
hog_2121,0.01563177170656682,0.025549455344707317,0.0,0.011358713507701346,0.004176225764413566
hog_2122,0.00023561340810451803,0.0,0.019652529019949627,0.029635153872370257,0.008321580657536298
hog_2123,0.015481791478461737,0.01888711347031191,0.008618697610378145,0.010697914276648346,0.0
hog_2124,0.00344166394726253,0.015122497629803222,0.03050901532224226,0.0,0.037795477551083145
hog_2125,0.0,0.0,0.020628492921429764,0.007671594993107433,0.0
hog_2126,0.010191100119105734,0.022881623516693317,0.043265568780635144,0.0,0.014505022040315785
hog_2127,0.03846273669833633,0.015526311418077698,0.03648157344505276,0.0,0.0
hog_2128,0.022459464981766653,0.003723814287462268,0.02866509965308328,0.0,0.0
hog_2129,0.01639644957134645,0.0038888912064647396,0.014706016424850255,0.01039505493361026,0.020574569721981906
hog_2130,0.01096600982535123,0.0,0.0,0.013092323307743348,0.0
hog_2131,0.004185895973283671,0.0,0.005860495445939584,0.018111298267528664,0.014819267144718484
hog_2132,0.03519627454119334,0.03949275930259266,0.02345208507375518,0.0,0.021544706921905465
hog_2133,0.0,0.003929429201965817,0.01592300957869397,0.0,0.0037241035739841166
hog_2134,0.0,0.0177722366483708,0.025876694322239935,0.005078772753489114,0.017225434739962076
hog_2135,0.0,0.009633267118251299,0.0,0.0,0.0
hog_2136,0.0,0.0038944144139381187,0.020658038218369423,0.0022271915078757587,0.021186064431048424
hog_2137,0.007744769950736252,0.01121675395121291,0.0049950242919831744,0.006291125628788086,0.0
hog_2138,0.013597961023202654,0.01737111050735507,0.003239607186022786,0.025970488341239273,0.015233391986779088
hog_2139,0.0,0.0,0.014276342116775975,0.01979137326572178,0.0061269226369855545
hog_2140,0.003896595555686666,0.012091596603891697,0.0,0.0,0.026051430173100076
hog_2141,0.007496482042915753,0.012752853933623909,0.004976412646153117,0.01489275640347576,0.017911941480585947
hog_2142,0.006966003918037922,0.0011785922896336842,0.025893239784473776,0.011516181082158239,0.023771534604733136
hog_2143,0.006180261790245778,0.0,0.018656799025186466,0.0,0.0
hog_2144,0.021221329499380603,0.002980011973579888,0.025612380294422143,0.014709479440531359,0.0
hog_2145,0.002721420648894135,0.004416347016877209,0.0010384083559815682,0.0,0.0
hog_2146,0.0,0.0,0.006265590647896113,0.0,0.010394174355793595
hog_2147,0.0,0.005485174533314874,0.010308531482170036,0.03402365167380794,0.028556574441119142
hog_2148,0.0,0.0,0.0,0.0,0.0
hog_2149,0.0,0.0,0.00801906734852098,0.0019464586390320893,0.0
hog_2150,0.014135209323332454,0.0,0.02894112378114322,0.005995798528189544,0.024719077159971015
hog_2151,0.011097154265706122,0.02760664083545361,0.0,0.010315466862950817,0.011652248608221782
hog_2152,0.0,0.007267112687364685,0.020317102826654443,0.006154270551675722,0.005290120550183408
hog_2153,0.014912888382779599,0.0,0.004884409042325455,0.0,0.0
hog_2154,0.0058312151202957185,0.0010821769560791505,0.0,0.016005931971365905,0.0
hog_2155,0.013062352913408182,0.00936145399323407,0.013432844096938679,0.022775329657089616,0.0
hog_2156,0.0,0.0,0.0015853982037856706,0.0,0.0
hog_2157,0.00044834834182161387,0.007637772897835848,0.023464919984540478,0.03130255429699225,0.0
hog_2158,0.016239872682971113,0.0,0.0,0.0,0.0037703523865078026
hog_2159,0.0,0.0,0.02495853071191112,0.0007558988095610619,0.0
hog_2160,0.00869050549022865,0.005876226787550065,0.0,0.005264451321935093,0.019066739428319934
hog_2161,0.00767696325346523,0.014636559173939911,0.01969459005406282,0.0024654700943687047,0.0
hog_2162,0.0,0.003750547319191666,0.0,0.0,0.007827124716651923
hog_2163,0.000910861381941297,0.02507367894384971,0.04496532593245273,0.03907701763173743,0.007193442922255766
hog_2164,0.012741426596310612,0.003906620763322266,0.0,0.003956459171879034,0.0
hog_2165,0.026013659507033493,0.029260788654254855,0.03019619977715937,0.016294850131870042,0.040912847369871
hog_2166,0.003821732242523135,0.0063952644963338745,0.004999980984971897,0.0,0.0
hog_2167,0.0,0.0001337454272904992,0.0,0.0,0.0
hog_2168,0.0024385836305143016,0.0,0.013882445883580452,0.0,0.0
hog_2169,0.02317586255094639,0.011629953651716152,0.0,0.0,0.018728191018985596
hog_2170,0.006019992117108464,0.008505895826371734,0.0,0.007808827042104172,0.007238623436186309
hog_2171,0.0,0.0,0.0,0.0,0.011076183173306386
hog_2172,0.010567967338665829,0.0,0.04122549805199993,0.0,0.004160206317590509
hog_2173,0.01697055725912655,0.020798832431144998,0.016893291320239756,0.01606064554339759,0.01453885223982887
hog_2174,0.006070216825290187,0.02052472978309261,0.015376015458032244,0.023326496376737893,0.003669093278552138
hog_2175,0.0,0.02452880968842619,0.0,0.04105129042191691,0.0
hog_2176,0.00762435304854403,0.024762553899980277,0.007813559369551193,0.024066271380562165,0.0
hog_2177,0.0,0.0,0.03240554317074085,0.023188401220260335,0.0
hog_2178,0.0,0.0,0.0,0.015102918813888255,0.0
hog_2179,0.001028925361612476,0.0,0.0,0.0,0.0
hog_2180,0.0,0.0,0.0,0.025299146981175413,0.007733467644265968
hog_2181,0.0,0.012311976514535639,0.0009499171948872398,0.011922032604509525,0.01883564992160558
hog_2182,0.0,0.007355079400856557,0.0,0.0,0.0
hog_2183,0.017027365346120593,0.010112426224538895,0.005778216793925761,0.013242013282800835,0.010837731944406181
hog_2184,0.0,0.013795811617862919,0.0,0.0,0.00841151406679752
hog_2185,0.013698856057789754,0.0,0.0032278326435166704,0.0,0.0
hog_2186,0.0,0.0,0.008761791998483037,0.0,0.0
hog_2187,0.0076298851785374655,0.003105581616833275,0.010397544128588843,0.013880625390169987,0.008250281760876943
hog_2188,0.009200760820737619,0.003218062870989691,0.027516357490180887,0.01301606452452475,0.027316652408786224
hog_2189,0.0,0.0,0.002701378924683917,0.006246416238621988,0.00197801819344523
hog_2190,0.007105665386999194,0.0,0.02353377225037412,0.0,0.0019565334386426603
hog_2191,0.0022599119095563225,0.011299583557414117,0.009393589098380284,0.01685137497082656,0.0
hog_2192,0.0,0.0,0.02273401141732201,0.0,0.01897445438907419
hog_2193,0.032301718822942416,0.04306632091960849,0.0,0.018575639594631044,0.027835882590430794
hog_2194,0.01091062576444557,0.009703546997624102,0.011043949497677064,0.0,0.012403964140005774
hog_2195,0.0,0.013832795544822307,0.008172909611550816,0.023280790594424783,0.022542397043531448
hog_2196,0.0,0.005141562656746368,0.009283374047908133,0.0,0.0030439508118917935
hog_2197,0.026833805550407375,0.009810778463698488,0.006475650652605802,0.0,0.007431860132318668
hog_2198,0.016308856869195143,0.003274244241586066,0.0,0.011844638428368803,0.0
hog_2199,0.009836224248072956,0.0010573691745747738,0.013834655018936104,0.04285681114419204,0.024868057494191742
hog_2200,0.01245765122718856,0.011709268834429354,0.027651350317670298,0.0,0.01380184691905284
hog_2201,0.0,0.002271636150534606,0.0,0.0,0.0
hog_2202,0.0,0.0,0.004611796738601237,0.008871625670173966,0.017817377155039837
hog_2203,0.018764364560141855,0.0,0.030395061641759424,0.002534973638793181,0.005321147495220835
hog_2204,0.0,0.0,0.0,0.0,0.0
hog_2205,0.0,0.0051715730583428154,0.008806758649417823,0.0,0.0043076444449394735
hog_2206,0.00372463866104078,0.004012197959235575,0.03749708659709183,0.0,0.0
hog_2207,0.0027840065998798735,0.013693423156604378,0.019503239348800827,0.0,0.0
hog_2208,0.0,0.0,0.013623806123490345,0.0,0.013468876828335752
hog_2209,0.0,0.02457811421424827,0.06597279969181402,0.021883182017194525,0.0005526444845824763
hog_2210,0.0024767976877604347,0.0,0.0,0.0076714133399653495,0.0
hog_2211,0.0,0.004932092796541276,0.0,0.0,0.0
hog_2212,0.015472193192713535,0.0026338449692691057,0.0,0.00997076458810131,0.014625530901861916
hog_2213,0.016415407340214072,0.0,0.008013884608776056,0.03656233383526453,0.03718029809556067
hog_2214,0.004801867993916131,0.0,0.0,0.0,0.008911632601973807
hog_2215,0.019122059940158476,0.0020305419173256567,0.006481192994887364,0.016314895626297732,0.0
hog_2216,0.0,0.01815323935539781,0.0,0.0011129311721012058,0.0
hog_2217,0.0,0.0,0.036692389518898416,0.004762131090996213,0.0315713100211259
hog_2218,0.004977407197298556,0.0,0.0,0.005452716313246286,0.01654175953619741
hog_2219,0.007366874401490753,0.015426655256032484,0.008737533014493204,0.002441023962247657,0.02866118506910853
hog_2220,0.0,0.004310183795700029,0.006069186984449582,0.0,0.009173760981880497
hog_2221,0.0,0.017837450272159217,0.048149322314053,0.013940143642170888,0.0
hog_2222,0.0,0.007265495126004495,0.0,0.0,0.0
hog_2223,0.0,0.006269286346977099,0.008515271540019631,0.0,0.011046374556969552
hog_2224,0.0,0.02541000241901492,0.009132684930708068,0.024093941340093128,0.0023300826789129925
hog_2225,0.0,0.0012340126029253273,0.0,0.009725566202803515,0.019860804869181514
hog_2226,0.0,0.0,0.0057467937409281244,0.00706250491185334,0.0
hog_2227,0.019235303591348618,0.00914265327824837,0.0025560367697565756,0.0,0.008280456981959006
hog_2228,0.017145618085966152,0.004457170804833321,0.012640532363325852,0.0020290995771090614,0.0
hog_2229,0.01750510510169634,0.03297629855162576,0.016188736061594655,0.0,0.011631433007567304
hog_2230,0.0,0.01740821608231724,0.01655498448864301,0.0,0.013385877136617541
hog_2231,0.0,0.0,0.020409795834210875,0.0,0.0162770123931677
hog_2232,0.010053883028245503,0.008586339802928,0.022758698510904063,0.018054360700604954,0.0
hog_2233,0.0,0.0,0.034291934952291214,0.0,0.0
hog_2234,0.0,0.0,0.0,0.0002598701778899759,0.0
hog_2235,0.0,0.0,0.0,0.007990863235308288,0.0
hog_2236,0.01055313841758676,0.014498943607331727,0.007136014242695277,0.0,0.007310119128224546
hog_2237,0.0,0.01103210959982115,0.0,0.0038392657327317448,0.0029250389551911393
hog_2238,0.0070302498769725386,0.018274461450234813,0.026674087139624936,0.013337802545475785,0.025109425020223064
hog_2239,0.022155869583357024,0.009913576189906959,0.0,0.0,0.0
hog_2240,0.009132862721582535,0.0,0.028658586856163515,0.0,0.0038355876152145196
hog_2241,0.0,0.046834783870056906,0.020914012482124766,0.007466790334002882,0.006016773701475797
hog_2242,0.0,0.02863839357151332,0.012974476367004328,0.0,0.006229330752268281
hog_2243,0.0010279789219702629,0.03068829963533748,0.014145065735485796,0.0033888878297609892,0.0
hog_2244,0.0,0.0,0.029643591434918015,0.009334048911615156,0.0017823853611194096
hog_2245,0.03147098454251074,0.0012125143129273486,0.021374709615996412,0.01263904074180311,0.0
hog_2246,0.0007468159606811575,0.0,0.013324891794237237,0.019194698809686495,0.0
hog_2247,0.0,0.025820316092852513,0.03106434164996652,0.012489661715717082,0.0
hog_2248,0.0,0.009905851013615186,0.0,0.01152370935744007,0.013557953634987685
hog_2249,0.0,0.0,0.017342322695610424,0.009663788921820737,0.003477071248294772
hog_2250,0.013799881753616017,0.0034304509830558327,0.0,0.0,0.0
hog_2251,0.007591388389501796,0.018871610598309108,0.015008666495889722,0.0,0.0
hog_2252,0.0,0.004680926552071307,0.0,0.024702600067048497,0.0038159616313098166
hog_2253,0.0,0.0001290561972859816,0.0,0.007273182131459333,0.002439043478144942
hog_2254,0.00627594753878169,0.026889061320363172,0.0,0.0018335597498726486,0.010393114909349022
hog_2255,0.016521632968670596,0.028246983146620552,0.04344122131683026,0.014763688900355065,0.021783527572083017
hog_2256,0.02716871663191145,0.02400013289136682,0.019029287679892537,0.001961125364052352,0.00879976204249977
hog_2257,0.04786722153918044,0.0,0.056842265015911275,0.008918955480364366,0.01600050983870438
hog_2258,0.02173952819612368,0.0007030211416554355,0.027571542699923013,0.012741927176097345,0.0010296253410277956
hog_2259,0.0156766120494638,0.008134051946719234,0.0,0.0,0.0020525372009929654
hog_2260,0.006606506297372805,0.0,0.00479503206019527,0.0,0.0
hog_2261,0.0019526393985092039,0.007096145306790591,0.0017618213946730688,0.0,0.0
hog_2262,0.005977251754646362,0.007835249999337712,0.019796939799228808,0.0,0.01628836461762373
hog_2263,0.024790358018652814,0.003756635434108979,0.004110280266794719,0.0,0.0
hog_2264,0.03308702529693086,0.0,0.027330516792834825,0.0,0.027060542826258693
hog_2265,0.04328941760752314,0.0,0.015490507365902184,0.012932813553958589,0.004005400441277507
hog_2266,0.012245873733097046,0.01124956322340065,0.04891725142529002,0.027529930822536297,0.01061675297057274
hog_2267,0.0,0.0,0.0,0.0,0.0
hog_2268,0.0,0.003703284494604331,0.01809647032198014,0.004788610651352165,0.0010207483199393685
hog_2269,0.0,0.015579187517296589,0.016486812793667704,0.0,0.0
hog_2270,0.017465024675586527,0.01001672221940586,0.026170679960949128,0.014518839499884528,0.003617258442053295
hog_2271,0.0,0.0,0.0,0.0003862322757595127,0.0
hog_2272,0.02593026404854082,0.0,0.016003077080636308,0.0,0.008524893392120036
hog_2273,0.004019835046704667,0.0,0.00941140774140714,0.0,0.00632864515291498
hog_2274,0.017259387151284722,0.0,0.0,0.0,0.0
hog_2275,0.007503802079260602,0.02627148636032417,0.009785522723197104,0.0306392053518747,0.023064658905735502
hog_2276,0.014607840280849604,0.01312968549912319,0.0,0.007880055746750214,0.00011023099529383629
hog_2277,0.008400757214522825,0.004324761140102273,0.0,0.0,0.0
hog_2278,0.005305955409768304,0.021589544238656666,0.02867549437137784,0.007267879441434699,0.004230273898818915
hog_2279,0.0003180362220343014,0.0005622691823636838,0.01953390591781501,0.0,0.0
hog_2280,0.005894055490003991,0.020402926161938506,0.0158136891206615,0.03950263670466381,0.017965267459180145
hog_2281,0.018642103081939698,0.01456019526053609,0.017214335296503958,0.0,0.020378168967117416
hog_2282,0.012673136294820031,0.023740751987429087,0.014400272608491749,0.013764761604110776,0.032700618913281465
hog_2283,0.02506883211685529,0.0021627949742040187,0.004317160506661644,0.0,0.0024475109531303385
hog_2284,0.0,0.0,0.007322543254066893,0.0,0.002493172773864183
hog_2285,0.0,0.011720877113175376,0.024681004393245942,0.0005436798701816681,0.005919869171660208
hog_2286,0.007474153729766231,0.0037849862394807587,0.017386472950639442,0.0025260848659796054,0.0022765415025971514
hog_2287,0.011078652964897406,0.0,0.0,0.0,0.0
hog_2288,0.015026010171183435,0.006665888698812017,0.0,0.006559044713671636,0.0
hog_2289,0.020077888731465432,0.028930816921972413,0.05295813580980724,0.0,0.0
hog_2290,0.0073842563542718676,0.0,0.012397541534311385,0.002941413768979828,0.0
hog_2291,0.005346203370840907,0.0036004041087669414,0.0,0.028660360181583577,0.001929783845571631
hog_2292,0.0,0.00594303228305848,0.0,0.0,0.0041614270856180635
hog_2293,0.007752205199249795,0.0,0.029451979786885074,0.0,0.0202056898519134
hog_2294,0.0015047851019014402,0.03112073018331407,0.0317436474200774,0.0,0.0
hog_2295,0.0026742135376116583,0.021559883408706515,0.008277344163776235,0.0,0.032013770348558124
hog_2296,0.00537620198619293,0.0,0.018737233060335257,0.0,0.006183904345753
hog_2297,0.029708621798523627,0.0,0.0057473800320033686,0.02214890288887661,0.0
hog_2298,0.0,0.0,0.018493918403009957,0.016679995556129867,0.0
hog_2299,0.0012432185764446047,0.0,0.0,0.0,0.007120483158513435
hog_2300,0.0,0.008586632336716304,0.014095135832995265,0.0,0.01912908664361357
hog_2301,0.0,0.004072588957126699,0.0059706927882801075,0.010926816953686691,0.0
hog_2302,0.0,0.0,0.01518095145746301,0.01408664412582894,0.0
hog_2303,0.019301303343245202,0.0,0.014317157751963627,0.0017508584729748478,0.0
hog_2304,0.0,0.0,0.016017989638208885,0.008759788428990056,0.0011900511080709109
hog_2305,0.0,0.0,0.01161902609008525,0.010241717175369036,0.005831696664895025
hog_2306,0.011255748151978828,0.024977829607398583,0.02861232889749843,0.030284635474451482,0.0004890582446634983
hog_2307,0.0,0.006060513535926404,0.03963699015120015,0.0027241460980482746,0.006848107454152652
hog_2308,0.0,0.0,0.0,0.0,0.01895338089097165
hog_2309,0.0,0.0025150545943140035,0.0037116416207327863,0.0,0.0
hog_2310,0.0,0.0,0.001266562558559503,0.02223169315651341,0.0
hog_2311,0.013049356601830375,0.006032063173401214,0.007007473212278681,0.0,0.0
hog_2312,0.0,0.0025764330938489177,0.02628426864648481,0.0012767901306032226,0.0
hog_2313,0.024246721620098555,0.008758255292885542,0.023037547015095194,0.0,0.015006413681655228
hog_2314,0.0,0.0,0.02492467625583683,0.0,0.0
hog_2315,0.0,0.0,0.0,0.0,0.0
hog_2316,0.0,0.01971447063695475,0.012728824654079984,0.0,0.0
hog_2317,0.0,0.0,0.0,0.0,0.0
hog_2318,0.0,0.0,0.00844434319495213,0.0,0.0017686623602641838
hog_2319,0.0010055411881355614,0.0,0.0,0.013368099993708915,0.0
hog_2320,0.0,0.0002864907474464662,0.0037363816303730424,0.00948038851342936,0.00784613472450113
hog_2321,0.0,0.005309539195140989,0.03715282873998005,0.015139637172560505,0.0027173364678347856
hog_2322,0.02284689500821857,0.015571035946644995,0.005778394097701867,0.0,0.002813636221020266
hog_2323,0.0,0.013388263454136684,0.02559314756636777,0.03719400880006063,0.0
hog_2324,0.020396563933419376,0.0,0.0,0.0,0.0
hog_2325,0.027082452449665118,0.010769065843335701,0.004295292400805506,0.0,0.03368747785603654
hog_2326,0.007747248962675979,0.0,0.004761937360117985,0.0,0.0
hog_2327,0.006345865492621394,0.0,0.02825356776810861,0.0,0.00959411081347672
hog_2328,0.023635266231753826,0.006670179221609285,0.03592565351500965,0.0,0.009332095440372612
hog_2329,0.00943054229212259,0.017707034177982806,0.028908837455375203,0.0,0.000564601408960419
hog_2330,0.002025278720616308,0.0,0.0214536918399435,0.0,0.0
hog_2331,0.02299782313342491,0.00647236787496408,0.020933698532535683,0.021856739694927407,0.027165541027232232
hog_2332,0.0038341966734556365,0.018824090841065066,0.047746261238230225,0.023299951560553422,0.02440098204221619
hog_2333,0.0051395233323046075,0.0,0.007391237953193075,0.0,0.0
hog_2334,0.03768790345413753,0.0,0.008515289206115773,0.0006752790698998368,0.006147085276633435
hog_2335,0.0,0.0,0.010534417934055407,0.0,0.013357764347212697
hog_2336,0.019708726133442322,0.014405538862030332,0.017045323921050848,0.01364871052280714,0.0
hog_2337,0.0,0.006542671266626332,0.012930783411511104,0.007405580370475118,0.0
hog_2338,0.0,0.039644893272209325,0.004889868762098626,0.0,0.0
hog_2339,0.020995107347227204,0.0021394640900469497,0.04107442728370381,0.0430229533306381,0.0
hog_2340,0.008007165410085282,0.015085546017587825,0.008744044369128234,0.009547466626725676,0.021929225220544968
hog_2341,0.0060592887407082685,0.027082539168501896,0.05940741012906092,0.028079619143909884,0.0
hog_2342,0.0,0.02462153631870545,0.041671348573335765,0.015328623587117729,0.0
hog_2343,0.0,0.0,0.0,0.0,0.006346098486689877
hog_2344,0.0,0.0,0.021586521141765846,0.0,0.0
hog_2345,0.0016371713168770174,0.009286586453438384,0.025332713794955275,0.006029634012911345,0.0
hog_2346,0.04000551664738694,0.005657721699034557,0.0004409871514245989,0.02336082107689763,0.025581567786359116
hog_2347,0.002204261444241906,0.0,0.0032849847638112273,0.020672244446239274,0.0
hog_2348,0.003082736795399388,0.0,0.0,0.0,0.0
hog_2349,0.0,0.0365084176738113,0.018129783697370838,0.0,0.0
hog_2350,0.004647301068078091,0.033795163495277336,0.029576680054981708,0.0066938818653152765,0.03548274447667099
hog_2351,0.0,0.006697565448305687,0.0,0.0,0.0092071654421495
hog_2352,0.0,0.0,0.005182297964240634,0.0,0.0
hog_2353,0.0053053967346812225,0.022745188856341025,0.0370426357442486,0.008019287192303493,0.033713035189754104
hog_2354,0.0,0.01572198063319341,0.019972068304748403,0.01530611123135972,0.0
hog_2355,0.0,0.0,0.005274929158941344,0.0,0.0002586780489406415
hog_2356,0.0,0.0,0.0,0.0,0.0
hog_2357,0.036082672109625236,0.005559673757768557,0.04793709602370866,0.019554911693913546,0.0
hog_2358,0.008253220290600716,0.00205007076155872,0.0048175915547943315,0.0027802458981081024,0.026733194720411024
hog_2359,0.007464272553642237,0.0,0.011035157574996735,0.0,0.0
hog_2360,0.0,0.0341685649331962,0.032492207720930644,0.0034234421334786713,0.020969577501961822
hog_2361,0.0,0.01686091812375201,0.045468720261247375,0.0,0.0
hog_2362,0.0,0.0,0.0011218109086663652,0.0,0.01021207483597708
hog_2363,0.020355485312515853,0.005484466645264696,0.008502482654435983,0.025141755497807505,0.00956046578035008
hog_2364,0.01713274184986857,0.006724687330214252,0.0038945273108474954,0.00914317597689962,0.015184118796334856
hog_2365,0.0,0.0045504741671547055,0.03634900742998748,0.013284509831475555,0.009306974232215603
hog_2366,0.006346834173861282,0.0,0.017580143296777706,0.0,0.0
hog_2367,0.0,2.478752763557246e-05,0.02482870747771604,0.0,0.0
hog_2368,0.0,0.013235409341137094,0.04125436940133986,0.0,0.0
hog_2369,0.007794846872530403,0.012996397281677119,0.025005370191890197,0.0,0.0
hog_2370,0.0004213930475274186,0.010413389044644061,0.01890992657259205,0.0,0.009829578562869479
hog_2371,0.0,0.009109584087346523,0.016713239569291494,0.018414501275667128,0.017491790408103336
hog_2372,0.0,0.0,0.010693324713200614,0.0,0.006655234723996539
hog_2373,0.007701086320524242,0.0,0.026998600467427636,0.010099186732017706,0.0
hog_2374,0.028432650201136944,0.0,0.018772652825147063,0.0,0.0
hog_2375,0.0,0.013504943556891691,0.007337918893695727,0.02793951307694642,0.0
hog_2376,0.0,0.025761505780096616,0.0,0.0,0.0
hog_2377,0.0,0.014414023634557793,0.012566932329580505,0.02608851858072425,0.0
hog_2378,0.0200543763590888,0.0,0.008557285394435787,0.0,0.014726287936718485
hog_2379,0.006823716981640082,0.0,0.0,0.0,0.0
hog_2380,0.029948760302704436,0.016992902682082756,0.02074575797819933,0.0358853365969285,0.027562378812462596
hog_2381,0.0061690527611797386,0.0026796730541074343,0.02384287668054652,0.004979418617895304,0.0
hog_2382,0.007274012246660799,0.0,0.0,0.0015193245189735194,0.0
hog_2383,0.024482826405835878,0.0024736646600735934,0.02253986627644,0.0,0.0
hog_2384,0.0,0.010512422922702935,0.03939744258662303,0.0,0.0
hog_2385,0.0,0.01717527294416743,0.02386567259364325,0.0,0.0
hog_2386,0.0,0.0053112263118353376,0.011425863049350893,0.0,0.0
hog_2387,0.0,0.012457936797189095,0.025064947918052027,0.023197339819009732,0.023752733742313348
hog_2388,0.026338563310154717,0.0,0.0035804245068478124,0.0,0.00820736539101019
hog_2389,0.0,0.012309800360166268,0.009778035051712708,0.012973946047165397,0.018727803898580975
hog_2390,0.0,0.0,0.0,0.0,0.0
hog_2391,0.007918929960249566,0.0,0.020552542316675693,0.010125764544316684,0.0
hog_2392,0.016603257693152518,0.015300899429272707,0.03211192470353996,0.0,0.005613291922462071
hog_2393,0.01348456215258187,0.011834247816474575,0.014374813833551103,0.0,0.0
hog_2394,0.0014617755466808102,0.0,0.008415904204446045,0.0034815257544562606,0.0
hog_2395,0.02575044198936527,0.03901244210286903,0.013834234076467222,0.0,0.0
hog_2396,0.013921736585292166,0.00018321564707401983,0.008042672876935386,0.0,0.027083504225270394
hog_2397,0.0,0.0,0.0,0.0021466147504274335,0.0
hog_2398,0.0,0.0,0.0,0.012764318217534099,0.0
hog_2399,0.0,0.0,0.011135264910030251,0.004655582716984963,0.015391787056406647
hog_2400,0.0,0.0,0.0,0.0,0.0002909542898565931
hog_2401,0.0,0.01855707121616934,0.008810168639297844,0.0,0.0
hog_2402,0.0,0.0,0.0,0.0,0.011848300951070145
hog_2403,0.0,0.0028585541045953455,0.0,0.0,0.01067449170295065
hog_2404,0.03727550495744292,0.0323462494557083,0.03681428937456532,0.003757999033161763,0.0833317267269138
hog_2405,0.021863777275632712,0.018226814496870025,0.023635031032318787,0.009167918191905988,0.004499196954637963
hog_2406,0.01367586725854042,0.0,0.01783522884699873,0.011933819988000582,0.013486636335984903
hog_2407,0.003810352798094163,0.007805508426135033,0.021561421323743835,0.013051262905082517,0.005792839193001775
hog_2408,0.0,0.014785765979514531,0.009097521329734626,0.03688713332014237,0.0
hog_2409,0.0,0.01947418549317681,0.023779813323379084,0.005869009667019087,0.0
hog_2410,0.011292644957382247,0.011175691343185967,0.009537931368853059,0.0037157860523981956,0.0
hog_2411,0.016672552932104345,0.0,0.04674148026993907,0.01343214061578557,0.012590216306956004
hog_2412,0.0,0.0283703051273414,0.027742316833981873,0.012141984839022513,0.012226227417632796
hog_2413,0.0,0.034046994876254066,0.04816580650633728,0.0021504241850405226,0.00131518427614008
hog_2414,0.008758089832884952,0.008728478316258892,0.01844364940973975,0.011078011701920909,0.025176089506530497
hog_2415,0.022512505206260247,0.021479756806783934,0.025697616137978052,0.0,0.01566512349885385
hog_2416,0.0,0.018411410314862486,0.0,0.009205183661674887,0.0
hog_2417,0.008127030299514226,0.006828406265340536,0.015276466287717838,0.036555456122518315,0.012756825199930821
hog_2418,0.00020196589729670755,0.003106662886815048,0.01628596755325895,0.020087852399793604,0.0
hog_2419,0.0,0.0,0.013401531911746645,0.006320255724882484,0.008178185991931208
hog_2420,0.013665205286875315,0.004816593216755871,0.028454978606336834,0.008025916684365031,0.0
hog_2421,0.0,0.0,0.0,0.0,0.0
hog_2422,0.02208574281009823,0.0,0.015265917472436552,0.0,0.0025539592878929263
hog_2423,0.015098105892936475,0.0,0.003152350232266121,0.008336588573811587,0.021727730559222058
hog_2424,0.015489978975488317,0.011032766311868114,0.0,0.0,0.0
hog_2425,0.0,0.026253726272192468,0.0,0.0,0.0039820895434916626
hog_2426,0.0028099943597246213,0.0,0.0014304755120981838,0.0147318430817307,0.0
hog_2427,0.0,0.0,0.022104920333733347,0.0,0.0
hog_2428,0.01018456936992096,0.017299381276618675,0.03500653023479772,0.0,0.0
hog_2429,0.011991151690310842,0.0,0.025848364899788034,0.013699106157829766,0.02112839002632727
hog_2430,0.0,0.0,0.0,0.0,0.0
hog_2431,0.013016834718965642,0.007704211550802809,0.036572547341656936,0.0,0.0
hog_2432,0.0,0.0027484870873111245,0.017450182437930728,0.003154272767014188,0.011870301101885028
hog_2433,0.0,0.0,0.004427979876282739,0.012912622842874422,0.0086264515132215
hog_2434,0.04281006304058299,0.00032645428530919673,0.004479971062526955,0.002419656440880047,0.03875412306552506
hog_2435,0.001960647443924879,0.0005794864422279389,0.028740138425808803,0.008082433643835651,0.0
hog_2436,0.0,0.00522068740104964,0.02619410457258886,0.003291307257383691,0.0
hog_2437,0.0,0.001665755962611204,0.0474662558402692,0.00805229770128535,0.0
hog_2438,0.00018643083711866737,0.0,0.034247950787694714,0.006995388432855076,0.0015125869551602111
hog_2439,0.010999517071029752,0.02624718869212561,0.0,0.0,0.0
hog_2440,0.0,0.0,0.006962475877929197,0.0,0.0
hog_2441,0.0,0.0,0.00647476754341203,0.0,0.0
hog_2442,0.0,0.0,0.0,0.0,0.0
hog_2443,0.0,0.0019395793230805314,0.0,0.0,0.0
hog_2444,0.0,0.013321258704745986,0.02212115645107926,0.03259093160887261,0.0
hog_2445,0.0,0.016693478367669545,0.024662289619320044,0.012338808603446605,0.0
hog_2446,0.0020971837746575073,0.0062507040242636425,0.014559101452567669,0.0,0.0
hog_2447,0.0,0.004715836203577739,0.009708583553053707,0.0,0.021171699288905055
hog_2448,0.0,0.023230069038320034,0.0,0.005893122604734735,0.0
hog_2449,0.0,0.030358231238974964,0.02964197720793793,0.008694196632830886,0.0
hog_2450,0.00047605969320052566,0.0,0.0007977671203436287,0.0,0.006247125729877734
hog_2451,0.004029547046306314,0.0,0.0,0.012573486620970797,0.017582828809416418
hog_2452,0.0,0.02148270983822953,0.0,0.003616473619321603,0.008523633069410064
hog_2453,0.0,0.0,0.015361902050017973,0.0,0.004984965271288555
hog_2454,0.004157394295345895,0.011042971189733741,0.0044943587722787726,0.0,0.0
hog_2455,0.0018248145559907059,0.011174873800489538,0.036481144127906706,0.0,0.006336195011436452
hog_2456,0.00664483043116082,0.0,0.001971201912614351,0.0,0.0
hog_2457,0.017457339127591176,0.0,0.020350954503604912,0.0023170241529937297,0.0
hog_2458,0.0,0.0,0.014470350452135516,0.006614704943964211,0.0
hog_2459,0.0,0.006579957492352184,0.015106398901022056,0.03062845024855143,0.016489639129698475
hog_2460,0.0003055602196411211,0.0,0.017671050087376905,0.027908105222382407,0.012154444222542748
hog_2461,0.012076092242411907,0.0191299467824797,0.02310375689679045,0.0,0.02525911049633356
hog_2462,0.0,0.01738527132902634,0.010057755823990044,0.0,0.0027985743979230815
hog_2463,0.0,0.0,0.01518956208133515,0.0017433572935985353,0.0005463986725537939
hog_2464,0.0,0.0,0.011883667871638082,0.004063392353537143,0.0
hog_2465,0.0,0.0,0.0,0.0,0.0
hog_2466,0.0,0.014431610356754998,0.0,0.013481714932691569,0.0
hog_2467,0.01798744605672642,0.0,0.020737157902420478,0.0,0.014689304976284845
hog_2468,0.0,0.0,0.0,0.0,0.00895393937025224
hog_2469,0.005313192716112747,0.017334543141481085,0.04461287704205774,0.010368729936828469,0.0
hog_2470,0.004850463028482466,0.02484841105215896,0.00042547110849056047,0.010765620627836814,0.010284983408374027
hog_2471,0.016412157870356214,0.014724045999733981,0.0037810235913617873,0.014661621976327588,0.020555770083061198
hog_2472,0.008361014700384306,0.0,0.015459786204859993,0.0,0.0011622524932255462
hog_2473,0.0,0.020591735917069975,0.049539523204295,0.013609994157367744,0.00984342499136237
hog_2474,0.0,0.024238222391674613,0.021436671229878357,0.0,0.0
hog_2475,0.0,0.0,0.01452532331887535,0.0,0.0
hog_2476,0.0,0.0,0.02092934604906893,0.0025218212333091294,0.0
hog_2477,0.01639115245478684,0.021049337917200317,0.026436560788804853,0.014099296118950999,0.0
hog_2478,0.014207877046721551,0.00760838599738789,0.002025337402535854,0.0009374792360208328,0.004446088317765273
hog_2479,0.0,0.022533634870247177,0.013313220080608756,0.0,0.0
hog_2480,0.0,0.0,0.007332439517397482,0.0,0.0027028293691422345
hog_2481,0.0,0.0,0.012280528056886064,0.0,0.0
hog_2482,0.0026082785826271326,0.003327305849711193,0.01822956990331903,0.0,0.02828068556913066
hog_2483,0.0,0.0,0.012156596088534144,0.016651170214804445,0.0008263225746996117
hog_2484,0.024766361351681088,0.0,0.02823332538625234,0.01333423931411648,0.02018065632911914
hog_2485,0.0,0.0,0.012736192821104941,0.0,0.0
hog_2486,0.013356422046245209,0.0,0.02633970379969286,0.012715308121531432,0.0
hog_2487,0.0,0.0,0.017025384988586634,0.0,0.0
hog_2488,0.0,0.0,0.0,0.004086534584911483,0.0
hog_2489,0.03888115318992913,0.0,0.029125500802456017,0.0,0.0
hog_2490,0.04454357061902203,0.01398974751098514,0.013541181391186319,7.553107220092947e-05,0.0
hog_2491,0.0031057027854084485,0.019307849728101623,0.0,0.0015960885230368316,0.0
hog_2492,0.0015315573201128974,0.008905688633430664,0.015134997496177194,0.0,0.0025414023466403535
hog_2493,0.020478339704395276,0.0,0.03657226480280529,0.00993310456488472,0.0
hog_2494,0.028691252783379584,0.0021406064659335033,0.028475382259571136,0.01580469650002736,0.019346930555654174
hog_2495,0.005154955251546411,0.05009037875998801,0.049904712622047764,0.006799773102882822,0.012919074904591099
hog_2496,0.0036339944399723656,0.0,0.040616133905178486,0.0,0.0
hog_2497,0.014817489228301284,0.01014376393061256,0.03047052180374088,0.012634094415953312,0.0
hog_2498,0.0,0.005488629149427382,0.01678178935225816,0.013253784891211096,0.0
hog_2499,0.0,0.010435681135691155,0.0054778119366531985,0.0,0.0
hog_2500,0.0015346316541735572,0.0,0.025298164441430293,0.028847665071488393,0.007766619837482613
hog_2501,0.0,0.014006882186594627,0.00852026719723642,0.0,0.0
hog_2502,0.01826613764623164,0.0,0.012760611004523748,0.025110804306141876,0.021778770788833723
hog_2503,0.0,0.0,0.0,0.0032411030993801937,0.0
hog_2504,0.01000156748326897,0.019057336340881914,0.019538069438363337,0.025858756909109104,0.0
hog_2505,0.01846395757671293,0.004963985963420292,0.0060294217851382115,0.02380110995468665,0.013530414482441522
hog_2506,0.031105756317893807,0.0,0.02875241912801485,0.0070881226227461624,0.0
hog_2507,0.0,0.009818398537245976,0.017159559395068635,0.014021117611012546,0.0
hog_2508,0.0,0.018759106702336492,0.01752664436144613,0.0,0.0021540284822374467
hog_2509,0.0,0.01977963631032731,0.0,0.0,0.01838575471002457
hog_2510,0.0,0.0,0.0,0.006786472911011199,0.0
hog_2511,0.02764961646388686,0.0,0.0,0.0,0.0
hog_2512,0.012144092471119583,0.0,0.034481242590909345,0.0,0.0
hog_2513,0.006309257501982968,0.022171402291055076,0.017273298671417026,0.0,0.0
hog_2514,0.0,0.0,0.009119642221858903,0.0,0.008423056654633942
hog_2515,0.017048518586431305,0.011330315984417805,0.019857222234434646,0.021049471385966134,0.0
hog_2516,0.0,0.015032804336984729,0.0,0.0071518971664243924,0.0
hog_2517,0.006995247715145814,0.008751243011942078,0.035211769264263726,0.0021525958724801786,0.0049857795538781335
hog_2518,0.0030562237326536845,0.013177537973446452,0.04481729140874169,0.0,0.0033311037703944724
hog_2519,0.0012689484541825724,0.010139754313945426,0.020190022419899645,0.0,0.0
hog_2520,0.024535343491938866,0.017320548105821176,0.03987884001442854,0.0023186797885641486,0.008110340639967628
hog_2521,0.01491370309627027,0.005061233341392413,0.017176010064329894,0.018574668527759908,0.0
hog_2522,0.010761148819897537,0.0,0.03661189873823534,0.027485884120000525,0.024166002845812606
hog_2523,0.028597073284657215,0.010528304804531707,0.027830662526650007,0.03971217601030985,0.01088170379355935
hog_2524,0.02042803778262492,0.018286759724454482,0.007236960292198447,0.0,0.018544286800016963
hog_2525,0.013715841017796215,0.00922454095122549,0.006843237027420956,0.0,0.0028736106961804175
hog_2526,0.0,0.0,0.010381877482836144,0.0032860202503899316,0.0
hog_2527,0.040644452351607185,0.014186987717796473,0.012857606353239959,0.0,0.0
hog_2528,0.012440542576234614,0.0005999867752282118,0.034660672245695245,0.0,0.0
hog_2529,0.001411941165314623,0.0,0.03636333631590927,0.0040258492530866885,0.011386908187149603
hog_2530,0.0031227232153754336,0.0,0.03400592205425812,0.007912765762114082,0.0
hog_2531,0.0,0.0,0.00976799446291099,0.0,0.0
hog_2532,0.020048439743245217,0.011538101240128551,0.017832895017196204,0.015165191154121294,0.01117028090855432
hog_2533,0.010823202642469498,0.000963816893522651,0.040116064515059335,0.0,0.0011628659916000927
hog_2534,0.0,0.0,0.03198200771634907,0.0023942053367786986,0.0
hog_2535,0.0,0.0,0.0,0.0,0.0
hog_2536,0.0,0.014883967356740468,0.04383532287154246,0.03442876602877121,0.014097013936908764
hog_2537,0.005750444923461329,0.0,0.02265665304692721,0.002710237363164225,0.0
hog_2538,0.023332718217394133,0.013086547978963692,0.018898944832057785,0.0,0.0
hog_2539,0.0291054829805808,0.015076425699160012,0.029088636444357663,0.021932677232407105,0.043352549795130146
hog_2540,0.0,0.02029930332796326,0.018715121053243244,0.0072045571627625815,0.005044683670824668
hog_2541,0.018758135397669573,0.03663591249381626,0.03144955335948163,0.0,0.0
hog_2542,0.018217078423673927,0.010820696376038219,0.016677800058405357,0.0046438786618197,0.020213634536197622
hog_2543,0.0,0.022116723005206618,0.02517669303521508,0.0,0.0
hog_2544,0.0008300740216038438,0.019236724779226222,0.048112034319064634,0.0,0.0
hog_2545,0.0033611773528579025,0.019881699875606174,0.0331201816617166,0.0,0.0
hog_2546,0.003850304403966609,0.014384464414078035,0.0052776625896036045,0.0,0.00951304030712441
hog_2547,0.0,0.0,0.00582649555979331,0.00887757439827297,0.0
hog_2548,0.0038410585190711277,0.0,0.02165057393987646,0.0,0.0
hog_2549,0.00414297579484546,0.04164325587769446,0.016758639232560046,0.01682943666998793,0.013488130013292743
hog_2550,0.0,0.0015124370554568944,0.005252039625520455,0.0,0.0
hog_2551,0.01718943171522347,0.007925701922607109,0.01971600840624621,0.0,0.008746029904478592
hog_2552,0.0,0.0025431923791481292,0.0008710524268291664,0.0,0.0
hog_2553,0.0028536127878036055,0.0,0.022078275998749675,0.0,0.0
hog_2554,0.02240584883450425,0.01759973058300779,0.030647218628802486,0.026349747926774914,0.0
hog_2555,0.0,0.0,0.0,0.0,0.0013601017915143565
hog_2556,0.015782207647720314,0.04748590434442357,0.019451070662040326,0.031168160941748013,0.0045571793205385625
hog_2557,0.013648217158811926,0.04521001777772238,0.0315121691648057,0.000190308043595655,0.0164284457812085
hog_2558,0.0072507581169203306,0.0204768559378119,0.03608340419445932,0.022191620135264545,0.013805418746921427
hog_2559,0.0,0.0,0.0,0.0,0.0
hog_2560,0.04106971101782686,0.0020459881990464446,0.019609504925820476,0.0,0.0
hog_2561,0.010271406625219415,0.0,0.0,0.006717120764605067,0.0
hog_2562,0.012124546191069285,0.006187776596867867,0.0039237090610386716,0.01797241964989338,0.0
hog_2563,0.0029436373036213492,0.0008108297808455678,0.017620685535961744,0.0,0.0
hog_2564,0.005218045682940264,0.0378884772322976,0.0,0.019631054913439305,0.013098886922638497
hog_2565,0.005584938579376697,0.0009114300442607526,0.010226234510857912,0.002494797584167374,0.0
hog_2566,0.013880754647645377,0.02694007385554409,0.014624330804244412,0.028730516687015095,0.010882826091024533
hog_2567,0.03087712114219432,0.0,0.024022204382486922,0.01866246814352679,0.0
hog_2568,0.0004457829754100917,0.001177434756168827,0.013615088959980204,0.0,0.0
hog_2569,0.007009688879140663,0.023561772980324802,0.01299181333777577,0.0,0.004921844835407363
hog_2570,0.0,0.0,0.0,0.0,0.0
hog_2571,0.0,0.0,0.0,0.0,0.0
hog_2572,0.015189745337682803,0.0,0.0,0.006059187884514872,0.0
hog_2573,0.008404040360531662,0.03657772992781827,0.013523026630875679,0.005939144111116956,0.0
hog_2574,0.02005672130393754,0.01266509690135309,0.0,0.022914051564850046,0.0014812056263584505
hog_2575,0.029304841458943187,0.01630615161756066,0.018175797719723885,0.015475769474671663,0.014855807110355279
hog_2576,0.0,0.0,0.0,0.0,0.0
hog_2577,0.0,0.002084175768884755,0.0,0.00012910932168286315,0.0
hog_2578,0.05609558781111179,0.025642632993281067,0.004010575772359637,0.01671871056136265,0.021558959598040328
hog_2579,0.011167624742419724,0.019615338253814896,0.0,0.0,0.0004395569272983568
hog_2580,0.008736880518739332,0.0034451931852981232,0.0037717821541720653,0.003104751083570889,0.01229607094899099
hog_2581,0.012766958823371422,0.0,0.0,0.0,0.0
hog_2582,0.018148064994677027,0.0027762975676104418,0.00986317655181801,0.0,0.0
hog_2583,0.007222446384301584,0.0,0.0,0.0,0.0
hog_2584,0.020010010181443993,0.0012631303272903072,0.020552198316458714,0.0,0.0
hog_2585,0.015073970317240448,0.0,0.0,0.0040951386967194026,0.0
hog_2586,0.02446521592341422,0.018008582279280594,0.031167181560765478,0.0065333281716875025,0.0
hog_2587,0.010267216126129464,0.0010568320278978582,0.03395807990513133,0.0,0.0
hog_2588,0.014687470199772124,0.012441658248596221,0.019522290180856272,0.007269739393641617,0.0014795771749076536
hog_2589,0.0,0.003436031813873086,0.048783236801053675,0.005069819653018115,0.02546618420116853
hog_2590,0.01938127305599613,0.026828116104343103,0.03193138828095865,0.012171299886719833,0.02345757809264093
hog_2591,0.003653472466063068,0.008984128310630224,0.0,0.012412836497223578,0.0
hog_2592,0.0006769113387596892,0.0,0.014387380083367374,0.0,0.0
hog_2593,0.0,0.015530017994408452,0.010916118695116772,0.0,0.0
hog_2594,0.01630336639339225,0.0,0.014060037158971417,0.0035582738043080653,0.033955214739312956
hog_2595,0.04682744483687884,0.04724398298130361,0.05199597332800421,0.005829306761258701,0.028461606767508085
hog_2596,0.0,0.00032672296795710487,0.0,0.002538839093544798,0.0009716208600976106
hog_2597,0.003302184131443342,0.0,0.021042687809558203,0.0,0.006098275324331048
hog_2598,0.00670993425072175,0.02946009594127208,0.02070387627146353,0.0,0.0
hog_2599,0.014362161735538725,0.005977963033207745,0.015600563451951599,0.0,0.008895735435997754
hog_2600,0.0036273475592851767,0.006783412724279181,0.03752428359185678,0.0,0.0
hog_2601,0.0007582829754100295,0.024382199946504812,0.006472181534772581,0.0027823009887923966,0.0
hog_2602,0.002266939614056218,0.0,0.008807624598944352,0.0,0.0
hog_2603,0.03519894868393969,0.0,0.0163386233766607,0.0,0.0
hog_2604,0.0,0.02936763732244252,0.0,0.0011996574418633443,0.0
hog_2605,0.0,0.016075702322918106,0.0,0.0,0.007161615870339588
hog_2606,0.014147380601639892,0.0,0.00561905276869723,0.0019966977031891098,0.0
hog_2607,0.014141520157229026,0.00939007652907864,0.02480954658185852,0.006109293207591238,0.0006868740942584939
hog_2608,0.0,0.01192175914676441,0.01501577946176691,0.02030551126818092,0.017342887401111007
hog_2609,0.0,0.0,0.01815187089303283,0.014623189150583693,0.015328735811494631
hog_2610,0.0,0.0,0.0,0.0017005921426198611,0.011103438386984132
hog_2611,0.018826835470385106,0.011519792839046028,0.018945523381939333,0.01872083753394671,0.0048907431418776515
hog_2612,0.0,0.0,0.026456940657579642,0.0,0.0006245552418921996
hog_2613,0.019044573641074924,0.0,0.014849254387562683,0.0,0.0
hog_2614,0.0,0.0,0.01784773545220464,0.00041267955338830653,0.0
hog_2615,0.0,0.0426206457139342,0.02269027556142733,0.0,0.0
hog_2616,0.0016721097660477025,0.03019959810868933,0.02592451187365641,0.00048717750448257213,0.0
hog_2617,0.0,0.022600793653923867,0.018270168284833632,0.0,0.0004896750951950413
hog_2618,0.006653526911378327,0.007426358568117797,0.0009886194473500698,0.0,0.013678510526159204
hog_2619,0.0025464679655451405,0.017304622028452066,0.01260434949059408,0.0,0.005637166949101324
hog_2620,0.0033873296406961018,0.0,0.0,0.03902840544133901,0.007717784651954718
hog_2621,0.0,0.002546901525209755,0.007095415676914074,0.00011954221272669763,0.0
hog_2622,0.0,0.0,0.0287815298882248,0.00908200212384691,0.0
hog_2623,0.016779816880347243,0.011412600228473568,0.0,0.0032064759955636735,0.003057881063479373
hog_2624,0.0,0.0,0.0,0.0,0.0
hog_2625,0.0236558532797555,0.0,0.042574933770803236,0.034396043659520315,0.0
hog_2626,0.0023106037871845064,0.00205461684986874,0.0,0.0,0.0
hog_2627,0.0,0.0,0.003317493139662009,0.028152147426784957,0.0
hog_2628,0.023458097768981778,0.0,0.00819138132593289,0.00024506566925652784,0.013217685807055402
hog_2629,0.0,0.0,0.018580796159004986,0.0,0.0
hog_2630,0.0,0.052122114439169476,0.0,0.0,0.002819228347148428
hog_2631,0.0,0.0,0.00897608841972608,0.008558649771312377,0.0
hog_2632,0.0,0.010594752911808225,0.0,0.0,0.0
hog_2633,0.0,0.0073103168862935775,0.03311299538699708,0.0,0.0
hog_2634,0.0,0.0,0.005974408541135068,0.0002932907430857057,0.0
hog_2635,0.0013767169403648971,0.0,0.0,0.006375681085586171,0.0
hog_2636,0.012385772184963173,0.0,0.02913493728852745,0.00014741204364265847,0.00012601877893891889
hog_2637,0.0040365112375919665,0.0,0.009146374536564972,0.007992105427989449,0.0
hog_2638,0.008418946089723267,0.036369473984447565,0.015179254576646484,0.002398576581150502,0.021315097557303098
hog_2639,0.0,0.003234786397291467,0.010816735359306495,0.010112334182139637,0.014296483734488996
hog_2640,0.0,0.0,0.0,5.3518625031001577e-05,0.0034368971267200177
hog_2641,0.02413190762923434,0.0,0.0,0.0,0.006644333053949625
hog_2642,0.017444081056297245,0.028817222863013692,0.027333311461684717,0.0,0.0
hog_2643,0.006052337004364139,0.030146698747650635,0.01574632577871693,0.0006890459657982184,0.0
hog_2644,0.0,0.0,0.0,0.0,0.0
hog_2645,0.0,0.0,0.0,0.0,0.003856089643470284
hog_2646,0.017040755463239465,0.0,0.0,0.0,0.0003728673918657055
hog_2647,0.007901622537341835,0.0,0.0,0.0,0.0
hog_2648,0.0,0.016420929225634984,0.0017068590841751163,0.0,0.011651881036950806
hog_2649,0.0,0.0,0.023139104474003247,0.00626845760102035,0.0
hog_2650,0.032621443376516845,0.02241158732791404,0.009702582450966224,0.00796035485817459,0.007890798641932983
hog_2651,0.006054381091229466,0.0,0.02598447250348479,0.014625832836263397,0.013753958822686485
hog_2652,0.0,0.009040759063164261,0.0,0.0,0.01622264323164213
hog_2653,0.0,0.0,0.0,0.01800368033307098,0.007933811184945405
hog_2654,0.0,0.0,0.0,0.0026478170524439903,0.0030029039827812465
hog_2655,0.03188909551312924,0.006459215319731593,0.02609379912120091,0.0,0.0
hog_2656,0.0,0.0,0.03130593354710953,0.00923414376430265,0.0
hog_2657,0.017075635018208413,0.0,0.014001212523624629,0.0,0.03645018903945507
hog_2658,0.01855514270583747,0.0009043630612290965,0.010589217315929433,0.015247159309743186,0.032663407641826625
hog_2659,0.012110019036967401,0.01316731537210658,0.01929575163343511,0.007996775346656104,0.0
hog_2660,0.02370504497903969,0.017016270144636803,0.03344030159565503,0.004807441629486098,0.004142001793878247
hog_2661,0.0,0.0,0.0,0.000774240844571672,0.01569779287027706
hog_2662,0.007979799933008902,0.0,0.005985402245043847,0.020392289841559608,0.01967929940983293
hog_2663,0.024609827526796746,0.030524885969048787,0.0,0.014847447778860268,0.0
hog_2664,0.020581413441404628,0.006590783263281219,0.0,0.009115325603066937,0.0
hog_2665,0.0,0.016994198961850948,0.004394410608234756,0.0,0.014726231314419191
hog_2666,0.014867144978836233,0.013760611839877868,0.008655016698036366,0.026687028637887966,0.0
hog_2667,0.0,0.0,0.004878291977661098,0.01354063083588275,0.014817513105122249
hog_2668,0.004912185269826619,0.00649231369434089,0.0,0.0,0.0
hog_2669,0.0,0.0,0.0,0.003753096760941377,0.0
hog_2670,0.011536116253243023,0.0034909489776469016,0.0,0.024298714663819387,0.0010238234864861084
hog_2671,0.009848462389250079,0.0,0.0296921884790442,0.015021743604416882,0.014736434022315725
hog_2672,0.005931331652922811,0.0,0.013689413707361542,0.022695470748476332,0.0
hog_2673,0.00425981887992033,0.00604175854512512,0.0,0.0,0.0012141401445857625
hog_2674,0.013360254926777948,0.001190694304099349,0.006077076524204417,0.0,0.0
hog_2675,0.0405874470128198,0.02596395376814109,0.0,0.0,0.010247027482536808
hog_2676,0.0076540921440657606,0.02519307198885601,0.0,0.022287059860811587,0.03462536171249919
hog_2677,0.0,0.005245555739993524,0.0032492254479701277,0.018698039753934026,0.03143135147723952
hog_2678,0.0,0.0,0.009117894958315054,0.0,0.0010507946479110242
hog_2679,0.0010706070600552398,0.0,0.010577343485916435,0.0,0.004196503106119742
hog_2680,0.0009193060093319882,0.0,0.0017892664835534866,0.0,0.0
hog_2681,0.008015622974346437,0.0,0.015848803541383738,0.00458381976523925,0.001581940365920964
hog_2682,0.033572068619559525,0.005769632152041737,0.022406425355598225,0.022126031798654022,0.01612218707261115
hog_2683,0.013516065230441576,0.006305056754851712,0.0024794715236728937,0.0,0.0
hog_2684,0.00409682944172074,0.0197584681502343,0.021669688002373233,0.015193391882026175,0.0
hog_2685,0.008233994268085576,0.04255362516531602,0.01638103858999318,0.0,0.0070605373607857125
hog_2686,0.008818530020032078,0.0,0.0031401781140016904,0.0,0.008696165660535327
hog_2687,0.00787552231916,0.008367716840462558,0.016305281222782853,0.0,0.0208977937622421
hog_2688,0.0,0.0,0.0,0.0,0.0
hog_2689,0.0,0.0,0.014884885359247813,0.008850892615419825,0.005208473162207294
hog_2690,0.0,0.008506690686396201,0.0,0.0,0.006749360350415845
hog_2691,0.006521390796442983,0.028181591133632278,0.028914123181539075,0.012606328831741731,0.03821577376985075
hog_2692,0.008852566016653851,0.018504549605605103,0.0,0.0030124628762684402,0.016252653892713242
hog_2693,0.0,0.011132983044831679,0.006887862540796208,0.002095824209298769,0.0
hog_2694,0.0,0.011353862668257442,0.0,0.009637592002572637,0.02350692153263023
hog_2695,0.007517918793606748,0.03543490118434245,0.0,0.0,0.013592707100537726
hog_2696,0.0,0.02080792593865577,0.01764884419698487,0.0,0.0
hog_2697,0.02205553040212216,0.021070397696006715,0.019554653650719622,0.04179801723495857,0.024585862011103465
hog_2698,0.010580236815221022,0.0,0.005368582300022684,0.012464931981165828,0.02649040587993312
hog_2699,0.028911341202135787,0.0,0.0,0.015694619759954342,0.0
hog_2700,9.048273054190759e-05,0.0,0.0,0.0,0.0
hog_2701,0.01048799830728564,0.009388492416412486,0.011280846544558631,0.020484067466300937,0.004777354546345869
hog_2702,0.014195931912422965,0.017616170744675363,0.0207067469372737,0.019317395358708245,0.01900967803103981
hog_2703,0.0,0.0,0.0,0.00665155440111298,0.005820371184819706
hog_2704,0.05458642113836998,0.0214309871915892,0.015377143048576736,0.018984986554798855,0.025565401871366022
hog_2705,0.0,0.01522704310935552,0.005134964608788373,0.0,0.024463302463268777
hog_2706,0.013118345847172641,0.00899469613041548,0.0033939147722950036,0.04303743735277865,0.0
hog_2707,0.0,0.0,0.0045815162034013035,0.030143087523686107,0.008435857321459128
hog_2708,0.01612025286534724,0.007381838175922306,0.0049500158886710555,0.0,0.019724531717269622
hog_2709,0.02361052782148354,0.04594548453144043,0.03401806846011657,0.0,0.0
hog_2710,0.00737039270858042,0.0,0.030956105713418225,0.0,0.0
hog_2711,0.03153069297379152,0.021606921493048548,0.011433457347544973,0.0,0.0
hog_2712,0.010983262973236485,0.023004206330182964,0.0,0.0,0.0
hog_2713,0.023990455360681118,0.000464769809654042,0.015781788371157957,0.016217951545635323,0.02905380405388791
hog_2714,0.0,0.013999420650115502,0.023431286887239722,0.01437998774169258,0.0
hog_2715,0.005481331231947273,0.0,0.01578847122541238,0.02775511243195017,0.0
hog_2716,0.0,0.015511715671332249,0.02259788973973964,0.007197451445828396,0.013460022813428285
hog_2717,0.0007455712327875119,0.029573992227458046,0.012227578536230244,0.011458324777494644,0.0
hog_2718,0.0006068249946591386,0.0022593679128202204,0.006224179051206313,0.021623430607889516,0.021461479099430525
hog_2719,0.03715964336390942,0.01605829087192512,0.0174901895321522,0.01877828221754574,0.0
hog_2720,0.0067795970954636076,0.023578458194620344,0.00567838927550568,0.02326406376966239,0.0238446454188046
hog_2721,0.014198191645754532,0.017681038858526232,0.0,0.0,0.0
hog_2722,0.013049864145171064,0.0,0.0028720810924978135,0.003967928269240861,0.013514301042325094
hog_2723,0.0,0.01574614862452206,0.0017162452687189411,0.00391242014018256,0.0
hog_2724,0.0,0.009824291828190335,0.0,0.0,0.002840112720711385
hog_2725,0.016836692413194188,0.0,7.951037371189962e-05,0.0,0.028618112776762406
hog_2726,0.009281760985495158,0.0,0.011205735066907696,0.0,0.012061379680292195
hog_2727,0.0,0.019880615075959618,0.01516320937364668,0.0,0.0
hog_2728,0.023382405123042016,0.015612119342645947,0.018270075045783818,0.01000868952374856,0.011857998515486745
hog_2729,0.013502178376626484,0.017272822649088138,0.01899252952874253,0.024421347122980386,0.022996361263251774
hog_2730,0.007578468363084845,0.02642863321049238,0.01354945349373371,0.010267053339616083,0.009751924866898243
hog_2731,0.009559380337087253,0.019081247577917404,0.0,0.00999221161388153,0.01919506852879227
hog_2732,0.030289883931643224,0.029519322283324323,0.013033522800821151,0.005665003239272881,0.0010629526288190583
hog_2733,0.014027328194712085,0.02795477819645864,0.009084593321809553,0.024362168386156124,0.005840792742136891
hog_2734,0.03686682693663945,0.019484110907030283,0.024248787997255494,0.009013049134726003,0.02530482733616135
hog_2735,0.02782201555806396,0.0,0.017451276752174616,0.0,0.0
hog_2736,0.019730770426101163,0.042339497774849466,0.00597731865203488,0.009550118619924275,0.0
hog_2737,0.008842566368254312,0.023843246729498224,0.0,0.012637173299021809,0.0
hog_2738,0.011276973624746445,0.0044466805755860594,0.02340606203453932,0.002013813159511546,0.0045032024904185786
hog_2739,0.0,0.0,0.02249048031698897,0.0,0.0
hog_2740,0.00916021435279446,0.028227834752997394,0.014527286098680925,0.03993791323369056,0.009615417267293758
hog_2741,0.0,0.0,0.009711317699605093,0.0,0.003553041724357886
hog_2742,0.01531768293003033,0.026090802365972054,0.0099758341421472,0.016603129218102808,0.0
hog_2743,0.0,0.005331599035423684,0.02595451685795025,0.0,0.003978780600450538
hog_2744,0.021519312256003342,0.01996648585154892,0.006625443907841921,0.012425467113051036,0.028051582798252817
hog_2745,0.0,0.0,0.018795556324664897,0.0,0.0
hog_2746,0.0,0.0005781469833059383,0.0014885976828780123,0.008986352393736574,0.0
hog_2747,0.0,0.027679380833489642,0.026965255658361276,0.0,0.014378556915405571
hog_2748,0.0,0.04693435402031665,0.0005522824708346086,0.0320346010876138,0.0
hog_2749,0.010310555006016964,0.0,0.0031000488093044787,0.013578179819867309,0.0
hog_2750,0.0,0.0012838229937421897,0.025647819625043144,0.003804452438471939,0.0
hog_2751,0.011694034096954242,0.0,0.012888872755028036,0.0,0.0
hog_2752,0.02598078259588732,0.009685478416523452,0.010687369358153509,0.004915195886262103,0.0036860096459150338
hog_2753,0.0003861997015408569,0.0,0.02089058035163993,0.0,0.0
hog_2754,0.0,0.016618094649435422,0.02913270640905785,0.023083730709864803,0.0
hog_2755,0.02821278142151873,0.0,0.016550691177495747,0.01262573136793721,0.0
hog_2756,0.0,0.0,0.0,0.0,0.0
hog_2757,0.03179361058716257,0.029328218471691647,0.025960473773057657,0.025013734035172375,0.028976903212426297
hog_2758,0.0,0.004280200648594912,0.0020200561653469506,0.0049216148291304496,0.02433883212857646
hog_2759,0.020943890289431222,0.02603842730295458,0.011690228378862466,0.015368311300781423,0.0033743478308394526
hog_2760,0.0,0.0,0.01402023491987947,0.0,0.006948760316511926
hog_2761,0.021959416651444297,0.006380884476397952,0.024683067364643207,0.01756784494122199,0.0
hog_2762,0.027255620420233218,0.007800486803328122,0.0,0.01802766335745476,0.0
hog_2763,0.0,0.016832781121343787,0.0,0.010456451965892954,0.01289260263153258
hog_2764,0.04398318078172925,0.0,0.013261870293204137,0.009826566757454192,0.002100844548407199
hog_2765,0.020189773314311488,0.023434989496412317,0.037857540967006775,0.03712558144368683,0.023108877933672778
hog_2766,0.0,0.0,0.007286412495682182,0.021947503345959074,0.0
hog_2767,0.0010944625375610695,0.0,0.003953893168787914,0.0,0.0
hog_2768,0.01604077587227426,0.0,0.002732628748421506,0.0,0.0
hog_2769,0.0,0.02340978431941454,0.033176146483222535,0.02356457638438192,0.0016857050077425662
hog_2770,0.0,0.0,0.0,0.0,0.0
hog_2771,0.005758966850357927,0.021709224759466128,0.01989872082227606,0.033904866762080044,0.020999467517408554
hog_2772,0.002784442944059329,0.005298937378196866,0.022148355027371336,0.027442215090152544,0.005804316175986202
hog_2773,0.0,0.017172253170084417,0.013825877859333202,0.0,0.024565754026184328
hog_2774,0.01330593585066242,0.03884893938580891,0.0,0.0,0.015416852332640119
hog_2775,0.02341579375069891,0.027364103625348246,0.02468342956223135,0.021580073667211153,0.005452772605699652
hog_2776,0.0,0.0,0.0,0.008905526721393109,0.0
hog_2777,0.029931189045119044,0.0211257977697894,0.02630312667333201,0.0,0.0
hog_2778,0.013071998161367615,0.014787181029386698,0.0,0.0,0.014030521887230307
hog_2779,0.0,0.018105551374549833,0.023241811900260423,0.0035574395161699357,0.012898776774910914
hog_2780,0.010010975966942226,0.01060763189790137,0.028010461215446814,0.006710569960010959,0.0
hog_2781,0.0,0.017649327110828672,0.0,0.012564529167298666,0.014176518640888203
hog_2782,0.027550634968654952,0.01028816281778977,0.018642990179970065,0.0,0.018478642972555637
hog_2783,0.004883057836447158,0.0,0.0,0.0,0.0
hog_2784,0.0,0.011609306076958203,0.0,0.0,0.020645092169709223
hog_2785,0.011022796487691222,0.034114450855087686,0.01951525365872686,0.023398251078495802,0.017063060514569406
hog_2786,0.0034828798071495637,0.01669552686526732,0.0158771529493289,0.0,0.0
hog_2787,0.0,0.0,0.008000989663501601,0.007138768809020757,0.008198913292221999
hog_2788,0.01019536895777473,0.0,0.019396829427099194,0.012416866756119083,0.0
hog_2789,0.0,0.011201666204514238,0.02306446218072833,0.009566934096574942,0.002208066195807712
hog_2790,0.02361218759547179,0.020945565658235132,0.003285464248790282,0.015019389297309393,0.007907577497997531
hog_2791,0.016645540923460933,0.0236172019655001,0.024519119297578218,0.0,0.016255943080842217
hog_2792,0.020869053210537336,0.0023103680431200146,0.04771466168073801,0.036852833266388885,0.0
hog_2793,0.0,0.0,0.0,0.0,0.0
hog_2794,0.0,0.02977336493522742,0.0,0.0,0.0037687785489306513
hog_2795,0.0034755323360484702,0.0025760701135753017,0.02179468811235208,0.005946855490662983,0.0
hog_2796,0.0,0.0,0.0,0.0,0.0
hog_2797,0.0,0.0,0.008706066113477906,0.0,0.0
hog_2798,0.0,0.0,0.02435958168714092,0.0,0.0
hog_2799,0.011547599526315677,0.006410090245520861,0.010763401308121479,0.012403554229537983,0.0
hog_2800,0.0,0.0,0.00444961006906186,0.0,0.0
hog_2801,0.010841371426408175,0.0,0.0,0.0,0.014106290023232049
hog_2802,6.649584389073482e-05,0.0,0.01858233791713282,0.007051457442166287,0.011451849538337333
hog_2803,0.00027076038520212897,0.011350929416270805,0.0,0.0,0.0
hog_2804,0.021434253922002267,0.04187023532960876,0.0,0.0,0.003519201372488956
hog_2805,0.015098912675946874,0.0,0.019459303812066286,0.013351538444847044,0.013807244547218156
hog_2806,0.02148623098736535,0.014217270391993608,0.041973197004206986,0.026720417477827052,0.0
hog_2807,0.0,0.0,0.0,0.0,0.007958752488911536
hog_2808,0.011889618158084314,0.050301458292095313,0.02874116012976824,0.010694659842590326,0.00021140710093425774
hog_2809,0.0,0.006477159832679602,0.014979181124879393,0.0,0.0
hog_2810,0.01542870464978452,0.01999943671592086,0.0285900438194997,0.015768499785266066,0.0015318525285223927
hog_2811,0.0,0.004361514278359291,0.0017150559472962623,0.0,0.0
hog_2812,0.0,0.0,0.0,0.0,0.0
hog_2813,0.009772112388247267,0.017770257913219734,0.027055031425340603,0.0,0.02854653721327849
hog_2814,0.020150908561713754,0.029561224917276974,0.038361667421035195,0.03696031878682082,0.0
hog_2815,0.01659008147738339,0.04741285786818139,0.04849520035978716,0.0020043970970491376,0.009935996747398868
hog_2816,0.03777739339684505,0.0,0.011955507275969168,0.0,0.022045703119979887
hog_2817,0.0,0.0,0.012996868861856248,0.0,0.0
hog_2818,0.0,0.0,0.028963350354618944,0.0,0.0
hog_2819,0.006345214736981131,0.0021949931181064475,0.0057287212181833524,0.0,0.0
hog_2820,0.00843500109855655,0.015625559523496868,0.024622774561071203,0.0053302809179434085,0.03400814250546924
hog_2821,0.0,0.0,0.005746220112907485,0.012989139333104527,0.0
hog_2822,0.009977275699938115,0.0,0.013051480760750245,0.0,0.021572224922112415
hog_2823,0.0,0.00040527711688942425,0.021990556770709047,0.0,0.0
hog_2824,0.005966572584959806,0.011084312901243676,0.02228175840579172,0.002238346027958915,0.0
hog_2825,0.0,0.0,0.025753176060542282,0.010187483943614684,0.007000059916372647
hog_2826,0.0021910058506289243,0.0,0.017538210092404416,0.005100417775134147,0.0
hog_2827,0.018607121194141207,0.0,0.0062459822967491085,0.0,0.006557341818061113
hog_2828,0.005178471796859041,0.0,0.01446877864849827,0.0,0.006107968890906257
hog_2829,0.018867547407167118,0.0,0.0,0.0,0.0
hog_2830,0.026127641164489956,0.0,0.00881036518649947,0.0,0.021880196411530273
hog_2831,0.007557877376107358,0.0,0.0,0.0055318957596377505,0.0
hog_2832,0.0,0.0,0.018934156463790375,0.0,0.014119839628403463
hog_2833,0.0,0.01022470188486424,0.02154478498803547,0.002333949372504973,0.008534764143573348
hog_2834,0.016508232887131324,0.0,0.016782222005596648,0.0,0.0017238823561880334
hog_2835,0.03640986601538576,0.0,0.020490903572415675,0.0060926189625960525,0.0
hog_2836,0.0,0.0,0.007348833408563182,0.0,0.0
hog_2837,0.0,0.0038522351541834254,0.006833211629093006,0.012373612600850015,0.01824693565261981
hog_2838,0.0,0.0,0.0029348742021655383,0.0,0.0
hog_2839,0.0,0.016138369523432283,0.02695532117757571,0.0,0.0370828912370067
hog_2840,0.006563274115222617,0.015495995295186304,0.03817608632850189,0.02371529665669514,0.007498045313911739
hog_2841,0.0,0.0,0.026437757270955542,0.0,0.0
hog_2842,0.008777898712607701,0.01060366806463775,0.008155912174924396,0.0,0.013469294501692541
hog_2843,0.0,0.0,0.028187531646262087,0.0,0.0
hog_2844,0.0,0.008139386276287297,0.0,0.0,0.00406775303382978
hog_2845,0.011907512480731963,0.0,0.0008705317220814024,0.0,0.0
hog_2846,0.011462723624046767,0.02608395928322893,0.010475088819434264,0.0016841242472334095,0.017667404724342584
hog_2847,0.011468461058881108,0.05535536248320372,0.05126565581664444,0.0023139743078870456,0.0
hog_2848,0.0,0.0012452320911806591,0.0,0.0,0.0
hog_2849,0.0,0.0,0.0,9.855667230107557e-05,0.0
hog_2850,0.01357427288121782,0.017519385216422823,0.009649178764270294,0.0,0.0046635158873391536
hog_2851,0.03924435676558735,0.025879177015304178,0.007902110061360323,0.0010448602374335536,0.0
hog_2852,0.0,0.008158728512016156,0.019078251060484774,0.0,0.014798717986827192
hog_2853,0.0,0.009004692883073373,0.008550364774084551,0.011947968785631424,0.009264298653825831
hog_2854,0.01268679724330024,0.03443773919232207,0.028005175789813208,0.012451484094957221,0.01303391445469182
hog_2855,0.0,0.0,0.026536753754439646,0.0,0.0
hog_2856,0.020864674783758863,0.005101366927651174,0.005447762139928036,0.0,0.0
hog_2857,0.011246521049132818,0.001780328249169072,0.02381792482917633,0.014648798826272458,0.0
hog_2858,0.008721913721997598,0.013405879674345922,0.02136841688911506,0.006333726876746715,0.0064595051163640615
hog_2859,0.009131476094670576,0.014344660521719677,0.0006573223052874777,0.0010144797868851807,0.005383540459399816
hog_2860,0.0062301819277585935,0.0,0.0,0.018786877736679752,0.0
hog_2861,0.004926313444406638,0.018347751673728485,0.008699550386264354,0.0,0.0
hog_2862,0.012686769462477931,0.0,0.039030011703553136,0.007029866055028755,0.006020516146650445
hog_2863,0.0017477650881849716,0.012349796712545213,0.009689730627314486,0.0,0.005815136209127658
hog_2864,0.0,0.02247133430899706,0.0028521956424583106,0.0,0.0
hog_2865,0.0,0.04521976887559154,0.01675042850709829,0.003549749940984226,0.01032422422661905
hog_2866,0.02042816960108218,0.0,0.0,0.0,0.0
hog_2867,0.015144101769710927,0.0,0.009867858462763612,0.00430286375935518,0.0
hog_2868,0.0,0.011385580844318177,0.012871287066092751,0.0,0.0
hog_2869,0.009007783970446548,0.002813666045243357,0.007379168382541712,0.0,0.000799096357872342
hog_2870,0.03246775828651316,0.0229703977355884,0.024121723828332886,0.0,0.0
hog_2871,0.002228715189670716,0.014639434940858065,0.023583339804068126,0.013848480684968578,0.0
hog_2872,0.0,0.0,0.008494338445321992,0.0,0.0
hog_2873,0.0046514504334274065,0.015323138637954647,0.004940554226905203,0.016973436086709537,0.01448155193042755
hog_2874,0.0,0.0,0.02256183122693467,0.004132592562298143,0.018753691949022544
hog_2875,0.02035722110835536,0.023067732051015977,0.013919455388952784,0.01595753331411731,0.008647904514584859
hog_2876,0.0,0.004383672107108438,0.006040144404359404,0.008628526206734932,0.0
hog_2877,0.0023630327570243193,0.0,0.013885743446731214,0.0019402189636748002,0.006999413333669047
hog_2878,0.0,0.0,0.0,0.011705274971508972,0.0039040821067726217
hog_2879,0.01838304573016214,0.008541865415256034,0.030491427720455322,0.005210420983876585,0.004553895936733499
hog_2880,0.006970781159415518,0.0028479227932740603,0.006142079214123797,0.03674679471168951,0.0
hog_2881,0.013088512634289673,0.017311701625978948,0.022294034458127054,0.02008410435874186,0.0
hog_2882,0.0,0.01531212694889672,0.01771119719225589,0.0,0.017958021845316585
hog_2883,0.01786782421783628,0.006421914249597815,0.0,0.0,0.0
hog_2884,0.009132483179967288,0.012148049419804963,0.001700421352920145,0.0,0.0
hog_2885,0.003615368481523662,0.009419842150361957,0.020762495110110413,0.006635308975203813,0.0
hog_2886,0.0,0.0,0.015289338661547802,0.0,0.003159222537070905
hog_2887,0.0,0.0,0.034954145362199984,0.0,0.0
hog_2888,0.0,0.02984232269561038,0.005534557052394362,0.0,0.0
hog_2889,0.007180563207432877,0.009381409316747469,0.02038097635117242,0.00795826181601389,0.013192701600085899
hog_2890,0.0,0.008669849845747812,0.0016052944927207324,0.00013979096905036847,0.0
hog_2891,0.033910263318829514,0.03021073389106932,0.0032410503560240667,0.022628860134472628,0.0
hog_2892,0.020913290053999,0.02013858448412531,0.018480900438995196,0.011141025597517062,0.011104000006394887
hog_2893,0.013401757520131508,0.014915730374993164,0.0,0.018858040725246328,0.0
hog_2894,0.010903484266882257,0.006532098693422084,0.046373865246941204,0.02985446989131857,0.005626480618686314
hog_2895,0.0,0.0,0.03287689326304122,0.0,0.0
hog_2896,0.0,0.013409800332291333,0.015540437710800603,0.0028745149577131812,0.003958707667431227
hog_2897,0.0,0.013004000356645173,0.023334748895632806,0.01943567549879166,0.024437840209602824
hog_2898,0.03320371434771974,0.0,0.0,0.00381653089579026,0.0
hog_2899,0.018160630734382233,0.0031249263839390196,0.03315988938033154,0.0,0.004655771895220262
hog_2900,0.0,0.0,0.0,0.0,0.0
hog_2901,0.010512345002318568,0.0,0.02787967724256868,0.0,0.0
hog_2902,0.0,0.00288171014347971,0.0,0.0,0.0
hog_2903,0.015070314406802288,0.021786764298008743,0.03632068483929629,0.0,0.0
hog_2904,0.00594166500583837,0.01476216898494176,0.0016822193324026458,0.0,0.0
hog_2905,0.0,0.0,0.0,0.0,0.0
hog_2906,0.0,0.0019049085683535694,0.016697746173276684,0.0,0.0046426628491542665
hog_2907,0.018525256460608208,0.022690178475451406,0.0022622456473084807,0.013695882694785055,0.0
hog_2908,0.0,0.0,0.012369129935037915,0.01988823660313166,0.04450377166668451
hog_2909,0.0013906876172751215,0.01633725817440257,0.023312097571116963,0.0,0.013200986328834485
hog_2910,0.0,0.0,0.0,0.0,0.0032270886986869307
hog_2911,0.016829790050206572,0.0,0.01352574562235076,0.013274437091485236,0.004561029272523998
hog_2912,0.01766094591995837,0.01562746192612785,0.021960350505740855,0.0,0.00024190079608121806
hog_2913,0.010484112846985694,0.033950517604508956,0.020044623842114806,0.007437678364101474,0.018076592146397452
hog_2914,0.0,0.0,0.0,0.0,0.0
hog_2915,0.0,0.003069844182060466,0.00880771953324988,0.0,0.0
hog_2916,0.01497196823098057,0.0,0.025016098696578615,0.018764240457470382,0.0
hog_2917,0.016640628920780998,0.039827247609631744,0.0465271115562067,0.007255078682558924,0.012260510123783597
hog_2918,0.007257144612139221,0.0,0.0,0.0,0.0
hog_2919,0.0,0.0,0.020661743234120733,0.0,0.0005469891775877755
hog_2920,0.003836274024915154,0.023564928180572098,0.004150681031383607,0.023464829720442282,0.01550238436013629
hog_2921,0.013942276706935042,0.025808724845048037,0.023598209996763098,0.010434802051586312,0.00590959381028866
hog_2922,0.020758479691578735,0.0,0.0026506789326419256,0.024887236130098245,0.004531387351192739
hog_2923,0.008651461409830974,0.012092818192698918,0.04314846583054188,0.027501988543301437,0.0
hog_2924,0.02448635338480898,0.015692883345278297,0.014875361061245096,0.026528515602260105,0.007169997136598827
hog_2925,0.0,0.0,0.017933191400318238,0.0,0.0
hog_2926,0.0016455328537381408,0.0,0.029113699891406775,0.0053021526794687635,0.011652830261107638
hog_2927,0.024739643512048826,0.0,0.0,0.00710308153002992,0.0
hog_2928,0.0,0.0,0.0,0.019370413744322912,0.0
hog_2929,0.0,0.019649363351508242,0.012564865986175233,0.014088776886260979,0.0
hog_2930,0.011953916823354671,0.022360595321032628,0.019963335550466477,0.0,0.0
hog_2931,0.0,0.004507798953129916,0.026314212411145732,0.008906716284446947,0.0
hog_2932,0.007882653411229734,0.0018268122956461852,0.008245837641031706,0.0,0.022239465119013424
hog_2933,0.0,0.0,0.00251912914463448,0.0,0.023851798902054133
hog_2934,0.00030823414760372536,0.02592663544629037,0.014199747805482499,0.0004223593431365025,0.0
hog_2935,0.0,0.0,0.0,0.0,0.0
hog_2936,0.0,0.022071712849107694,0.019435566753140066,0.010518831571305176,0.0
hog_2937,0.0,0.0,0.016617831505133296,0.01630628949322377,0.008203656666844639
hog_2938,0.020208700326437956,0.006823616087092699,0.027582557231026872,0.01204941913144264,0.00904499804942871
hog_2939,0.011975375654555975,0.010718394788200358,0.02631338112649706,0.0,0.008610150067173805
hog_2940,0.0,0.003327767154801098,0.0,0.0,0.0
hog_2941,0.012701969613818198,0.00011072740597928288,0.006779455687379032,0.0,0.0
hog_2942,0.029381860266404658,0.006647877376690259,0.021976317775515675,0.0,0.0020914058224510423
hog_2943,0.0023628419755834518,0.014537175179604844,0.02616027938847032,0.016678746532566402,0.02807990477144151
hog_2944,0.023646287827700396,0.0066103985156822365,0.004663194379257218,0.0,0.0
hog_2945,0.0,0.005607866311075238,0.020139511593252557,0.003845964507813049,0.004763544462289104
hog_2946,0.0,0.0,0.0,0.013438103155230197,0.0
hog_2947,0.0,0.0,0.0,0.0,0.0
hog_2948,0.02200757275542453,0.0,0.0,0.004704809376118613,0.004420040729210761
hog_2949,0.0,0.004200265246173673,0.021249713918369828,0.0,0.0
hog_2950,0.0,0.017735799561327648,0.007786253127861631,0.006340085572844378,0.031134224363037255
hog_2951,0.017688775597866968,0.0021223769341180976,0.016802199196204626,0.0,0.0168801250817312
hog_2952,0.0,0.0,0.0,0.0006344332589645063,0.0
hog_2953,0.027122385745244282,0.0,0.02015570871808836,0.01245793225988745,0.0171063487168579
hog_2954,0.0,0.0,0.0,0.0,0.0
hog_2955,0.018556739114858667,0.0,0.017933217561715287,0.029685569910457454,0.0030245859855417834
hog_2956,0.013824541238621979,0.0,0.0,0.023523544018638542,0.0054405152452348116
hog_2957,0.0,0.001402652757122258,0.0,0.0,0.005651000624824043
hog_2958,0.007767117816854796,0.001930762893950666,0.01910274725633765,0.005628131993105523,0.0
hog_2959,0.0007468214069770163,0.00594077134540516,0.016393314668139647,0.009002008223606417,0.015586431201943585
hog_2960,0.0,0.0,0.008852128056548558,0.0,0.00616664496531083
hog_2961,0.0,0.022488812837643257,0.03424710704908285,0.0,0.0
hog_2962,0.00011375921310774473,0.0,0.022393087139377155,0.002570266874447391,0.0
hog_2963,0.010757538067889705,0.0375329212444091,0.04821192419757159,0.019617606060704507,0.014534978021143674
hog_2964,0.0,0.00731126532802473,0.017511669093796645,0.0,0.02720653638634629
hog_2965,0.040048658327642706,0.027357875648020613,0.0419112214146784,0.013053597755106505,0.02216915877140968
hog_2966,0.007339461430413641,0.018017386446574024,0.01753299578712264,0.02656915797103454,0.021288093457294988
hog_2967,0.0,0.0,0.0,0.0,0.0
hog_2968,0.0,0.0062602922190229116,0.020264568096198143,0.0029376534315730396,0.014379600019127414
hog_2969,0.0,0.0,0.0,0.0022349821195197794,0.0
hog_2970,0.008417085224686538,0.01645267340927581,0.0248832606791487,0.0,0.0
hog_2971,0.0032538426066048842,0.018840577484582788,0.025602600488437766,0.0,0.022260016973204788
hog_2972,0.0030344372453932067,0.0031238978739884793,0.001985925234420094,0.010140994757675159,0.0
hog_2973,0.02012973668623297,0.003526969517579026,0.024883174428433463,0.0,0.012038377253797305
hog_2974,0.0,0.0,0.0010459866196206313,0.015315575098491685,0.0
hog_2975,0.004703103400666375,0.0,0.0,0.0,0.0
hog_2976,0.001507327298543526,0.0,0.01057822034061906,0.0,0.0
hog_2977,0.01059578160585839,0.027565308160192314,0.026017162733253496,0.019875105860096776,0.0
hog_2978,0.0042369121164602674,0.0,0.008954048794572955,0.0,0.007620033940364701
hog_2979,0.014520404849678092,0.012939489393230197,0.002907904643945969,0.0,0.019635286063941715
hog_2980,0.0006889093289754733,0.0466665844707721,0.0,0.009568453095322615,0.00514758832336204
hog_2981,0.02362512679381701,0.0,0.029398365589349718,0.030025236444320758,0.016124350439691515
hog_2982,0.03109167992147821,0.009775127985558463,0.0,0.015181005225731958,0.03421389500797911
hog_2983,0.0036858456088548763,0.005291898002314888,0.03461213672936991,0.003598189207655089,0.02273457985074212
hog_2984,0.01820301297988247,0.0,0.011535916977682081,0.0002741750694268408,0.0
hog_2985,0.021351343281055923,0.005454710205975877,0.01582016200487102,0.0,0.0
hog_2986,0.02136840398784212,0.025172063274825796,0.04914735777705803,0.00934507624918468,0.020456719551610547
hog_2987,0.0,0.0,0.0,0.0,0.0
hog_2988,0.0,0.0,0.0028620649786419428,0.0,0.0
hog_2989,0.0,0.031565161801348385,0.00997470995648797,0.0024712159287716418,0.016425109257664827
hog_2990,0.012022245164536649,0.0,0.0,0.0028306847799544066,0.0
hog_2991,0.0,0.015629886885499378,0.011627132903891724,0.0,0.0
hog_2992,0.003204724547376747,0.02504184508829921,0.00414308022181431,0.013043269813968417,2.3465684795942465e-05
hog_2993,0.0,0.0044100142482159654,0.008845484347800525,0.0,0.006802407137312283
hog_2994,0.024976386459242494,0.023263739193444932,0.02771798185655583,0.013383934162918498,0.0
hog_2995,0.02647743627821675,0.027681629275345676,0.012903093907304708,0.0,0.011857438911094365
hog_2996,0.0,0.02281210479551321,0.04037838189293663,0.0,0.0
hog_2997,0.011784018244980876,0.021853436765824297,0.0,0.021682978868213132,0.0
hog_2998,0.0,0.0,0.036541140094256574,0.0,0.007591370158418487
hog_2999,0.0,0.0,0.0,0.0,0.0
hog_3000,0.0,0.014961100247423476,0.018573070933593838,0.0,0.0
hog_3001,0.02300163335046368,0.0,0.009877631399511477,0.0,0.008515971715241433
hog_3002,0.0,0.002090563138579249,0.0094329825318058,0.01807054873079439,0.0
hog_3003,0.005119974598352783,0.0,0.004599585032102338,0.0,0.01167756147229504
hog_3004,0.0,0.03265768115711554,0.0058771144788563046,0.0,0.0068492124653816155
hog_3005,0.0,0.005950906936416311,0.026746010469184345,0.001287551938239817,0.0
hog_3006,0.0019681513771319104,0.0,0.0,0.0,0.0
hog_3007,0.0,0.0,0.00934704017578114,0.0,0.0
hog_3008,0.010353447745863553,0.002775004652839419,0.026784401974874417,0.0,0.0014377489634369578
hog_3009,0.0,0.0,0.011683930811682286,0.0,0.006382195637794297
hog_3010,0.0,0.019538715184945543,0.002768319070267422,0.0005348263870637027,0.0
hog_3011,0.0034838465219535486,0.0,0.0,0.0,0.002083064709199167
hog_3012,0.017955829699749293,0.00786169135507886,0.01126653675769207,0.01993169301541675,0.025868234152850444
hog_3013,0.004901778368905374,0.0,0.0,0.0,0.0
hog_3014,0.0,0.0,0.023831915147270122,0.010405355018096474,0.0
hog_3015,0.0,0.0,0.0,0.0,0.0
hog_3016,0.005963928573269994,0.0028112721489348402,0.02032059919897966,0.006109407545284551,0.02201196692276519
hog_3017,0.0,0.020875109863507824,0.010844779787360093,0.04244062654507541,0.0017903688138243279
hog_3018,0.0,0.0,0.014966300991995807,0.008371159147379181,0.010789141346086106
hog_3019,0.007410810156844416,0.005491172388135901,0.014439296449380024,0.0092020690962753,0.009966515219356209
hog_3020,0.011198490964199781,0.0021359534229128396,0.0,0.0010324449420615611,0.004302131604605242
hog_3021,0.00220394085686082,0.0,0.026198759352854317,0.0,0.0
hog_3022,0.014151528490352394,0.015836681383094575,0.0,0.0005941479395712435,0.0
hog_3023,0.019944346941757063,0.0,0.0,0.0,0.0
hog_3024,0.030343451998085857,0.0021720585672315718,0.025995600678070607,0.017438235059911822,0.009481399134982693
hog_3025,0.0,0.00360901148068149,0.04103986376727509,0.025189515642074944,0.0
hog_3026,0.0028377202473437446,0.005638429327595729,0.0,0.009032852782936862,0.012705620112479332
hog_3027,0.0,0.0,0.0,0.0,0.0
hog_3028,0.0,0.0,0.026329523218532325,0.00446901049194115,0.0
hog_3029,0.0,0.0,0.0,0.0,0.0
hog_3030,0.026066953354983546,0.0,0.012616446328577169,0.005781336923096347,0.02056957306008589
hog_3031,0.0,0.0,0.02131567371019738,0.0,0.0
hog_3032,0.012389157426005992,0.005455029681085133,0.019773213340268603,0.0,0.0
hog_3033,0.0,0.0,0.013804574108319922,0.02688479943280897,0.0
hog_3034,0.015360843570099147,0.000976956036126131,0.034711883459846105,0.0047682664122579155,0.0
hog_3035,0.003888991552547072,0.0,0.03879959965323576,0.00424264794808904,0.010934730825543637
hog_3036,0.007417500494002471,0.013889636988460241,0.03716792415751757,0.020573527619304866,0.0
hog_3037,0.00954681958760717,0.00174342991993659,0.023800958306031683,0.0,0.0
hog_3038,0.029113988529776424,0.032308271560587576,0.0335450357002085,0.013419644795779284,0.0048001311395007296
hog_3039,0.017651479429399375,0.03379889068119635,0.03931316537873131,0.024365622691599365,0.0
hog_3040,0.006467767308187433,0.013701916722614893,0.031422489316779156,0.007261316516915084,0.012927973039663865
hog_3041,0.008795089043991178,0.02275887635547469,0.0,0.0033829636023225973,0.0
hog_3042,0.00861061973347832,0.0,0.025267436433964008,0.006203844358471322,0.0008918379654649922
hog_3043,0.008187203771583773,0.0,0.01165626616804305,0.0,0.0
hog_3044,0.01641387596189925,0.022266691536416028,0.01744222602109824,0.011328314566595,0.0
hog_3045,0.023629848049574687,0.01587341760735117,0.04026628774000751,0.020833515466885055,0.0
hog_3046,0.01286260359811986,0.0,0.0035323743281516773,0.00120169157081218,0.0
hog_3047,0.0,0.02182837208791688,0.035415113875019166,0.008285904309491166,0.023745082007377016
hog_3048,0.0,0.0,0.03010341985009002,0.0,0.0
hog_3049,0.009063256863505176,0.0,0.0049995708367083225,0.004251134370046872,0.0
hog_3050,0.0,0.012487034591379675,0.01361005527861403,0.012531517365779843,0.0
hog_3051,0.0006661578386417677,0.011724154026627742,0.0030777110955415576,0.0,0.0
hog_3052,0.0,0.0,0.007078470744680265,0.0,0.0
hog_3053,0.0,0.02725172293589284,0.020878312463204374,0.01666559929299183,0.010790692282372838
hog_3054,0.0,0.0,0.01721176092836285,0.0,0.0
hog_3055,0.0,0.013993323314849482,0.0,0.01172123903487332,0.0
hog_3056,0.01884720606381496,0.0,0.04054653201475089,0.0,0.0
hog_3057,0.03422413774143607,0.02291450276227569,0.030696674853140093,0.020113628498172886,0.009740577962169317
hog_3058,0.007424746472230348,0.028126506415718566,0.010544945600833078,0.0,0.012756021556795005
hog_3059,0.0015227720652737364,0.008549368742467145,0.018889759361357505,0.0,0.0
hog_3060,0.019760164962869364,0.02527327665057233,0.013289787276412612,0.018397710031197168,0.02955770078034936
hog_3061,0.02171151960222839,0.02845390677148707,0.0,0.013420564015448333,0.022573843188423037
hog_3062,0.005394085795955572,0.012193323071897577,0.02670760266619654,0.02633452848690987,0.03462548719975689
hog_3063,0.0,0.00022800880280371416,0.0,0.0036169179066551926,0.0
hog_3064,0.0031475817893411584,0.009349238243236524,0.018143490501249415,0.0052660275796621026,0.0
hog_3065,0.0,0.0,0.0,0.0,0.0
hog_3066,0.006135733270796306,0.0,0.0,0.0,0.0
hog_3067,0.0,0.0,0.0,0.0,0.0
hog_3068,0.02838281219146399,0.02170565351207987,0.027740485441876794,0.01457298601280188,0.0
hog_3069,0.012382505818914868,0.010445072847474313,0.003916872993278142,0.018859399733301974,0.004650593906192491
hog_3070,0.02180806776403421,0.027275676427546136,0.05514294828252009,0.040414545247218436,0.0
hog_3071,0.017910698321378815,0.006237816207700586,0.05864324481691119,0.023932253976980622,0.009981188046529477
hog_3072,0.0,0.0,0.010702478767301793,0.0,0.0350317972516887
hog_3073,0.0,0.019018198902736483,0.0,0.012639147294928543,0.0
hog_3074,0.0,0.006648090967371401,0.007241341598043016,0.011347787716700308,0.023271588268389598
hog_3075,0.0,0.022237327992539413,0.023594518473231352,0.0,0.0
hog_3076,0.027051923610568407,0.012018994957111007,0.03684049680423085,0.0065646417951616964,0.020821982133916617
hog_3077,0.027050432376422906,0.03693618653776731,0.016296570336729044,0.007269591242889506,0.018272266370571444
hog_3078,0.0036536990281332837,0.006930541287242908,0.0,0.0,0.012111484585308085
hog_3079,0.015903201811242607,0.004032361327613199,0.010531272236810496,0.0076281299089384635,0.029179112772946603
hog_3080,0.0,0.00506019597545837,0.004215753176715742,0.013133703058944679,0.0
hog_3081,0.0,0.0,0.00811737206748786,0.0,0.0086286194841394
hog_3082,0.04018262847118392,0.016055496047701734,0.05022151220936433,0.006061224173972368,0.015050538703458738
hog_3083,0.0,0.005912533034223788,0.00809397231570852,0.002755099913140713,0.0
hog_3084,0.00563048826778334,0.02248430868581086,0.014328141245518289,0.0,0.00864708687983895
hog_3085,0.013156142687476446,0.008693135820976972,0.023932385613349982,0.029940562037153562,0.0031632457809835923
hog_3086,0.003810567263250908,0.0,0.0,0.0,0.0
hog_3087,0.030624821446859185,0.002915948853532635,0.005917991089424701,0.0,0.0
hog_3088,0.014390709940951485,0.0,0.0034385391935423115,0.0,0.0
hog_3089,0.015630731955001753,0.028861104105549096,0.04332261075735078,0.02369301397486634,0.0
hog_3090,0.006723619453517182,0.012055768334876982,0.026159536898598512,0.022432504183645507,0.015557028012469054
hog_3091,0.0019693452166786862,0.0020102129635122257,0.029291621062975892,0.007289465271049345,0.019413628126290883
hog_3092,0.002263192121469082,0.0,0.03203515934827528,0.0015589126678463572,0.017856145430415138
hog_3093,0.009301202984322465,0.03598361015675078,0.022815652784915263,0.022663796584055484,0.026348785075372527
hog_3094,0.01701222034157701,0.0,0.0055167444713430935,0.0,0.0
hog_3095,0.002009934169564298,0.008821063813269525,0.0,0.01846083771985696,0.006380178533105463
hog_3096,0.0,0.020459978576665927,0.022359207727595143,0.023168809505829335,0.02171856896917812
hog_3097,0.011876360337426783,0.0,0.029359761681847063,0.0026204313358582088,0.012872998981276362
hog_3098,0.0,0.0,0.0018720476642810624,0.0328684432200379,0.028447007576555938
hog_3099,0.0,0.002732721171894603,0.02450674521378926,0.0,0.0
hog_3100,0.0,0.0,0.0,0.0,0.013117486364163433
hog_3101,0.0,0.004135045612282839,0.005853489764419129,0.006773296862666367,0.0
hog_3102,0.008992740733792415,0.030795401943457312,0.03210727824746895,0.005610108102313882,0.0019563006286742457
hog_3103,0.0,0.0,0.016618046334655023,0.0,0.0
hog_3104,0.00998412621188871,0.0,0.03372216998172162,0.0,0.014090053858526908
hog_3105,0.05056149104476804,0.03216572322883926,0.027837546524681844,0.00739382413826184,0.019241239750777295
hog_3106,0.010637021183979911,0.005047964174229813,0.030854114714189196,0.005488733576396232,0.029050819832810104
hog_3107,0.029091755388728213,0.005381797372427277,0.0019179236084523321,0.0,0.006119669225714386
hog_3108,0.001894396876098492,0.0,0.028915927071384573,0.0016995542437625577,0.008138882651177681
hog_3109,0.02445680960802976,0.0,0.0,0.0,0.01619136653808928
hog_3110,0.0,0.0020954849599332803,0.002736760574430175,0.008172335936337705,0.007653769681164491
hog_3111,0.009949695845919537,0.02366081694937261,0.028035462176696502,0.02598825389734527,0.017484011601880622
hog_3112,0.013744383121056636,0.0067454378169502505,0.03266813631488574,0.0,0.00794669246845503
hog_3113,0.019930539892684118,0.006396302917008212,0.02374911706955163,0.0,0.0
hog_3114,0.03714190803090989,0.0,0.013721428372661881,0.0,0.014469724156133346
hog_3115,0.031133185397733243,0.02821116083401254,0.019583414801295662,0.0,0.0
hog_3116,0.015357404514284356,0.00042572496600823406,0.00041481929905340387,0.004847719230681502,0.0029139741417365528
hog_3117,0.004868808535881897,0.006135864721931172,0.03817784104963562,0.01683678303265279,0.0
hog_3118,0.0251948688177277,0.03691021670217243,0.024507040514249123,0.021568149827162264,0.019093548209585975
hog_3119,0.012542031928262976,0.03551295837412449,0.0,0.02316738589396672,0.0
hog_3120,0.0011272822305836705,0.015668074509033625,0.0,0.015895945754865748,0.018698388504801322
hog_3121,0.015981348486532543,0.0043106234920360365,0.03537558509844163,0.0,0.0
hog_3122,0.009665641737679254,0.03531209586415507,0.0009948510875033012,0.0027571185201467063,0.0018511955192153096
hog_3123,0.0036793629021358853,0.0012163526589330509,0.013876675448395881,0.0071183597858544,0.0
hog_3124,0.01399622430886538,0.0,0.00021702923538491348,0.03499308127992995,0.0
hog_3125,0.022521341004936746,0.0,0.02934176782909481,0.0053940939360499485,0.01180829607505518
hog_3126,0.0,0.008430320068679276,0.02888245679398138,0.0,0.006474432270209496
hog_3127,0.0016509545875158516,0.0,0.017255866312817947,0.0,0.0
hog_3128,0.012438522743228653,0.0,0.0020196025308405474,0.0,0.0
hog_3129,0.02273198746763505,0.012396994112545245,0.03162244817667004,0.0449597792790597,0.027002179027880713
hog_3130,0.026929625432570603,0.023009538391850715,0.008431679733725383,0.004695656001543647,0.012565456548740528
hog_3131,0.006166868413020277,0.004186870902422202,0.01969369272830268,0.0,0.0
hog_3132,0.03836107458662541,0.024280921945272205,0.020025604890067106,0.048757567698040294,0.0095812733458005
hog_3133,0.0014419159703817908,0.0005556866780269676,0.03192656167466357,0.004636059829158379,0.0
hog_3134,0.03504061829462768,0.005397817732080368,0.025979390691605042,0.0018406205041829882,0.0
hog_3135,0.010625593608870831,0.0,0.0,0.008020045600500403,0.0
hog_3136,0.015293500801345283,0.016650117200358583,0.0,0.0063744646362413615,0.015483687778939492
hog_3137,0.033912629960646035,0.012325137864218627,0.021191706958024525,0.03009466336089739,0.023742845535865253
hog_3138,0.02363149709205903,0.014736428553463243,0.004008559814461021,0.0014064040582804083,0.0
hog_3139,0.005004266916772027,0.0027160776217618476,0.04646818935082164,0.008308639729416756,0.030419656193112043
hog_3140,0.015570129299480984,0.007183043730527805,0.013850939691359532,0.003073993423342136,0.006605269570164385
hog_3141,0.017329649084729226,0.017126330942204282,0.038571812430207464,0.0,0.0019923419399048292
hog_3142,0.0,0.0,0.004259432453726619,0.0,0.01904069395308161
hog_3143,0.0,0.011624975442023455,0.008625354633081894,0.024275299649734183,0.0012447508725921264
hog_3144,0.0,0.0006845335601426417,0.022677209383845875,0.02408461410978391,0.0
hog_3145,0.0,0.0,0.0,0.0,0.0
hog_3146,0.0,0.0,0.006750896398937778,0.005166887763478956,0.0
hog_3147,0.008547042199962052,0.0245998977098818,0.0,0.0,0.0
hog_3148,0.0,0.0,0.0,0.0,0.0
hog_3149,0.0,0.04048467273116363,0.0,0.005794181823815858,0.0
hog_3150,0.03817415275149183,0.012886365956807477,0.006194755771803617,0.012921196071884022,0.008545078783476878
hog_3151,0.0,0.0,0.0,0.0,0.0
hog_3152,0.004839572105280965,0.0,0.0,0.007140198576731871,0.0
hog_3153,0.001389187017035054,0.0,0.011988383184361906,0.0001557175028339408,0.0
hog_3154,0.010311197964249175,0.02052990901746443,0.0,0.02940379632352319,0.0038669809463784954
hog_3155,0.010307602746424616,0.017839695377200426,0.017105856150141152,0.0,0.0
hog_3156,0.0025829645500849985,0.0,0.019286981332896636,0.03611634909858963,0.013771154737106883
hog_3157,0.0,0.0,0.010904930814554126,0.009916828313708326,0.012469173603697703
hog_3158,0.003273636959092663,0.03605545516596442,0.02857311445349975,0.0,0.0
hog_3159,0.0,0.032935825539638364,0.0006313237564077312,0.0,0.017539775656981504
hog_3160,0.01920154904932203,0.0,0.03760635482571417,0.00982084083654966,0.002097924328976042
hog_3161,0.006745802492479358,0.0,0.01930482916258791,0.007480224228601173,0.0
hog_3162,0.011433934719207839,0.009484880403425322,0.007651911164738623,0.0,0.0
hog_3163,0.0,0.0,0.008766969872048058,0.0,0.013916895380622352
hog_3164,0.004696703047876394,0.02715306016536201,0.018989515549978186,0.0,0.02035765718021998
hog_3165,0.0,0.0,0.0,0.0,0.0
hog_3166,0.007788158828953451,0.0,0.0,0.016557713052157697,0.010558751604003547
hog_3167,0.0,0.0,0.00710647413124299,0.0,0.006538064166962787
hog_3168,0.0,0.009220349275061768,0.018704348141911575,0.0,0.0001118006062386101
hog_3169,0.0,0.0010918160098358776,0.003310049675679938,0.0,0.0
hog_3170,0.008569221399669535,0.0032221357222197433,0.02050097951498131,0.0,0.0
hog_3171,0.0,0.00889143339927112,0.02599965235528301,0.003143717481380204,0.0
hog_3172,0.0,0.0,0.0,0.0,0.0
hog_3173,0.0,0.019791114075737415,0.0301280506143069,0.038824926755821165,0.0
hog_3174,0.0035642420815402698,0.010127341588304084,0.026286382254165686,0.03162678575239486,0.002485358348099931
hog_3175,0.012454297409738357,0.005165033583578449,0.019809414307342843,0.0,0.011030183693739204
hog_3176,0.023854296949181286,0.004194128306365341,0.0396118955159972,0.008489644240778693,0.004195400630102597
hog_3177,0.0,0.00648679976091171,0.016498114639887707,0.0015424959304199959,0.0
hog_3178,0.0,0.004090838681258813,0.004539970912822655,0.0040553409448680355,0.007589268574778041
hog_3179,0.008631477375500962,0.00782589612953788,0.018172892141214758,0.016061263364289813,0.010775237566564178
hog_3180,0.016636150239970116,0.0,0.03048603226737323,0.0,0.005624371383383675
hog_3181,0.006394589872877443,0.026505917912251764,0.0,0.024679658163474283,0.005983525607427875
hog_3182,0.0,0.019151004023317153,0.023967364770474564,0.006541420968369405,0.00841011191794272
hog_3183,0.0,0.0,0.0,0.003751252545461048,0.0
hog_3184,0.01149943216404492,0.04009197241901319,0.012097494359264216,0.008146214619512815,0.026949141603243465
hog_3185,0.015325435812652,0.0,0.03525605418854516,0.028227924313880104,0.0018282352132978907
hog_3186,0.0014877722890778156,0.019758997553199098,0.020645265253445677,0.013614104173813368,0.020457476391121165
hog_3187,0.00434134682909515,0.04221116513812029,0.01143068295977101,0.0,0.0
hog_3188,0.0,0.0010486301211998228,0.0,0.0,0.015285067319683598
hog_3189,8.69730032859728e-05,0.0,0.0,0.0,0.006229328274587109
hog_3190,0.01468712511173087,0.008848175201469743,0.014893380633354214,0.0,0.010338657504991078
hog_3191,0.02256779459883851,0.02125611677011907,0.03866563132258083,0.027068067125544104,0.007659160206299642
hog_3192,0.03831496045619498,0.00476212777719387,0.011250256644248058,0.0,0.03847175671449454
hog_3193,0.016843183208813173,0.0,0.010800473363050678,0.0,0.0
hog_3194,0.015686473730150086,0.022404858490814306,0.03121578650881318,0.007644400330277357,0.008117218774609691
hog_3195,0.0,0.0,0.010467615154024168,0.0,0.0
hog_3196,0.01597027387608252,0.0034559107590410587,0.03589325091235995,0.02775159490728618,0.0
hog_3197,0.01608440939156197,0.0012577407176530553,0.0,0.008536136778874326,0.0
hog_3198,0.0010689784948765269,0.0,0.009326920535021932,0.0,0.0
hog_3199,0.014497755308632287,0.0029408344480295057,0.019908088293807857,0.0037867488052150122,0.021943777189811442
hog_3200,0.013261695344375601,0.0031403453574723184,0.016240074772563062,0.01816608066616454,0.015486824615198014
hog_3201,0.014850942958170021,0.009313507512777264,0.006672070605079572,0.0,0.02071228234905198
hog_3202,0.0,0.0055062015921572005,0.03515607060440096,0.0,0.0
hog_3203,0.034121737569307475,0.014614143501438637,0.041822242577315816,0.012206887421789325,0.02995054071347858
hog_3204,0.0038525259173418647,0.016831007738391968,0.0004542919342935825,0.01538478467334703,0.02794878978710913
hog_3205,0.0,0.0,0.01898669198562164,0.005542291732114624,0.0019417597169224532
hog_3206,0.0,0.0,0.04947399488924398,0.023960796720755795,0.030083537936307136
hog_3207,0.001106510261662308,0.018446621932787677,0.021864995775492835,0.010573229296534592,0.0
hog_3208,0.0,0.0,0.0,0.0,0.014133624428240621
hog_3209,0.020196579054331032,0.04660131105239218,0.04341403184715831,0.0,0.034031163004461185
hog_3210,0.0,0.02403792248272807,0.009138840909539203,0.0029599422322299507,0.0
hog_3211,0.0,0.010606318999260012,0.0008055569495621917,0.02393627685652877,0.0
hog_3212,0.0,0.015859889925238013,0.0,0.020513273403982346,0.005675728391804746
hog_3213,0.0,0.0,0.0,0.0,0.013233584668286946
hog_3214,0.0,0.0,0.0,0.0,0.0
hog_3215,0.010340933799664276,0.0211017072769486,0.013997696329851372,0.012784345585768797,0.006155854154231255
hog_3216,0.0,0.00848085996530501,0.01444217527696301,0.014323826417667274,0.03084958075080757
hog_3217,0.01111043091960795,0.020001879160970404,0.002379782755391968,0.0033299201675827117,0.0
hog_3218,0.0,0.04062187883624846,0.018900736999560186,0.003608876086534707,0.02241557216777057
hog_3219,0.0,0.0,0.0,0.0,0.0
hog_3220,0.005703576187068293,0.01401863984174856,0.0,0.0,0.0313987366364783
hog_3221,0.011280174278551103,0.015726766090039757,0.0,0.014270705848804077,0.012073308475703426
hog_3222,0.0,0.0,0.0,0.0064635945289355234,0.005923058675900039
hog_3223,0.0,0.0,0.01213855532956698,0.03679652636134234,0.003993962591078981
hog_3224,0.01215114621044755,0.0,0.014539798077310095,0.025905899495794138,0.0
hog_3225,0.0,0.0,0.038639843383127204,0.0057451040633409445,0.0
hog_3226,0.0,0.0,0.012755217092879745,0.002412763532201323,0.00012474277319851623
hog_3227,0.0,0.0,0.005532947978817981,0.0,0.013595198044467738
hog_3228,0.0,0.0,0.0,0.0,0.0
hog_3229,0.011247058050063874,0.009114924218737164,0.004110806642679599,0.0,0.0
hog_3230,0.0,0.0,0.0,0.009428977544490014,0.013844529930485683
hog_3231,0.014240842957444766,0.0,0.0,0.009716871509891423,0.0008429725913496888
hog_3232,0.0027492187229454235,0.004915977084521961,0.0,0.0,0.0
hog_3233,0.0,0.0,0.010387875852770678,0.01566500076159194,0.0
hog_3234,0.024015525484884392,0.021768694570117653,0.022265146185578732,0.005984092267658392,0.012033123469007645
hog_3235,0.009903380738168543,0.0,0.0,0.0094061432359418,0.011571641428225643
hog_3236,0.0034975470422806687,0.016281210881236463,0.02767316040007617,0.028062047614009877,0.008003754517756478
hog_3237,0.003519966339253555,0.016829767294662012,0.0,0.019286416548186303,0.0067014318158871156
hog_3238,0.038586650409213386,0.012772212746035905,0.028809938660994128,0.011222846242901818,0.015590142584055222
hog_3239,0.0,0.0,0.0,0.004717330939461251,0.0
hog_3240,0.0,0.0,0.0,0.0,0.017380398915547435
hog_3241,0.01650723851625102,0.024529506008851065,0.017048823667211055,0.0,0.004047878169548325
hog_3242,0.008299019768378768,0.016254505867247415,0.006010727703301022,0.0,0.00394318251797765
hog_3243,0.0,0.0,0.0033441696756610906,0.004615415426292513,0.0
hog_3244,0.0035517257516366474,0.0,0.016692512892840128,0.0,0.0
hog_3245,0.017560805577046423,0.005884275898802915,0.014299874437169402,0.021341125596724186,0.0018845835101926056
hog_3246,0.0062611708331050675,0.019802306635511746,0.01450455539632145,0.012642855304171974,0.0
hog_3247,0.01767353913027292,0.025337481515487426,0.014738343642328067,0.021449128772230708,0.021923136047052205
hog_3248,0.0,0.0,0.00835602272153535,0.004092744017985428,0.005306906839291248
hog_3249,0.0,0.0,0.0,0.0,0.0
hog_3250,0.0,0.00383351911590335,0.013536068186230876,0.021708236779728995,0.0
hog_3251,0.03156806649883648,0.0035322587516177784,0.00656749003527346,0.0,0.0
hog_3252,0.0,0.0,0.0031518235792971083,0.010528362063510599,0.0
hog_3253,0.0016130806508862783,0.0,0.0,0.0,0.0
hog_3254,0.008185035654920014,0.0,0.007427380066921119,0.0,0.0
hog_3255,0.028977348558335336,0.011977056853198054,0.00932449874370711,0.0,0.015892326759007425
hog_3256,0.002686545140292873,4.881052092686744e-05,0.01089349755535296,0.027287238200151,0.01381215059349139
hog_3257,0.01625286216366728,0.0,0.03473154717911009,0.0,0.0023777805704852106
hog_3258,0.021398648042121327,0.0,0.009533575507924219,0.005268824609251599,0.0
hog_3259,0.015034897340791886,0.003102277901468886,0.0,0.0054555814752292875,0.0
hog_3260,0.013168791977961947,0.012455949148522327,0.015209762430828278,0.008623833570878148,0.0
hog_3261,0.021428785952241514,0.013160857204401966,0.02287908591488419,0.026261132425213107,0.016635405969129824
hog_3262,0.009469613731901916,0.0,0.03748114405043124,0.0019032135583658683,0.0
hog_3263,0.021737985408769367,0.005196898038506648,0.02165082765813997,0.026042007279755586,0.027809279913106666
hog_3264,0.012460309176793416,0.0,0.0,0.008955347659614032,0.0
hog_3265,0.007585536822753092,0.02129828549034052,0.026087874019286694,0.009887653109244443,0.002394216121978543
hog_3266,0.009430025578059942,0.013643188499344205,0.01186192586490531,0.0,0.0
hog_3267,0.02270235788101327,0.020699478567866025,0.009798121740169918,0.006279547060880963,5.6687068982208544e-05
hog_3268,0.0,0.0,0.0,0.0,0.0
hog_3269,0.0005904124326707727,0.0,0.0,0.0,0.0
hog_3270,0.0,0.008079985945595558,0.0,0.004113494596771794,0.0
hog_3271,0.0,0.0,0.03148275815301016,0.0,0.0
hog_3272,0.023205845333686526,0.03130085240626168,0.011144895374786135,0.003016921279216156,0.0
hog_3273,0.02990120529585316,0.0,0.011235474434744042,0.0,0.0
hog_3274,0.019998747099809755,0.018878677058389748,0.014801631141415417,0.020702751066550285,0.0
hog_3275,0.0,0.015804680905211255,0.017584094812382434,0.00876424934797293,0.002393633356821301
hog_3276,0.0,0.038616639861748014,0.0,0.0,0.004199653569623374
hog_3277,0.004741422487041902,0.0018305486386682723,0.0006666567053299488,0.012968191487182867,0.00944991165193887
hog_3278,0.015037973654128844,0.01795631825933075,0.029647484508525945,0.010220823857607586,0.0
hog_3279,0.00520289732510637,0.011174034503293795,0.014245622768553234,0.007540254723899409,0.0
hog_3280,0.040702289408801384,0.02438873770683636,0.006322249383651446,0.0,0.0
hog_3281,0.011215075778716832,0.0,0.030053175796051823,0.020466757419966175,0.03326874250595879
hog_3282,0.008971862550596788,0.05021515248404018,0.007765712549803849,0.02936190318223386,0.012159571783473933
hog_3283,0.00454028965920239,0.049289424364765244,0.02254737833670095,0.0,0.011195690674503433
hog_3284,0.003517042437819473,0.0,0.0011350714576414678,0.02454975715464114,0.0336069745545442
hog_3285,0.021679186194383693,0.030399845859764962,0.03277792977643834,0.015567621794209341,0.02885204038390632
hog_3286,0.010227050542398697,0.00070147370727347,0.0,0.0,0.003965122475717564
hog_3287,0.0,0.0,0.0,0.0,0.0
hog_3288,0.0,0.009786503019254766,0.0,0.0,0.0
hog_3289,0.015102800065462718,0.0,0.025845879161856544,0.019981528363308687,0.002666158086410242
hog_3290,0.015254989761224413,0.0025531660118964794,0.02677347181533074,0.0031476223067135045,0.022201441843207936
hog_3291,0.02014589134963951,0.028176427826590578,0.0,0.025333358654221705,0.010828469849693434
hog_3292,0.00822306243246329,0.004215069701110963,0.015030473168963665,0.01338233091917962,0.029328630403425482
hog_3293,0.017295041472515038,0.006720561024741611,0.017143310126068956,0.014205954914692454,0.0026693183685884136
hog_3294,0.0,0.0,0.0,0.0,0.0
hog_3295,0.008746652220482654,0.0,0.007316585419347765,0.0,0.004559792817630415
hog_3296,0.007484105440590305,0.0014965018497896665,0.0029645602653409764,0.018958727634625694,0.009247036577083811
hog_3297,0.013893086284845424,0.0022424849941511393,0.0038651773211435536,0.023810403590555973,0.0
hog_3298,0.008421460717369156,0.0,0.0,0.0,0.0
hog_3299,0.015175746088230913,0.02954197215038068,0.003662645842351653,0.01391739248168311,0.0
hog_3300,0.0,0.0,0.0,0.0,0.0
hog_3301,0.0,0.0,0.0,0.0,0.0
hog_3302,0.0,0.010588762515711059,0.019473352263614796,0.0,0.00493110208848635
hog_3303,0.012401318394705818,0.024171573791675005,0.011533423251738784,0.0,0.0
hog_3304,0.0,0.0,0.019331087366871946,0.0,0.0
hog_3305,0.0,0.003838089708709358,0.004589363396321877,0.0,0.0
hog_3306,0.024038826107581235,0.027900296977980465,0.004908609665403851,0.01539870231791074,0.011823218783649114
hog_3307,0.02497777083342889,0.01546254660102342,0.01801524537862287,0.008799562642871184,0.022015439066744635
hog_3308,0.03885785319507429,0.012718035407851325,0.01792425237440276,0.03543321122176679,0.005052714981895301
hog_3309,0.0,0.007780728355537336,0.019520938821705913,0.0,0.0
hog_3310,0.016967842265326327,0.008261026826907214,0.021955079039867043,0.019839737837596738,0.01638150674157446
hog_3311,0.005329239417427356,0.015177965659549653,0.0,0.011874742525430415,0.003314604382177677
hog_3312,0.0,0.0,0.004888125471849136,0.02247650187718997,0.0
hog_3313,0.0,0.008669403080733495,0.0,0.0,0.0
hog_3314,0.010819207039091117,0.0,0.010862860062655244,0.0,0.020909254732349725
hog_3315,0.0,0.0,0.024593142676866186,0.0,0.0
hog_3316,0.012575123493668405,0.0,0.0194727903401275,0.0,0.012321151877571435
hog_3317,0.006876358851785502,0.011742380358535698,0.01576252006785528,0.002131806889637655,0.0
hog_3318,0.013873265802978318,0.0051898196681141595,0.006226194974585653,0.0,0.004553877354125824
hog_3319,0.0006701469971810425,0.0,0.01109908208566246,0.0,0.007881762631196887
hog_3320,0.0,0.0012736873451997255,0.02028646682343327,0.008712401394339153,0.0
hog_3321,0.0,0.0306346996888871,0.011302471630771027,0.0,0.0
hog_3322,0.0018015817051582061,0.023143811725309993,0.018028568313198434,0.019802719441721406,0.0058309648745098475
hog_3323,0.013635550524559337,0.0006548376782933296,0.035258724427912336,0.014856843509763573,0.0
hog_3324,0.0,0.0,0.0,0.007576266943472687,0.0
hog_3325,0.010093394515885645,0.0,0.0026838136772011634,0.009100350498806087,0.010483390457213915
hog_3326,0.004966109402615659,0.0,0.002911514260869774,0.0,0.011844129594759556
hog_3327,0.02136975057573065,0.0,0.014333508830842057,0.008318101628978614,0.011374064636497927
hog_3328,0.0193420137433582,0.04681794403849171,0.062296420258662,0.04460863127610537,0.02696301433637771
hog_3329,0.006769595559837693,0.01262885535937519,0.012721521597137464,0.0,0.0
hog_3330,0.028349789167507522,0.0,0.025562261569055833,0.0,0.0
hog_3331,0.011706121087880828,0.0,0.007374409904036927,0.0,0.0094009365694816
hog_3332,0.0,0.012245444127749527,0.022247565114777768,0.0,0.01618386557733187
hog_3333,0.0,0.011303972224763426,0.010675100299659013,0.0,0.002596778936148736
hog_3334,0.018498156916183506,0.01633826351074741,0.0034800385475011186,0.01154216339820846,0.015377405172656955
hog_3335,0.015994724817819828,0.0018618955689262418,0.0017949542727169199,0.0,0.0
hog_3336,0.03884267394160146,0.001343268426466926,0.03944195773187564,0.002481653996312394,0.0037189251285416614
hog_3337,0.0,0.0,0.00046366828697785856,0.0,0.015191998696546749
hog_3338,0.0018504411228672524,0.01638398168146571,0.0,0.0,0.0
hog_3339,0.006353496126412894,0.03660991921480328,0.03630732397875769,3.471870996007986e-05,0.025596982368337295
hog_3340,0.024387676714717754,0.0024270436469280288,0.020560616058993064,0.010340953985477519,0.017580356356044158
hog_3341,0.016333776250103016,0.0,0.01511499875157818,0.00039609344633495525,0.002271471292694782
hog_3342,0.001142775078133651,0.0,0.0,0.0,0.0
hog_3343,0.0248921321199016,0.004272831422994283,0.015785572154484617,0.015222151346184765,0.0
hog_3344,0.005373237713132362,0.0012073454675396444,0.033471810223567156,0.0057519512614889745,0.020143197926238754
hog_3345,0.008429733640696435,0.02606093419323985,0.0,0.00058841600472892,0.019295409655919027
hog_3346,0.007677543540941523,0.022656958640774993,0.035855144801664185,0.0,0.0
hog_3347,0.01736924128110351,0.019262623887182473,0.010488995520211875,0.0,0.0
hog_3348,0.0,0.0,0.021905150291736675,0.010712763383540436,0.0
hog_3349,0.0,0.0,0.011911204958060084,0.012702065879014235,0.0
hog_3350,0.0017839995703230471,0.01596826768316273,0.02204203074808775,0.023463132416873478,0.004532323826414775
hog_3351,0.011514357144541298,0.0,0.01672012247519583,0.0,0.0
hog_3352,0.002343605259917947,0.0,0.0,0.0,0.0
hog_3353,0.018274774056108,0.015378814282798414,0.0037355314534257555,0.0,0.0005303242948515585
hog_3354,0.0,0.0017134666414722055,0.025248718499852663,0.0,0.0
hog_3355,0.0044847899680671155,0.0,0.012193510384584716,0.0,0.0
hog_3356,0.004970887597678608,0.0,0.017926417306601605,0.00726472048631166,0.0
hog_3357,0.007555429022010118,0.0,0.02094723650257846,0.006588094469232031,0.0
hog_3358,0.005261804882424448,0.0,0.02195299572029441,0.007738082689584536,0.0
hog_3359,0.0153732785948697,0.021940007267690964,0.027425342995037738,0.01678907546431696,0.0
hog_3360,0.03298562991651721,0.044359022513649427,0.025918732464523364,0.0,0.0
hog_3361,0.0032529971190418117,0.0,0.023312598335003543,0.0,0.0
hog_3362,0.0,0.0,0.02619910292974037,0.0,0.0
hog_3363,0.0029342493701260963,0.0,0.029676335685237643,0.005479993648545678,0.005544128422501737
hog_3364,0.002436253697498225,0.0,0.03729277983814927,0.0,0.0
hog_3365,0.0,0.0,0.0,0.0,0.0
hog_3366,0.031407837032402686,0.020579990431702555,0.035657255324853976,0.007707081069822541,0.0
hog_3367,0.00022407686872472077,0.00767045360292351,0.0,0.022378112433999897,0.011391104232056248
hog_3368,0.008181431231154335,0.01455593805602895,0.020657874720569458,0.0034064925360406395,0.0031316465836737084
hog_3369,0.034159399705840254,0.015415829414731741,0.04641110482139155,0.004374646770345159,0.0025850453674296503
hog_3370,0.0040668237576899635,0.032134096777037824,0.013109624371525408,0.011504947900121243,0.0
hog_3371,0.0,0.013298134361768632,0.03749876353941928,0.007128839502216655,0.014091873258842647
hog_3372,0.008188580852136473,0.003583246075451685,0.02102867970682354,0.014169708734524722,0.006599302531772544
hog_3373,0.023956427238175815,0.014425566613806895,0.03185871408434826,0.013897952270161218,0.03985438565016297
hog_3374,0.01748268066909664,0.009015909421690838,0.002252838494525955,0.0006447871237038605,0.0
hog_3375,0.02202221512169511,0.0,0.018001059859350965,0.01293964249934465,0.006551406387361958
hog_3376,0.030521891745196816,0.0032565093201435413,0.03498478527504756,0.0,0.0190577182798346
hog_3377,0.0,0.0,0.0,0.0,0.00037651284311457367
hog_3378,0.0051046522240971726,4.860281761498442e-05,0.030785753262997373,0.003390655563139555,0.0
hog_3379,0.0,0.0,0.015665686714877447,0.0,0.0
hog_3380,0.0,0.008651441914393487,0.0,0.0,0.0
hog_3381,0.01741745554421903,0.0,0.02264355589745448,0.020602626015656433,0.0
hog_3382,0.011543671818869061,0.00708172905884874,0.014510288715750441,0.0,0.0037146934871055137
hog_3383,0.010146124013862057,0.021608315971064496,0.0,0.0007763956983546372,0.012863526806625503
hog_3384,0.0004685466700486973,0.00025950949503283915,0.0062605717405661565,0.0,0.0
hog_3385,0.020830167571323166,0.0,0.034656220556065875,0.0,0.020189029287859706
hog_3386,0.008808864770359692,0.014593257708770402,0.012322914329577106,0.0,0.0
hog_3387,0.0,0.010463061176255728,0.026431744826365566,0.007544743043119917,0.009961628085537022
hog_3388,0.0,0.0051375137078513156,0.0,0.022590751704681722,0.02532493196892327
hog_3389,0.018078080868343394,0.0012856883577259115,0.02267282619481037,0.0019243419835122122,0.0
hog_3390,0.0,0.008034685105547945,0.014552030924441128,0.0,0.0
hog_3391,0.02506502456159776,0.0,0.0,0.008371310285923306,0.00265766262820355
hog_3392,0.0024009359573486933,0.0,0.0,0.0254320421206764,0.027625296772709085
hog_3393,0.0014919655839888968,0.01299094009711621,0.020123586159066953,0.010420362332210997,0.0
hog_3394,0.005073925534881285,0.0,0.0076458890560582304,0.0,0.011465703637669522
hog_3395,0.0,0.0011548203373943355,0.0057178384222358325,0.0,0.005493253230994588
hog_3396,0.02542452571084919,0.005585530346263523,0.03364428556828636,0.023878839618813208,0.0009837172633442304
hog_3397,0.0,0.0,0.014042254435727708,0.012124944587607045,0.0006560244875160048
hog_3398,0.005245693761402492,0.023837195123940003,0.031370670397560696,0.001799095206479473,0.017456354030755072
hog_3399,0.019213127107118533,0.0,0.015363272115588078,0.0,0.002678427927329974
hog_3400,0.007754723635467364,0.0074422430733736,0.022603589292334636,0.032938233845618115,0.0006518826792776267
hog_3401,0.0,0.006568866789815164,0.02676801576872201,0.028069847898581912,0.01651155252332237
hog_3402,0.009844806662911987,0.027738630621461313,0.016365899020539754,0.0,0.01735584252661959
hog_3403,0.028839498588525414,0.0,0.024474648538379995,0.004506862025328351,0.0
hog_3404,0.005785589498252142,0.0043065505142374505,0.0,0.0,0.0
hog_3405,0.0,0.0,0.032609119283540045,0.0,0.0
hog_3406,0.022714444009170665,0.0368780167781797,0.003106054251752699,0.003833301954446533,0.008758906228790497
hog_3407,0.0,0.0,0.0,0.0,0.007327383882089755
hog_3408,0.00951034280283758,0.0,0.0023228291922674504,0.0,0.0
hog_3409,0.05378242443484016,0.0,0.018214071467107074,0.0,0.02432293349880399
hog_3410,0.02822020881509313,0.014400063186911671,0.0,0.027020692440944183,0.0
hog_3411,0.01087606909043859,0.029075987461050445,0.003751529992042535,0.0102830130497793,0.015730533312024564
hog_3412,0.0,0.0,0.022454780818151443,0.0,0.00041213235024151196
hog_3413,0.009288904037195955,0.009110085090163311,0.01045227918280589,0.0,0.016106750742470144
hog_3414,0.004841453910285676,0.003206864024962508,0.03401486184990543,0.0034971823130558466,0.0
hog_3415,0.012672544401364005,0.0,0.015429910313929707,0.0004350041883705025,0.0003231127143537016
hog_3416,0.0,0.0,0.02199150172712172,0.0,0.0
hog_3417,0.0033770987327157442,0.0,0.0008011188743382025,0.0016590690619890935,0.025350819290635318
hog_3418,0.02952866648232244,0.027426366001160885,0.008579840832695806,0.0056185737811556,0.023798961387156314
hog_3419,0.0,0.016428634084967975,0.03613161046436009,0.03778935618557977,0.025492770267290243
hog_3420,0.009429934109639992,0.0,0.036928289338646,0.009742489857463399,0.0
hog_3421,0.009977733284671109,0.0,0.03312414750877557,0.0,0.0
hog_3422,0.035239055179396406,0.004435642506512183,0.014653661877492175,0.0,0.0
hog_3423,0.003841061142498159,0.004655784423913012,0.02326264617557272,0.005022332418030961,0.004493743068538114
hog_3424,0.0,0.008448949023757812,0.0,0.0,0.0
hog_3425,0.0,0.044812313022743355,0.016707094182722093,0.005714978940509097,0.018137494931171227
hog_3426,0.004444363030975174,0.02706139665969487,0.015409736214047953,0.010394424873894081,0.004088618314673775
hog_3427,0.0036102156336712543,0.003905053119948043,0.030620069961658336,0.02380905077670281,0.0
hog_3428,0.007719540599088859,0.013796501414239382,0.04549480156686703,0.02545201939066044,0.0
hog_3429,0.018808480691442808,0.0025670168511220393,0.007077672546506486,0.005602593295691793,0.01649123961960619
hog_3430,0.02037983267624588,0.007265448924540063,0.01724041044638347,0.050795585012069155,0.0035983149672276227
hog_3431,0.014889098471771556,0.024149899845963496,0.01420731883975579,0.022892935005157877,0.0
hog_3432,0.0,0.0,0.016884590578870817,0.0,0.0
hog_3433,0.0,0.014454536243617033,0.001454469321681806,0.0,0.0
hog_3434,0.021522423440975436,0.0,0.031112178651273137,0.027527590057217166,0.0208073031662368
hog_3435,0.031114243196266544,0.003463585560190552,0.00985599939411319,0.0,0.003061181334636842
hog_3436,0.0191281964273875,0.022872089672330898,0.01571103090150361,0.004905891775861981,0.0
hog_3437,0.012640812613599284,0.00572720913853253,0.024769034731179085,0.008338562556878149,0.004898598629643702
hog_3438,0.0,0.0,0.0,0.0,0.0
hog_3439,0.0,0.00846874675008058,0.011759953767791487,0.0,0.0027737668925689185
hog_3440,0.025448945295529768,0.028922772858131385,0.016287954216222644,0.014245301218481998,0.005154899595772866
hog_3441,0.0,0.0,0.0,0.0,0.0
hog_3442,0.008546061276062611,0.0,0.007312923863172172,0.0,0.0
hog_3443,0.030970260290826168,0.03861897314308527,0.028102833086123935,0.0,0.03341076354805872
hog_3444,0.0,0.010321663907619794,0.007771008048416572,0.0,0.0
hog_3445,0.03034973690838183,0.004047171301719388,0.03321330793247679,0.0,0.02204141736844445
hog_3446,0.015422458086013613,0.019707560894619558,0.0022596307311113506,0.04470530294475816,0.0
hog_3447,0.0,0.0,0.005923251570656873,0.0,0.011146469062781827
hog_3448,0.03161630727487319,0.0,0.0,0.02529061113103115,0.003984332003427626
hog_3449,0.0013666032265873262,0.0,0.02335622745623267,0.0,0.0
hog_3450,0.0,0.007924246971730886,0.0,0.0,0.0
hog_3451,0.011680825725027155,0.0,0.0,0.017038179330805203,0.022363098561317907
hog_3452,0.0,0.014157568971860046,0.011770962979168242,0.0,0.0
hog_3453,0.008595178771484413,0.015508369198710348,0.009163414914549195,0.006958067031161974,0.0005441481519001812
hog_3454,0.0,0.021645736996357634,0.042586336513880996,0.0,0.0
hog_3455,0.002250464080981729,0.0,0.0,0.013102092823296996,0.014110917444115856
hog_3456,0.01747573614717668,0.014540632729813208,0.04648810169621509,0.0,0.0
hog_3457,0.022095615561139592,0.01614799156326785,0.015181265529121912,0.0,0.0
hog_3458,0.0012297493883155486,0.01524094721985736,0.025926853244426784,0.006550473686192992,0.05024483285928816
hog_3459,0.0,0.008633876248849814,0.010717879066177272,0.0071277001332985535,0.010439704349320955
hog_3460,0.0,0.012767032425073266,0.0,0.0,0.0
hog_3461,0.017635548085999764,0.009854356792466046,0.04511536153231055,0.02839839707757763,0.010629382493305695
hog_3462,0.005475544515807007,0.0,0.023353791113335687,0.0,0.0
hog_3463,0.0,0.0,0.0014922312021365958,0.0003337661407039061,0.02238077790869797
hog_3464,0.0,0.006484703589048513,0.02191663954182732,0.0,0.0021856431823130684
hog_3465,0.012613896882992304,0.0,0.0019074573413169205,0.0,0.0
hog_3466,0.03217819490871476,0.016392496378137,0.04241286391413679,0.01802859327027373,0.023846676841114522
hog_3467,0.011491457747588418,0.0,0.009415635051776006,0.008089457689345325,0.004656180586024572
hog_3468,0.0,0.0,0.0,0.002391080980975735,0.0
hog_3469,0.028520151920943704,0.0,0.01045423434546855,0.0,0.0
hog_3470,0.006575801090342059,0.015841677066758653,0.00016592527644121446,0.00393228655119926,0.0
hog_3471,0.021389215053952526,0.0159485814524869,0.0018540198032963584,0.0,0.01415052069800482
hog_3472,0.0,0.0,0.011308348332446982,0.0,0.0036767600444980175
hog_3473,0.0,0.00804654999136245,0.009537985925937686,0.0,0.0
hog_3474,0.03300251416607658,0.0075318421222621,0.015110663588433049,0.0,0.01966572364689978
hog_3475,0.014172842126576546,0.005037211257095553,0.012294813802008697,0.008111016578772778,0.0
hog_3476,0.01338440721589862,0.0,0.002807448906811283,0.004869666383668481,0.00033605561004335094
hog_3477,0.02651398278074235,0.02114005325345114,0.0,0.0011977025515155226,0.021945846743862907
hog_3478,0.0068625418420946716,0.008683719394150025,0.0,0.001355904964182253,0.012552400408452291
hog_3479,0.006130382810620505,0.009235040320477728,0.005919159789896655,0.02845429788072784,0.0
hog_3480,0.0,0.0,0.0,0.0,0.0
hog_3481,0.0,0.030608103210534754,0.01460577852283862,0.004866233556574784,0.00852575988627624
hog_3482,0.0,0.0,0.0,0.0,0.0
hog_3483,0.03851332580251743,0.016189819486882362,0.017123548107502495,0.0,0.022497685685794577
hog_3484,0.016830031133174828,0.004853802666386464,0.00717793272434597,0.0,0.005258461980578666
hog_3485,0.015748997022478672,0.021718404023123528,0.0030963005407957933,0.00520122975371029,0.015889917214187088
hog_3486,0.03877942341462437,0.01965173671931697,0.0,0.005712861762052768,0.01240944854070336
hog_3487,0.010768895577554227,0.02635072165542729,0.0,0.0,0.009409357935052709
hog_3488,0.0,0.0,0.0,0.0,0.0
hog_3489,0.013942263808419009,0.015518915540146061,0.02076999956472636,0.0,0.017355058068252882
hog_3490,0.0,0.0,0.0,0.0,0.003215406704855095
hog_3491,0.016369255219785606,0.02250139812648211,0.016932621694097483,0.0,0.0
hog_3492,0.0,0.0,0.024890489291763407,0.0,0.0
hog_3493,0.0022332476162165715,0.0,0.014743772177889358,0.0,0.0
hog_3494,0.009548096141812401,0.0,0.01092279044966693,0.0026906267899753367,0.008807315161128093
hog_3495,0.0,0.0,0.0,0.0,0.0
hog_3496,0.0,0.0,0.0004796537498270581,0.012629246832980945,0.0
hog_3497,0.0,0.001734710608633394,0.013631832672095001,0.0,0.0
hog_3498,0.015601478339219765,0.009578839990695531,0.02429639449961707,0.0,0.0
hog_3499,0.0,0.0012825756079026807,0.021670012614818157,0.0,0.002986685773009201
hog_3500,0.0088286093722858,0.0,0.023668730394063697,0.0,0.005961004725532071
hog_3501,0.0,0.0,0.019686982399203412,0.0,0.0
hog_3502,0.0,0.0,0.032543950527870846,0.0,0.0028061176096623175
hog_3503,0.012506985024933082,0.022866889529919554,0.022310933464509963,0.011790326838992948,0.021250309914390586
hog_3504,0.02150460102477414,0.0,0.04297525306991057,0.0012131704419902078,0.002983653455769897
hog_3505,0.007441414197012941,0.0,0.0021777143306414004,0.013191070139165095,0.0
hog_3506,0.013513385108276266,0.00017534186185486078,0.03694357897532741,0.0,0.0046595577918633335
hog_3507,0.0,0.005630579577617256,0.0,0.0,0.019846437433457487
hog_3508,0.005004842588803848,0.03845097534879516,0.03358574487432109,0.0007620878190257585,0.0044614342917577154
hog_3509,0.0,0.0,0.0,0.0,0.0
hog_3510,0.02158847812375142,0.004426250308030566,0.01539210926233503,0.03536392287122858,0.013436556207779615
hog_3511,0.004310368440469503,0.0,0.0,0.0,0.0
hog_3512,0.0,0.0,0.01757183029118936,0.001515942099665768,0.0
hog_3513,0.008212558974854067,0.0,0.013132808251720585,9.217044939702213e-05,0.00028697141757016986
hog_3514,0.03582143089474066,0.0,0.022717344829049635,0.0,0.0
hog_3515,0.01315044287427325,0.0037789927890559127,0.0007648232709540626,0.021260515118266987,0.014705196312422952
hog_3516,0.016997433578296306,0.00679050284639704,0.0,0.0,0.006974588626458278
hog_3517,0.0,0.0,0.02651086046788409,0.0,0.0
hog_3518,0.029606546566977032,0.0074667660136074065,0.01692197552579544,0.014859567501458226,0.014281486327263115
hog_3519,0.0,0.0,0.0,0.0,0.0
hog_3520,0.0,0.0,0.008293512757882482,0.0,0.01593630064226681
hog_3521,0.0072103363576447865,0.011058637202642219,0.0015261883310251356,0.014650580006632108,0.0
hog_3522,0.00023862566609933467,0.0,0.006185363699890978,0.007164805520325279,0.0
hog_3523,0.0,0.0,0.028545624203153652,5.106297079660038e-05,0.017228381941569726
hog_3524,0.0,0.0,0.0,0.0,0.0
hog_3525,0.028410996960188006,0.004700697208002591,0.005655293207241785,0.00416689436500306,0.00024280974066170913
hog_3526,0.007956896613755537,0.0,0.017685701125530917,0.03170887817561141,0.005165067032272708
hog_3527,0.0005103683229523703,0.01561169381818539,0.0,0.0,0.009292610386444133
hog_3528,0.012281455894743276,0.0,0.0,0.0,0.007901532830713265
hog_3529,0.0,0.0,0.0060952118558137425,0.0,0.0
hog_3530,0.012240703322858204,0.0,0.008392597792767464,0.008153803848616414,0.00521693109083321
hog_3531,0.005052644618622093,0.007902927857194264,0.002410740505624842,0.004495206376993854,0.006563359687268733
hog_3532,0.021657579338999033,0.01949761584260412,0.0,0.0013311197196035351,0.0
hog_3533,0.005994547746836831,0.0,0.0,0.012817219549978498,0.008470815978121493
hog_3534,0.01799261220581383,0.01381068692067089,0.00842625319303325,0.010923577113399974,0.007007300939238625
hog_3535,0.020841874890430212,0.0,0.0,0.0,0.0096881507067621
hog_3536,0.002010597221560051,0.0,0.0,0.0,0.0
hog_3537,0.0,0.0,0.0,0.0,0.006049068306380745
hog_3538,0.004529731661926828,0.008878801214756926,0.03592653829343351,0.012849082886042362,0.02169818270155588
hog_3539,0.00873334991529462,0.008982160395197614,0.02143071550847564,0.002052416669097168,0.005081501044688963
hog_3540,0.0,0.004952534029561084,0.0,0.0,0.0
hog_3541,0.024252979007423514,0.009234723085253416,0.0,0.01341418760621571,0.01276743435786809
hog_3542,0.0,0.0,0.013536803512872675,0.018184583113763697,0.020763991916911806
hog_3543,0.010222567197717414,0.0014368557594186537,0.02703954054422697,0.0,0.0038883465385299854
hog_3544,0.0,0.0,0.0,0.013171870408450914,0.006754534204861384
hog_3545,0.030163915785060613,0.0,0.005801011735727668,0.0,0.0
hog_3546,0.0,0.015254911090432088,0.0,0.0,0.01605409258713353
hog_3547,0.003097933633815275,0.0,0.0,0.0,0.0
hog_3548,0.0,0.0,0.0,0.0,0.006267977019111193
hog_3549,0.0,0.0,0.0,0.0,0.007622095370997561
hog_3550,0.02256404106413168,0.0030972863406808493,0.02262038926897625,0.0037044997242858813,1.4337305650258259e-05
hog_3551,0.0,0.0,0.004261523106421361,0.014773800458627084,0.0
hog_3552,0.021124067765433185,0.0,0.02239708228884152,0.027814430919957722,0.0
hog_3553,0.014245178899280564,0.020172243271066703,0.026550168937671925,0.023525322575570717,0.01951341521938832
hog_3554,0.023888630518165144,0.0,0.0,0.0,0.0017518136610090718
hog_3555,0.0061800448128892516,0.008199083026214193,0.0017665051208501925,0.0,0.0002022892346735805
hog_3556,0.0,0.017572275034937634,0.012199017387110045,0.0,0.0
hog_3557,0.009268018891921193,0.0009206751467305541,0.0,0.0,0.0
hog_3558,0.011955776104363158,0.00018415233707913536,0.012167851192495638,0.0,0.0
hog_3559,0.030953542916737575,0.03365724165945405,0.028320059871483005,0.012966592289811452,0.01930105018887729
hog_3560,0.01815069568979033,0.021857759444779745,0.005518630765411814,0.0036860080427096875,0.01568500716158816
hog_3561,0.036992675882217,0.0,0.0,0.017513939637841647,0.001335004631438208
hog_3562,0.013983998746321502,0.014284906493637006,0.0,0.0,0.024622629796827944
hog_3563,0.0,0.0,0.014916792571433524,0.00825008521613424,0.0
hog_3564,0.0,0.00023708877511907644,0.009754046364037317,0.0,0.009522945017382822
hog_3565,0.020957890008138413,0.0029430893717448114,0.01099853586310906,0.0,0.016140911624188625
hog_3566,0.006013134018297839,0.0021127379275540648,0.0094173466442391,0.0,0.0037087687495562793
hog_3567,0.0,0.002177062244110184,0.0,0.024748205867643813,0.01961510855820725
hog_3568,0.013789614137090567,0.030176578595400017,0.014750226926650178,0.02155446743572953,0.008410698127306881
hog_3569,0.03103044641998043,0.021180318153070754,0.003622731639491006,0.0,0.01596167209620969
hog_3570,0.022683271157101226,0.01108365356576968,0.016277565790517423,0.013661427752580835,0.02334178514544738
hog_3571,0.0,0.01707306850500645,0.021555829558145723,0.010201573184850377,0.008188603151265683
hog_3572,0.004197523274031889,0.01276864512312148,0.022417244146064164,0.006766565731985752,0.00031424449171812974
hog_3573,0.0,0.004434819732303863,0.0,0.009216355525525577,0.02787392720267512
hog_3574,0.023247798760100524,0.03157411225213691,0.016198939754315855,0.018709363624211717,0.011390189967749098
hog_3575,0.0006154614237123823,0.0009538405107782921,0.0,0.0,0.0
hog_3576,0.025944359391929295,0.0002713637759117482,0.020310177265414175,0.019208481455151638,0.003240855477021354
hog_3577,0.010322787263660649,0.0,0.007268995101122666,0.0,0.027506083513396007
hog_3578,0.0,0.0,0.0,0.006487035086915727,0.011916128106469248
hog_3579,0.02652549479895061,0.0314059294366138,0.019707093798045916,0.0033613599188297982,0.020649638264611747
hog_3580,0.007871834187161975,0.023093894303274354,0.0,0.0,0.0
hog_3581,0.0008383930543451878,0.005787692174987091,0.010460641959641359,0.00275308417386122,0.022093019667289493
hog_3582,0.030345242034429232,0.008566426429699847,0.0,0.013225382815284403,0.007912681156593937
hog_3583,0.0033330003815417175,0.00264232192024183,0.001887040587367661,0.0177811753928665,0.013561853777273924
hog_3584,0.04202271023984383,0.00918115520674645,0.018557447579300224,0.04088959644654122,0.01050104182137268
hog_3585,0.016829677499818674,0.029113569019253438,0.0,0.0,0.007167205518786357
hog_3586,0.0047963120831540085,0.003195830445998027,0.013827785033226014,0.0,0.0
hog_3587,0.016878162223682658,0.0034997719078126988,0.02653818732228541,0.005930699337979961,0.020262976227235052
hog_3588,0.047547158183817384,0.022883176930660998,0.025060055362639888,0.0,0.0
hog_3589,0.016982272287427103,0.0,0.008743553097905199,0.0,0.0
hog_3590,0.01509857561927408,0.007399977459147333,0.01067823965195247,0.0,0.009009498161367757
hog_3591,0.016443977531218845,0.027892523618053833,0.01359299300038419,0.0,0.008784260338966066
hog_3592,0.0,0.0,0.01955575187842573,0.011168468358298211,0.0
hog_3593,0.022824501822782173,0.0069100153950063525,0.011969165195943932,0.0,0.0
hog_3594,0.0,0.0,0.0,0.0,0.0
hog_3595,0.020313364186215876,0.02282169467285411,0.0016078500749772129,0.00427331121864194,0.0
hog_3596,0.02451245265314106,0.0,0.0048918971045666115,0.0,0.005180948603432434
hog_3597,0.0,0.0,0.0,0.018958800216105853,0.0038037274789690656
hog_3598,0.0,0.028080368132316513,0.016988069324681554,0.025044499355901584,0.014881925585134459
hog_3599,0.018660604743277798,0.043337527012768495,0.008749343254416786,0.03381955862203223,0.008894731100697273
hog_3600,0.010043801888686366,0.01342737896922408,0.016003593981467334,0.015523047437660198,0.0016428972377815487
hog_3601,0.0004073406608384733,0.0046503162793460895,0.0,0.0,0.0
hog_3602,0.01752744741029222,0.019953217140801005,0.01520830743372703,0.020234776680639444,0.01395458815832229
hog_3603,0.014245076962833059,0.014405916071710712,0.0,0.001226387539496443,0.0
hog_3604,0.0043932405277780084,0.0032469969708068813,0.0020909670005904157,0.0,0.011166425272477243
hog_3605,0.0029309970277060504,0.03326755817441751,0.0391621215305229,0.0001322411105286747,0.036312725269748825
hog_3606,0.03019732378158624,0.018053363614247475,0.021742654177788312,0.0,0.0
hog_3607,0.036197033086698305,0.033482234827651336,0.021392654988078297,0.01230266988810036,0.00013928561416620688
hog_3608,0.0,0.0,0.0,0.0,0.0
hog_3609,0.0,0.0,0.0020377806427751555,0.0010441925023907395,0.0
hog_3610,0.018824294709357536,0.02103368217938062,0.028843507582929417,0.03695306441285906,0.0
hog_3611,0.0,0.0,0.033860338949681434,0.0012064125669286607,0.017985852033336247
hog_3612,0.0,0.0,0.005474527786784478,0.002846904918942572,0.004079612220210471
hog_3613,0.001977627137900173,0.007938408303513222,0.03444313313848468,0.01325761735368336,0.013809219404760098
hog_3614,0.0,0.016423288852469575,0.02082512552067106,0.011383220158907914,0.007669487399364572
hog_3615,0.01001135744160897,0.01677787121034835,0.0226730802491677,0.022323969523875498,0.005481312047178388
hog_3616,0.009655075175911687,0.02249974374259245,0.030600686815410505,0.0,0.0
hog_3617,0.02108739885299049,0.030968788975548778,0.013433240107845856,0.0,0.0
hog_3618,0.032666888311943865,0.012725236423455799,0.0,0.0,0.002364407505641708
hog_3619,0.0,0.0,0.0,0.004834915852214072,0.0
hog_3620,0.0,0.005012855652382742,0.0,0.0,0.0
hog_3621,0.026775628364368975,0.0,0.014868969664359799,0.012657885255132895,0.015043054867849959
hog_3622,0.013780586179752197,0.014012509096142711,0.0,0.0,0.0
hog_3623,0.0,0.0,0.0,0.0,0.01759583517746477
hog_3624,0.024858808423196654,0.0,0.006838831127531586,0.0,0.0
hog_3625,0.00020870987279764108,0.0,0.007470052841619168,0.0214731277711373,0.0
hog_3626,0.0054389385656119504,0.0011908613097739718,0.0,0.0,0.0
hog_3627,0.006823010294076282,0.0,0.026282708946264277,0.0026651678884659358,0.0
hog_3628,0.027512607647359966,0.011110408984843057,0.03307264332610038,0.027774861751442614,0.01216172700162188
hog_3629,0.018293696594712472,0.0,0.0039919020669392236,0.00019373951811996193,0.00032696499827444825
hog_3630,0.04113083769021575,0.030679191043121223,0.025124179250507916,0.02755846815729157,0.004987415245266913
hog_3631,0.0041553347105833804,0.0,0.033425390152088674,0.019360169315610465,0.0229479286471983
hog_3632,0.009932850786677605,0.011783598278043206,0.01100512231866202,0.0,0.0
hog_3633,0.005898074288665844,0.009039531046193705,0.020749309689125583,0.0,0.0
hog_3634,0.030490091795433605,0.0062603694451959235,0.033056043933353374,0.012595968918545752,0.004554031426765803
hog_3635,0.018363285130700957,0.01564789149947199,0.01111832384490441,0.009558458824181493,0.025774293570084428
hog_3636,0.0,0.006016922780399447,0.009906180333653758,0.0,0.004769564809177673
hog_3637,0.0,0.015762951567021455,0.0516459279490582,0.024530918705109706,0.0005649665025504458
hog_3638,0.011428052650701348,0.0,0.013280800847835561,0.0,0.0
hog_3639,0.033430189952070144,0.014392372246316398,0.03065636440924724,0.005038796972967052,0.014222375289430156
hog_3640,0.023350428627837205,0.026668792650661466,0.016075498002446453,0.0,0.0
hog_3641,0.0095245935497561,0.010607888794304632,0.0073790299467071385,0.015859861704220934,0.003891506763176844
hog_3642,0.015050326903718547,0.0,0.009691725766555415,0.015320947857796474,0.013959552284354304
hog_3643,0.010554951364225351,0.004295710694166344,0.04457681761997567,0.017284988281658364,0.02186054235235413
hog_3644,0.0,0.0,0.01777403728581395,0.01807697343696435,0.0
hog_3645,0.0045582662682757125,0.0,0.025865316399394267,0.014942686996342047,0.0037422211602409217
hog_3646,0.0,0.02047434160165751,0.0,0.010969272361149196,0.0
hog_3647,0.021526226317020836,0.0,0.008220424182366015,0.006943373143700304,0.010762230795796635
hog_3648,0.01582204609720872,0.0002509924280720277,0.03884726252590465,0.0,0.012875838403758388
hog_3649,0.013316195335809189,0.010602402908899133,0.021877256642965692,0.006041754828603363,0.0
hog_3650,0.01970184721637458,0.019158171869134488,0.012929796432651353,0.006668758125781604,0.0
hog_3651,0.01587820836224596,0.01144189844251442,0.012474834858093864,0.010384756087965075,0.004282848687475749
hog_3652,0.0036375360215554764,0.020223018388805913,0.007623532113713916,0.0,0.0
hog_3653,0.022701627513568745,0.03377175917755415,0.015808535321625072,0.0,0.009557552027436245
hog_3654,0.006271272154641849,0.018196691142166932,0.0017147106753216956,0.0,0.02259536986436128
hog_3655,0.01730511164660986,0.001791660744226986,0.025486227172478948,0.0,0.0157153490815114
hog_3656,0.021712790982452823,0.018008353005569022,0.0,0.018255014223730548,0.006252957316591479
hog_3657,0.025345180817297308,0.004710336990489283,0.011047670132840581,0.014536034518150887,0.0
hog_3658,0.048058590367878073,0.02823478923933731,0.02253698657438119,0.01936732485848025,0.01316591662910449
hog_3659,0.005516072673456884,0.010798015160763619,0.006306602467297084,0.010320920238940046,0.02168284736701742
hog_3660,0.0,0.0,0.018533295116507142,0.002703540973714169,0.005484274989348448
hog_3661,0.02067364557487239,0.0,0.010935878898973739,0.0,0.0
hog_3662,0.02635412535250925,0.008469607836295134,0.02158608392311101,0.022684995531061514,0.003815359044704092
hog_3663,0.02206580862721763,0.02983840695850848,0.04891048552769828,0.012772685618751556,0.018583441812254575
hog_3664,0.017829553358026384,0.011489117485787403,0.02803509017188066,0.04737728905870897,0.010939261835485548
hog_3665,0.013112114625080107,0.0062988315812158024,0.033675873364528375,0.020768425546884517,0.012591733230742141
hog_3666,0.007262596239177022,0.0,0.0,0.007438713125785812,0.0
hog_3667,0.03111490569192643,0.01687139242833724,0.008010441414543212,0.009854287693546793,0.0010676929427768656
hog_3668,0.0,0.0,0.0,0.0,0.0
hog_3669,0.013006946737473601,0.0021262232551286786,0.0,0.0,0.009066916670729563
hog_3670,0.0,0.03123247749925051,0.03383951066262636,0.0,0.017676523829443624
hog_3671,0.04123364998701651,0.018591973706947318,0.0,0.010060887612835856,0.019879110429351865
hog_3672,0.0,0.0,0.014398953151283145,0.0,0.0
hog_3673,0.0,0.0,0.018248149589765283,0.020671250347673364,0.0
hog_3674,0.0,0.0,0.018450952190531833,0.0,0.0031468105018050974
hog_3675,0.0053749785218655255,0.0,0.03805437408719725,0.0013417117523923938,0.008035604743277913
hog_3676,0.00885731137802348,0.01663713553624757,0.0,0.01794353979958463,0.015222382591302042
hog_3677,0.0,0.005974350117823324,0.007505825072652295,0.0,0.0
hog_3678,0.005290621334381296,0.028461642421568456,0.013240817219845047,0.01030820248621489,0.0027771992632474873
hog_3679,0.003528773805007601,0.0,0.010674636739342436,0.0182945616377459,0.011984043092976737
hog_3680,0.01486244744131282,0.0,0.02294938886410569,0.0,0.0
hog_3681,0.02116717791737277,0.01431034732264913,0.020283240267706226,0.012745260167219108,0.013239604976821306
hog_3682,0.0,0.0,0.0,0.0,0.0
hog_3683,0.0,0.0057629551569744475,0.01115784295352329,0.009166139308962817,0.006158550565423582
hog_3684,0.01152373129220452,0.01618307079018022,0.018308329290555925,0.008289383192303212,0.0
hog_3685,0.022237860314258562,0.0,0.030941192094768644,0.025136479548328206,0.018485441092674693
hog_3686,0.0182747057524546,0.01829177393589676,0.030517766736096297,0.016380924315101186,0.0
hog_3687,0.004604221627677374,0.011430611458545181,0.003596798626425368,0.01693295706462017,0.0011885877650967824
hog_3688,0.029221056472736873,0.0,0.0176578463064474,0.006458208414699795,0.00963444250559431
hog_3689,0.029633915488260554,0.0046141461287010355,0.004893958443149549,0.0,0.0
hog_3690,0.014395761568245735,0.014098058517267198,0.01355538753984642,0.0,0.0
hog_3691,0.020512124672805276,0.008089795344343509,0.02203557435985104,0.011439733221592308,0.012075741194128575
hog_3692,0.0,0.0,0.027994347444350476,0.0,0.020949933299813983
hog_3693,0.0002568036832268916,0.0,0.02579663171858404,0.006535728772309346,0.0
hog_3694,0.01801148692057164,0.0035449625165675513,0.0,0.01364999902954711,0.01454894048258537
hog_3695,0.012828140749982175,0.006615595670301566,0.004245057106865957,0.03336968534521567,0.02343862521720186
hog_3696,0.025604719790182306,0.025727921801680154,0.03714729698719199,0.030460687830125677,0.01373648831640395
hog_3697,0.0,0.005707294961200482,0.027317406264340205,0.007298715785296173,0.0
hog_3698,0.023269126182156485,0.0,0.0,0.0,0.013956523829382617
hog_3699,0.03250793138536512,0.02392122962720289,0.025771476187256948,0.024500452410200158,0.02155596706944385
hog_3700,0.028358676081021272,0.007962683329895803,0.02549075219607566,0.0,0.010864408613310506
hog_3701,0.012774386486759104,0.008426825993770315,0.01431529672174836,0.0054353929119805855,0.0
hog_3702,0.025236938603100834,0.03463739755830608,0.016704654642252237,0.020174328749780424,0.0
hog_3703,0.0014081084305275215,0.0,0.0,0.0,0.0
hog_3704,0.01478078054255727,0.0,0.032905698896546376,0.017782958176431274,0.0
hog_3705,0.0,0.0032058495603188852,0.010850366242236564,0.0,0.0026974255467742125
hog_3706,0.009940667962437644,0.009212530952511289,0.018546148402387663,0.0,0.0
hog_3707,0.015938615160731473,0.0,0.027994459589350873,0.0,0.03665062990007106
hog_3708,0.0,0.0,0.0,0.014027644187260657,0.0075638224808682875
hog_3709,0.0008984529711471012,0.004193813767440879,0.0,0.00323989646870948,0.0038434237916431524
hog_3710,0.0005841384508191716,0.007177494292619935,0.016893474295434308,0.0047996914431645,0.008969784650671997
hog_3711,0.0,0.003923099674233876,0.0019248620242175996,0.004762686310170405,0.009704643279438319
hog_3712,0.009910857378530258,0.0,0.002082706922083455,0.0,0.03690168482915834
hog_3713,0.0,0.0,0.005116349765552641,0.0,0.004540159672997257
hog_3714,0.012277268993476698,0.013068310735287136,0.0,0.0,0.0
hog_3715,0.006439418920463957,0.012299226275807262,0.015521880076416084,0.0,0.0
hog_3716,0.0,0.012584362493985868,0.01278570089014286,0.0,0.0
hog_3717,0.004775049064129622,0.0,0.0026684330540278633,0.0,0.0
hog_3718,0.0,0.0,0.031756739934317935,0.0,0.0
hog_3719,0.015695689503166355,0.013520675957078065,0.007417429753523663,0.013860809211443614,0.02854994613420181
hog_3720,0.0,0.002694995816140633,0.021128939409326808,0.0,0.0
hog_3721,0.0,0.0034638069865333687,0.02178672365406764,0.0,0.02535118928589153
hog_3722,0.015528767582422942,0.00713799118153613,0.021580303036808246,0.0,0.0
hog_3723,0.01928043198576246,0.0,0.01498965446677425,0.0,0.0
hog_3724,0.03716516672096426,0.016237843699988153,0.013013877961993714,0.026495015605524808,0.015208993475227528
hog_3725,0.009882171331973444,0.0,0.0013721870451961493,0.0,0.0
hog_3726,0.0,0.0,0.010576179758248871,0.0,0.0
hog_3727,0.010212545599211698,0.016108824051397574,0.01505022267255618,0.008498401604446704,0.0
hog_3728,0.013331325614898581,0.020260163783094365,0.026362567176208662,0.0055704913132290645,0.0
hog_3729,0.0,0.0,0.004887091994830506,0.0,0.015013504076087925
hog_3730,0.023434250159255487,0.01647914088442448,0.02394971516185951,0.0044949911038976165,0.047286438691597654
hog_3731,0.00865970625129453,0.0,0.00483608027025717,0.0025073967764019933,0.018261154335431184
hog_3732,0.005184682978884636,0.0,0.02506256775040061,0.030080741271082623,0.007375158255763736
hog_3733,0.02229922357163594,0.004183729764157151,0.02821896667994306,0.018967667656315967,0.0023526139816438807
hog_3734,0.0,0.0055084389381447885,0.0,0.0,0.0027923171601793584
hog_3735,0.020123145680305266,0.002541509761401217,0.0206493295210064,0.0,0.009486462038410304
hog_3736,0.006622857389091408,0.0,0.017045069290046122,0.02189860718493053,0.011676336166966061
hog_3737,0.026588679892335154,0.0275081283289913,0.0025796655969776427,0.024370345151679018,0.0
hog_3738,0.0,0.012464349361754445,0.014701883380545677,0.023240479743977582,0.020484823795700713
hog_3739,0.031047717007518738,0.0,0.027215936699241494,0.0233312952805651,0.009156911001795498
hog_3740,0.023296641194571643,0.0,0.04335262790861938,0.0,0.025503164465301875
hog_3741,0.00951368038495648,0.0,0.007655431568468707,0.0,0.0
hog_3742,0.020667421785823148,0.013132700836960165,0.021144831591758617,0.004141161622206679,0.007282639167708993
hog_3743,0.032332600605019746,0.010731614547488055,0.008756831500758011,0.003092704506260091,0.0
hog_3744,0.0,0.006424726271842651,0.009282680569528967,0.004780536763288934,0.023036530521514775
hog_3745,0.009689272871321819,0.0023769537920985684,0.015269391776491892,0.010810614732704726,0.0
hog_3746,0.0074462651321420825,0.014648723257000285,0.03756767449517562,0.014727289376277097,0.0
hog_3747,0.0,0.01351794449782151,0.0,0.018840010367937143,0.0
hog_3748,0.0,0.0,0.0,0.0,0.0
hog_3749,0.0003821399074133147,0.011596020114493122,0.008984007050004683,0.0,0.006860771940570443
hog_3750,0.0,0.01114867383455076,0.0,0.0,0.0
hog_3751,0.0,0.0030145126088716445,0.0018134482990683765,0.018104383420249892,0.013178881253780306
hog_3752,0.0,0.0,0.05009809618799088,0.0,0.011128908498346357
hog_3753,0.028505174947755174,0.02121271941198888,0.030309050907874058,0.008702083091610469,0.00678449918741908
hog_3754,0.0,0.0,0.0,0.0,0.0
hog_3755,0.0,0.002782102594043767,0.009970731139407274,0.012881597773357178,0.00576750526863945
hog_3756,0.0048844590140071364,0.002119315660628507,0.0,0.0,0.0016718329728213632
hog_3757,0.0044090821300306615,0.0,0.0,0.010184882524258976,0.0
hog_3758,0.0097913633969402,0.0,0.0,0.005867615607064058,0.0
hog_3759,0.03226519459786781,0.0005123864862166538,0.005823892936115849,0.032252643904513434,0.0
hog_3760,0.012412748758165115,0.014403320098650862,0.01778336267512204,0.012442073812272136,0.018522839210430186
hog_3761,0.007297693193398347,0.004902331256144032,0.037550708424610724,0.026944013351936524,0.0
hog_3762,0.0,0.013699162143449461,0.0,0.002301537771961071,0.0
hog_3763,0.009298620458243922,0.0,0.0,0.0,0.0
hog_3764,0.0,0.0027718481625571556,0.013928252657259943,0.017989104630228292,0.0
hog_3765,0.019627866137928995,0.028464973698257845,0.0021492866991137394,0.012594513188879164,0.0
hog_3766,0.0,0.044811594859604176,0.03165104275997632,0.018311144810703617,0.007651635669051471
hog_3767,0.0,0.0,0.014086491501643428,0.00871779503366854,0.015097782853388475
hog_3768,0.0,0.0,0.016864431019065096,0.0,0.0006917237905472717
hog_3769,0.027770481813508496,0.0,0.024263508056086236,0.0,0.010674241273064933
hog_3770,0.0,0.019621603162397694,0.010893914078084155,0.013541457506877519,0.002541651445635784
hog_3771,0.0,0.0,0.0,0.02468330132114227,0.012579281916944574
hog_3772,0.0,0.0,0.005312961563045393,0.0,0.0
hog_3773,0.02193020055240269,0.0,0.0012659238077827872,0.0,0.0
hog_3774,0.003244512480553796,0.0,0.0,0.0,0.0
hog_3775,0.022195385059833317,0.0016881744733230342,3.5397594567498913e-05,0.03347192313718561,0.010780872357899485
hog_3776,0.0,0.0,0.011504401755549898,0.024877111124845364,0.0
hog_3777,0.031079678126526344,0.008974171933434638,0.032245886121502254,0.0003501808873140888,0.015003640792196293
hog_3778,0.010403153053854863,0.0,0.01227024126979992,0.013430453771405837,0.0
hog_3779,0.002627834336164092,0.011620397289605622,0.0056369401492351034,0.01218315399116987,0.03159677988809961
hog_3780,0.03929515726613353,0.05544850699278503,0.0186549381064538,0.02722378759217481,0.01080807624107849
hog_3781,0.004203989511459616,0.0,0.005123751792828868,0.0,0.0314462971471563
hog_3782,0.0,0.0,0.0,0.0,0.0
hog_3783,0.0,0.003974428791483797,0.00559813237670892,0.013190621222480381,0.011796561140927198
hog_3784,0.005199518094165967,0.0174853555060539,0.009581241166229937,0.013440774459765992,0.008239906379433615
hog_3785,0.012689826134631765,0.001203998339061263,0.0025554222128065796,0.0,0.014628323235563734
hog_3786,0.009543693122323393,0.00715079335951696,0.010108261033081378,0.0,0.0
hog_3787,0.009037879855874564,0.0,0.0,0.0,0.021999405954321816
hog_3788,0.03246822074464184,0.0008260610755923548,0.0,0.0,0.0
hog_3789,0.03424337179915571,0.021222161674202544,0.0,0.00023780183715049752,0.024039075060830806
hog_3790,0.014687404813539029,0.00764092130171945,0.0,0.0,0.0
hog_3791,0.005089359612297173,0.020630811424895645,0.012593768373409198,0.0015840098279225057,0.0
hog_3792,0.03240134156831109,0.004874651113574435,0.010869250604241598,0.008089626862032295,0.013359696666116472
hog_3793,0.02261280787563491,0.0,0.015971959063560748,0.036615078801487844,0.0
hog_3794,0.0,0.0,0.0,0.0,0.0037317455247654063
hog_3795,0.02383648293254903,0.018999295435172314,0.0,0.0,0.0
hog_3796,0.027279444470311054,0.0,0.03409499521730841,0.0,0.0020978477931783424
hog_3797,0.0007622494704546678,0.0011552384504904811,0.0,0.0,0.0
hog_3798,0.017550631984698306,0.017879013359084484,0.023004038849794517,0.003562591397496595,0.010317379816821015
hog_3799,0.0058005382224968205,0.0,0.0,0.003832109043071519,0.006771640022774195
hog_3800,0.005686180163299914,0.0,0.0,0.0,0.02278791381084444
hog_3801,0.0,6.902821802312609e-05,0.029927121931677014,0.0258382290709811,0.0
hog_3802,0.018330720918711796,0.025343321827780763,0.025047290463603433,0.0,0.02238018313867718
hog_3803,0.0,0.0,0.024934554556763633,0.004594422399128106,0.0
hog_3804,0.013954228543045621,0.004193592889462527,0.01691426869889212,0.0,0.0
hog_3805,0.0,0.007219340313278089,0.03332905156011057,0.007271531631515726,0.00745819144987192
hog_3806,0.0,0.0,0.0,0.0,0.008342265213409972
hog_3807,0.016043057870216426,0.020364090729700468,0.022332973131652833,0.00909852000262168,0.017837587419092582
hog_3808,0.0043605502418122555,0.003858478910427454,0.00692606003670071,0.01511427879739835,0.0
hog_3809,0.002774493999906813,0.0,0.0,0.029061456371808125,0.013825891574793747
hog_3810,0.006598678719955009,0.0,0.000560797896235421,0.0,0.0
hog_3811,0.02363080407009477,0.015840521290316323,0.005209825247330491,0.0,0.0
hog_3812,0.0,0.0,0.0,0.0,0.009263131666051638
hog_3813,0.00035615657998011585,0.0016570251208694042,0.0,0.0,0.0066195556733150696
hog_3814,0.013543960478683337,0.0,0.014513546641374608,0.00592869594875145,0.0
hog_3815,0.0,0.0019002817329549782,0.011404596954319945,0.006101709025900126,0.004445165527320327
hog_3816,0.015105173683908069,0.028812344581342852,0.006180529379799404,0.02194325871395697,0.0
hog_3817,0.0,0.0,0.0,0.0,0.012848638056836448
hog_3818,0.019239842848776334,0.0,0.010292892710912271,0.0016396589086504765,0.003851284089025464
hog_3819,0.004379741392692926,0.008618588592411935,0.0021492039271240326,0.00018088294488483037,0.005753870225461588
hog_3820,0.0030885475596205136,0.020208441136453592,0.020818406203483075,0.0,0.0
hog_3821,0.0,0.005451498348910677,0.01433618944394155,0.0018709339652931423,0.02261799490091132
hog_3822,0.003494295216307952,0.0018084356996697082,0.0,0.0,0.0
hog_3823,0.015020186746242059,0.0,0.0,0.008692900168962625,0.0
hog_3824,0.006981221734153387,0.016268418039745436,0.0,0.02492987935288893,0.0008500839003251492
hog_3825,0.0,0.02481144743758157,0.026913867996099405,0.02184549473948616,0.005902312688111033
hog_3826,0.0035708167884689335,0.015187106971730202,0.010918056602226445,0.00632346042505505,0.006076493301498287
hog_3827,0.0,0.0,0.0,0.0,0.0
hog_3828,0.02978254918876555,0.0007883314166976518,0.023563667167486813,0.008360222571178522,0.0
hog_3829,0.01463434023029575,0.0089579732229359,0.0,0.0,0.0
hog_3830,0.01594867629474228,0.03288092683190347,0.0,0.0,0.009573701790310363
hog_3831,0.0036117294967923375,0.0038241048023925917,0.0,0.007958930099521533,0.00406855405353812
hog_3832,0.0,0.009072691416525336,0.024511829538913732,0.013411314467727253,0.0
hog_3833,0.006497647412909924,0.0,0.0,0.0,0.0
hog_3834,0.023387961084998965,0.023234769874304062,0.0,0.014016551966976154,0.0033981761995993676
hog_3835,0.023266394903164844,0.0,0.03357283872195094,0.021379428942538192,0.0
hog_3836,0.002719506640283864,0.015211266747590102,0.011529703650323242,0.0045247013288820526,0.004135160134076221
hog_3837,0.03292155418884568,0.0,0.0,0.0,0.0038150872822142468
hog_3838,0.0,0.021125594277567883,0.0021033495759983367,0.0,0.0
hog_3839,0.0,2.0848084973934533e-06,0.0,0.004535088132204601,0.0
hog_3840,0.0028116911276683254,0.0,0.0,0.0,0.0
hog_3841,0.019313921289347835,0.0227432565440302,0.027124266335443847,0.046841566011818214,0.035960788987015935
hog_3842,0.00943784516496482,0.0,0.0,0.011840774392722686,0.0
hog_3843,0.0,0.024653781952972853,0.01840644385689516,0.00010568454261883353,0.011765100183644961
hog_3844,0.013441049992473086,0.003243436438248759,0.00564423407787884,0.0,0.0
hog_3845,0.018387984258603884,0.008400684341550724,0.0040241082640886106,0.007973893870117488,0.005660843577156571
hog_3846,0.014516966518757446,0.013533810144319425,0.0013733339392072441,0.012577653298069702,0.02196624549194026
hog_3847,0.014795875488338384,0.034320620060593665,0.0013250259551134125,0.032299201498996455,0.0
hog_3848,0.027869522066034547,0.0,0.0,0.0,0.006457229366320538
hog_3849,0.017260797354520685,0.02976760061026673,0.0,0.0011505405869565166,0.0
hog_3850,0.0,0.0,0.005416629662353678,0.0,0.023306550499663015
hog_3851,0.007540044279596536,0.0029544429807872863,0.03180712808623687,0.013987561502088575,0.0002982338088286518
hog_3852,0.041827281232620805,0.01574044844695366,0.03068490690755543,0.0173995203269941,0.0186696114782563
hog_3853,0.0,0.0,0.0,0.0,0.003671560538766272
hog_3854,0.0,0.008471784751411748,0.0,0.014983267787455068,0.0
hog_3855,0.026300336043723505,0.0020291132043546156,0.019075293073676836,0.004110351293995951,0.005260433267344933
hog_3856,0.0,0.012617879264344989,0.02017457144220214,0.0,0.0008988671082472699
hog_3857,0.02282079520809721,0.00017640338959812318,0.032675179521951536,0.009134251369760538,0.0
hog_3858,0.00297272056157194,0.0,0.0,0.011667928010580253,0.0
hog_3859,0.0019268249292248019,0.0,0.0,0.0,0.0
hog_3860,0.0,0.0,0.005090195649386509,0.0,0.008932071449362589
hog_3861,0.04809227840648633,0.0,0.014821405111149266,0.037985208802789217,0.01642262643715342
hog_3862,0.018971275159923362,0.0,0.013560225177575935,0.0,0.0
hog_3863,0.0018445786917089535,0.013482770789183585,0.017159462069761933,0.006192724890287771,0.0
hog_3864,0.002144580209921587,0.013561727574126436,0.022199375160006696,0.007422161826243334,0.002169709909697337
hog_3865,0.024431551962492026,0.010203649719365604,0.02781021904627412,0.02296737013591521,0.00936549766075645
hog_3866,0.011895319213963917,0.007103934216675656,0.002112149260103724,0.0,0.009868113153800762
hog_3867,0.0,0.0,0.02324469565232201,0.0,0.00777091247359607
hog_3868,0.0,0.01270315050498838,0.029774623781300358,0.0,0.0
hog_3869,0.0,0.005031482129780107,0.005427335312944148,0.025816951202546123,0.0
hog_3870,0.0018254356715086129,0.0012100872402394103,0.0,0.0,0.0
hog_3871,0.00319944847132847,0.0,0.0,0.0,0.0
hog_3872,0.005904411011644628,0.0,0.008950962946582486,0.0,0.023272720422883086
hog_3873,0.0,0.0024552939859852074,0.006194476066160082,0.0,0.0
hog_3874,0.0,0.013410722850421442,0.005044997005427598,0.0019414518477927079,0.0
hog_3875,0.00901324354063826,0.0,0.00198825032580241,0.0,0.020571749518787152
hog_3876,0.0025500242241116577,0.0012473693672354624,0.02483805773204928,0.010465081963114242,0.003639357845856006
hog_3877,0.008566486312105992,0.011597087484914503,0.020677263855608752,0.0,0.0
hog_3878,0.01798915230832865,0.017762651558967724,0.01689088113873982,0.018556387284149656,0.0
hog_3879,0.006840674411004999,0.03193790725273704,0.006192852126496895,0.02005205486399597,0.020136630322507232
hog_3880,0.016150510160573228,0.007714359562236428,0.04443617433346225,0.009920822335559576,0.0
hog_3881,0.004441405500582585,0.0016747929360374503,0.0,0.0,0.014629259925569293
hog_3882,0.04581971598392798,0.0027776133619934473,0.0,0.012378242876619705,0.011957177961726018
hog_3883,0.026721917897802205,0.018118415130191856,0.008919966884343378,0.006826383146713688,0.014429032233737926
hog_3884,0.0,0.0,0.0,0.0005669939743784269,0.0
hog_3885,0.0020900877381222482,0.0,0.0,0.0065963837314466645,0.0
hog_3886,0.015873646721208834,0.0,0.016323108381975038,0.004597536844206829,0.0
hog_3887,0.0093106020712177,0.007094875814760204,0.04723876930983306,0.0,0.0
hog_3888,0.02069819720787991,0.0,0.02993057228663787,0.013192121822720448,0.0
hog_3889,0.024973289291394973,0.0,0.005869425062136502,0.0,0.0
hog_3890,0.01721305509865001,0.025594505780382804,0.012325275705362682,0.0006434016690965993,0.003529277226840044
hog_3891,0.01113598595974441,0.0,0.001443884688551167,0.011581543660802884,0.0
hog_3892,0.021490790668402315,0.02222795954180845,0.00922113479200437,0.003217427763861469,0.0
hog_3893,0.01320369603742666,0.0024190065597153865,8.885283447246373e-05,0.0,0.0
hog_3894,0.008750028663072618,0.0,0.006679931378054116,0.0,0.0
hog_3895,0.0,0.037317575617291876,0.0337401600057583,0.002923773734650581,0.003211919825193199
hog_3896,0.04299893603027671,0.004613048876525694,0.015762095397814813,0.0,0.0
hog_3897,0.012275616564317193,0.01641695526302822,0.023573069786803735,0.023774997163999112,0.023201837412274884
hog_3898,0.02328365884008532,0.027836128847380515,0.04788493386099657,0.03220479492809325,0.04862641586299632
hog_3899,0.02183776942202531,0.0,0.042901025797249526,0.0032238622478499845,0.0073081606134055566
hog_3900,0.003922805704664967,0.015085893415885954,0.01201487255225997,0.0,0.0
hog_3901,0.036447823100853816,0.01953434863646142,0.008291752967657828,0.0,0.0
hog_3902,0.0,0.007415335875241347,0.0010772250918833493,0.003502974164822925,0.02069202120432312
hog_3903,0.0063780773867030405,0.0,0.0,0.0,0.0
hog_3904,0.0143493208811869,0.0,0.017170100930723686,0.0,0.0017333156205068256
hog_3905,0.012533635745856753,0.0,0.0,0.030343359633511424,0.0
hog_3906,0.010929066938715648,0.01845114071291043,0.015067260718604869,0.018698268701635268,0.0
hog_3907,0.0015733213753532649,0.008328098289586139,0.021895709594474955,0.0,0.003410843708327782
hog_3908,0.0,0.008354183369366996,0.0093950617153995,0.0,0.0
hog_3909,0.02889630421067846,0.023561287262789055,0.022449087394957212,0.0059321588340282005,0.0
hog_3910,0.0,0.0013823699499433406,0.0,0.0,0.0
hog_3911,0.026433243012436325,0.004238336092687867,0.030668402947518603,0.014921841391200452,0.03279627685886077
hog_3912,0.03474380749284789,0.0,0.030584448290020605,0.00904330488044236,0.0
hog_3913,0.016909751886339475,0.017310740934117996,0.01699429794252416,0.02566302118648367,0.01781182714948981
hog_3914,0.02344620577442158,0.020699598225285998,0.0,0.0,0.004043311803374472
hog_3915,0.03664660490444982,0.02154811952483171,0.026064542571322846,0.014728799342611953,0.0005706321766842937
hog_3916,0.011043020299780215,0.0,0.038786028457020505,0.01625719681296678,0.0
hog_3917,0.016352287699431756,0.008912959948640609,0.015453056238412755,0.0,0.017871239919781567
hog_3918,0.01521393856223674,0.020630813718476304,0.0,0.0,0.01282722750589671
hog_3919,0.024352042759565373,0.026964645876508264,0.02751540234413663,0.0,0.0
hog_3920,0.0014051487484643133,0.022379751055648933,0.009181544616896353,0.0,0.021943240131349295
hog_3921,0.0,0.0,0.0,0.0,1.2535302797767045e-05
hog_3922,0.01050188809519681,0.02167250428747791,0.020523799597958803,0.009593588387140306,0.005884563037490187
hog_3923,0.033057015900213926,0.0,0.0,0.021703396524909158,0.0
hog_3924,0.0170528339780891,0.021447963076992815,0.02440825941335345,0.0,0.007460846285116007
hog_3925,0.029581474551911846,0.0,0.03188717250662432,0.01749759736375256,0.0
hog_3926,0.04700217875556589,0.024784179828906572,0.024132080430228076,0.004270440825146604,0.01697033179015106
hog_3927,0.018596485291823006,0.0,0.03031366790757839,0.013172776181138879,0.0052349868271139854
hog_3928,0.0054095245909373535,0.025825403592826257,0.0,0.0,0.0
hog_3929,0.015532357654048257,0.030492801983508677,0.01506484016996601,0.02529885437588164,0.03291114925932992
hog_3930,0.0,0.0,0.0,0.012554834638033086,0.0
hog_3931,0.02795752407322416,0.017433191011406945,0.01945340898419734,0.01558008205220518,0.022682421949181242
hog_3932,0.03427772272974994,0.0018813668435111452,0.03060663353818427,0.016102973464015014,0.026134959233264254
hog_3933,0.006164916000353404,0.011472064573652352,0.0,0.0007692929155165285,0.0028480784652842317
hog_3934,0.007122700449091912,0.016367115232088558,0.015121495227554016,0.004738478491844944,0.0
hog_3935,0.008823313525983645,0.0,0.0,0.0,0.00335595527568211
hog_3936,0.0,0.0,0.004237628768444468,0.0025422731594788583,0.0
hog_3937,0.0,0.008655813576825988,0.014966565923603348,0.0,0.018035265849439153
hog_3938,0.011298476908460975,0.010150814083823345,0.025296905825482163,0.0,0.003262457323347956
hog_3939,0.03143235225460472,0.0,0.00209667732667862,0.0047936182825483176,0.024286715200802833
hog_3940,0.007093359347389194,0.0007948047266388425,0.010949934446604637,0.0,0.0052590045927281
hog_3941,0.027584032677417936,0.0,0.021127567528269386,0.005436444959900699,0.0
hog_3942,0.004448264504151922,0.0,0.007821441614371594,0.013549301116349444,0.013175865392992314
hog_3943,0.009769283658914718,0.0,0.014459211897511759,0.0,0.0
hog_3944,0.05065671811164085,0.011924387196772246,0.019217129256223764,0.016675513615212134,0.0282647076023701
hog_3945,0.0015699561486970381,0.013476894094099912,0.023134776681099867,0.008635363367590188,0.021737532265452053
hog_3946,0.03046982463425385,0.015262083362068024,0.028583077466571627,0.0,0.002668199787644543
hog_3947,0.01860279434224954,0.02049842879717123,0.0018953988257681686,0.0040226113803703,0.0
hog_3948,0.015040657505656307,0.0,0.0039976880223324684,0.0,0.0
hog_3949,0.006311391912979358,0.013248074055011827,0.022120365833028677,0.0027644667863468975,0.0
hog_3950,0.015233349536355245,0.017595542221780613,0.010461000255733932,0.021216411850963235,0.0
hog_3951,0.013818764191174004,0.00040768702607452134,0.002886962203464627,0.0,0.001689865544334923
hog_3952,0.04395323490473024,0.01399282992647466,0.02694802614674363,0.017077490801314266,0.0018455406686357367
hog_3953,0.004429329191099063,0.0,0.0,0.027652492946694585,0.0
hog_3954,0.02552055530858577,0.013258378366130419,0.008623070717429737,0.020004522064223984,0.0010712169339581745
hog_3955,0.03154946636310063,0.04412042554514195,0.017811716892683016,0.010609437160860491,0.007739740622571212
hog_3956,0.0,0.044372844859542626,0.028305727364924982,0.013424980992029267,0.028324827658551266
hog_3957,0.017061717523392916,0.0,0.006421849570416027,0.0,0.0
hog_3958,0.0,0.01611923439269014,0.011370004173673287,0.0,0.006595373804104465
hog_3959,0.0,0.01875103817235435,0.0,0.0,0.02099653307240623
hog_3960,0.01920368586896215,0.016712526453564358,0.0,0.004800750924127906,0.01983684206512981
hog_3961,0.0,0.0,0.010510612558635613,0.0,0.007285174709897868
hog_3962,0.03684083330073196,0.020083776953318866,0.038532153450173245,0.024805296594377246,0.019026784251671813
hog_3963,0.01874167694488582,0.006883328200376404,0.00687283600739419,0.0,0.0026997690686816345
hog_3964,0.00992273308406344,0.018605227425039672,0.0,0.0,0.012395966968004712
hog_3965,0.01958503198795203,0.009970024946612588,0.029678704779221743,0.015281189020112107,0.014930019069553158
hog_3966,0.010805598011564443,0.0,0.016701025384144863,0.0,0.0
hog_3967,0.032638645735775906,0.0,0.03634662357097218,0.021752527191161386,0.0063929783254552675
hog_3968,0.0024871333342566526,0.022778147486359757,0.015618294506246189,0.0,0.0
hog_3969,0.01662321834809899,0.00806270740589854,0.018806706035132015,0.003646436852928314,0.0038655425067835036
hog_3970,0.015421304871231056,0.009592943825702527,0.0,0.0,0.0
hog_3971,0.0,0.0,0.027884821553574746,0.0,0.0
hog_3972,0.0,0.006619225983149235,0.0,0.0008457529138514719,0.0
hog_3973,0.0,0.003304912296074436,0.01810679480607158,0.0,0.004745270145446456
hog_3974,0.0,0.0,0.003163981433636165,0.0,0.01492688851954771
hog_3975,0.0,0.003479826157306798,0.016006523078560875,0.0,0.0035960355006625644
hog_3976,0.008133085844048482,0.019401800915803014,0.0,0.01209527187936299,0.022179220031989466
hog_3977,0.0,0.0,0.01627703303539585,0.02123213108031874,0.021325880425228982
hog_3978,0.007939813969447762,0.032617495556129805,0.00790634554588654,0.008366935483616,0.013606969871497121
hog_3979,0.027371330844539132,0.004745171582834384,0.018622071254045913,0.020635561047416484,0.0004118291986776601
hog_3980,0.0,0.0,0.022092964375880708,0.011037640002541593,0.0002898155230994792
hog_3981,0.0,0.0,0.0,0.0,0.0
hog_3982,0.025918579776470052,0.00475818399933936,0.013971888201882665,0.01240065138839297,0.0015276884211545827
hog_3983,0.025279883009884374,0.02327620918190032,0.034574888787468616,0.012971350530520454,0.009608991129178124
hog_3984,0.023493799311897767,0.004643746470248233,0.009521562981468223,0.022669067248326513,0.006765086192034753
hog_3985,0.0,0.01580033381381063,0.001923127467218233,0.0024736580094562033,0.0023335442716534427
hog_3986,0.005018484671411416,0.0,0.00015547042894015206,0.0,0.0
hog_3987,0.02621732640042551,0.01430587203234901,0.017851454556349955,0.025268980975472477,0.028979913867215767
hog_3988,0.04107720140816773,0.0030183419569831393,0.0252235020505569,0.0012667197417248754,0.009085570038253943
hog_3989,0.010207578082668922,0.0,0.0,0.005248247468138789,0.020838793107784692
hog_3990,0.011605630256857014,0.02807810588408377,0.0013230381607007846,0.013206331323537324,0.014133904900768046
hog_3991,0.0,0.0,0.0,0.0,0.0
hog_3992,0.036387791116078816,0.015887663763272775,0.017876084898504008,0.0049054395070202705,0.010799122227777458
hog_3993,0.013279264488644582,0.002405893797127856,0.0,0.008994455649607769,0.0
hog_3994,0.0,0.0,0.008957486772835033,0.0,0.0
hog_3995,0.0,0.010259496922527145,0.01849603928131205,0.0,0.0
hog_3996,0.0055798310776895566,0.014928535356665273,0.0,0.0,0.0
hog_3997,0.024755021695895163,0.012811834946897749,0.02504849449002422,0.020851784556050745,0.02509597405417252
hog_3998,0.006735953618258961,0.0007997213164805395,0.0,0.0,0.0
hog_3999,0.020340946096019552,0.00571054389143133,0.03727888336760321,0.013771813343850914,0.01710174232174433
hog_4000,0.0,0.002663350873781445,0.0,0.0,0.0
hog_4001,0.0,0.0017419814518866428,0.02804630676439457,0.0023962519933753423,0.008840339443101808
hog_4002,0.026843657412419564,0.015889931205797625,0.0,0.0,0.0
hog_4003,0.010642302859540598,0.018626095699923795,0.0,0.0,0.0
hog_4004,0.017879034247947123,0.021917691158846564,0.0005278991552151169,0.005057105797079409,0.0
hog_4005,0.004011453030037027,0.013185547249831453,0.0,0.0,0.0
hog_4006,0.0,0.0,0.0,0.0,0.0
hog_4007,0.011653170125307089,0.002241845299861156,0.02437244772465763,0.027205624076768853,0.0
hog_4008,0.006227326580614312,0.004110626680957186,0.0,0.0,0.0
hog_4009,0.0018527178739553563,0.024287020319936792,0.025193472280091278,0.017452617906351886,0.0
hog_4010,0.023644536383348624,0.0003981381353614921,0.009387259317510832,0.004628031778194375,0.0
hog_4011,0.0,0.0,0.0,0.0,0.0
hog_4012,0.01303357355492829,0.008861413543365337,0.01751088657748623,0.013240450230423972,0.008928488266150891
hog_4013,0.0397282118215343,0.023731299792812743,0.006862868986909243,0.004429259087299853,0.03241224189212599
hog_4014,0.0023183215450335304,0.0009910327506812422,0.0034592968783948574,0.0,0.0
hog_4015,0.016481052633972704,0.0218235380401397,0.012587501259460288,0.0,0.008426631127607775
hog_4016,0.015382643358595294,0.0011576028524222792,0.008397554666020657,0.0,0.0
hog_4017,0.02621485018317271,0.0,0.011002858227759704,0.02310336596781437,0.0
hog_4018,0.009565794635607139,0.031848320918264506,0.03375889136270405,0.02322179416659953,0.0
hog_4019,0.007399992325233695,0.0,0.0,0.0,0.02091758970509483
hog_4020,0.010317933578535499,0.0,0.008531760194231408,0.02370444519612569,0.0
hog_4021,0.010959364412462813,0.007127097692438911,0.017514954393977433,0.0070599427173339,0.0
hog_4022,0.023895008328660206,0.008087476599246468,0.002258613148271582,0.0,0.038345463640169886
hog_4023,0.010490776934531931,0.0,0.0030475588256100306,0.0,0.0024566140415194226
hog_4024,0.0,0.0,0.004165188535296682,0.0,0.0
hog_4025,0.02313599800659727,0.0,0.022544600760559863,0.007299280876840175,0.0
hog_4026,0.010064980377564092,0.02268549675136322,0.03583303220535217,0.015318225760798887,0.0018445892928085073
hog_4027,0.0,0.0,0.0,0.0,0.0
hog_4028,0.009789873539957528,0.0,0.0,0.0,0.0012317663127392464
hog_4029,0.010459512680578653,0.007955046296122648,0.0,1.5446067919588913e-05,0.0
hog_4030,0.015006416251386101,0.0,0.03349319076888557,0.01689257191825977,0.014029317588494461
hog_4031,0.0,0.0,0.01975235172224976,0.021672223945154556,0.0
hog_4032,0.021637023667397504,0.014335603836738375,0.04002274619076607,0.007653446708152378,0.025468981867437623
hog_4033,0.0055813318620296926,0.012259065179317075,0.002426348101057796,0.01197349188822927,0.0010613863700312809
hog_4034,0.026701207075641387,0.03055103151421923,0.008233781124713957,0.001539949590190881,0.0
hog_4035,0.025713924779272812,0.0045092612950596855,0.0,0.006926638692956288,0.0
hog_4036,0.04183310345767599,0.0,0.02476025226468992,0.02366879816219236,0.0
hog_4037,0.0,0.012386978451269126,0.0,0.007844030808925373,0.0
hog_4038,0.0,0.0,0.03142532265540776,0.0,0.0
hog_4039,0.0,0.0,0.0,0.003596814366987555,0.012100725711767124
hog_4040,0.010239026141434904,0.003877078589748173,0.0161580819066669,0.0,0.0
hog_4041,0.000779371485344571,0.0,0.003710560258700868,0.0,0.0067794201790645214
hog_4042,0.007464795344343633,0.024866006132869378,0.018952432575809475,0.012573756323840168,0.016198771306523252
hog_4043,0.024660874134711186,0.018116931271558334,0.01581401478613831,0.0,0.0
hog_4044,0.00510955821667447,0.03370653672329582,0.005340797070791714,0.013288998058645918,0.0045385595219407104
hog_4045,0.025467963632576307,0.019487361800996084,0.01359915835815051,0.00851688942375528,0.009302500050351714
hog_4046,0.0,0.0,0.0,0.0,0.014706119041100862
hog_4047,0.0,0.0,0.03331185805683501,0.0015927139214482189,0.004771791423661131
hog_4048,0.01183314975119032,0.0,0.016905933119750527,0.006116179411956635,0.016854082382002256
hog_4049,0.004875340637635839,0.0,0.0,0.0,0.0
hog_4050,0.0023766930909590034,0.0,0.0,0.0,0.035210934466014754
hog_4051,0.0,0.0034620775614262467,0.0013655661660525453,0.0,0.0
hog_4052,0.0017995476210670436,0.0,0.0037139090415791998,0.003039309605176177,0.0
hog_4053,0.005557858399985349,0.0,0.009207182333337505,0.0,0.0
hog_4054,0.009995176669367778,0.008780915105184972,0.005797901697546015,0.0,0.001729883299688817
hog_4055,0.020877517805122814,0.026489651061688768,0.012265038503961767,0.0025225414177145744,0.0
hog_4056,0.0,0.0,0.0,0.013528635507448428,0.0012073035655808528
hog_4057,0.020889255546778118,0.0,0.039019390851421365,0.0,0.0
hog_4058,0.009821586618545375,0.0,0.0,0.0,0.0
hog_4059,0.0,0.0,0.0010539025344225017,0.0033343999069697094,0.007941479611628166
hog_4060,0.0,0.018475391108228933,0.0018892990473398097,0.0,0.0011135431593203293
hog_4061,0.023071786779888637,0.0,0.02584873710041058,0.029755794368017563,0.006587887218499677
hog_4062,0.012413113645976415,0.0,0.004294220645165714,0.0,0.0
hog_4063,0.0,0.0,0.0,0.0045911263546030145,0.01015475159076673
hog_4064,0.0,0.0,0.015459426874571802,0.0,0.01145776454542724
hog_4065,0.014366060458719465,0.012902190474767261,0.01081358221217621,0.0,0.008924120988936801
hog_4066,0.01915738489473262,0.0,0.0,0.0,0.0
hog_4067,0.013449316775293374,0.0,0.0004535683593769324,0.011356622344895762,0.0
hog_4068,0.02073160395289153,0.005144442962966789,0.000704187753358454,0.01777494847027916,0.0
hog_4069,0.0,0.0,0.001035666947646785,0.0,0.0036771292726702764
hog_4070,0.02957195382468436,0.0,0.002190376955246043,0.0229192636264115,0.002343979481806757
hog_4071,0.0,0.0,0.011527231891162115,0.013752607963563923,0.0
hog_4072,0.01235368649152746,0.02190223345524589,0.012605282793924033,0.006928118479541778,0.0
hog_4073,0.0,0.0,0.0018636277939900747,0.0,0.0
hog_4074,0.0,0.0074493261268135935,0.017020000531251966,0.011996725467791514,0.02019501228543219
hog_4075,0.022277577629690404,0.003366892216247752,0.02662879730703116,0.0,0.012367673963739723
hog_4076,0.02523263526750097,0.005230382421248958,0.02557921706920463,0.0,0.026954147247692184
hog_4077,0.03167425201914331,0.009740940067967108,0.0,0.013888584338379362,0.03863950430135277
hog_4078,0.0,0.0,0.0,0.0,0.0
hog_4079,0.0,0.0,0.0,0.0,0.0
hog_4080,0.010294393913313549,0.00010180367331624751,0.0,0.009243915646310663,0.0
hog_4081,0.03528136594034659,0.027762314958709844,0.013505998266593267,0.03535959336139127,0.04432502648977055
hog_4082,0.026374273310337815,0.015954302782394292,0.0,0.010170501825653933,0.003252159751061745
hog_4083,0.005270975420502255,0.0,0.0,0.006983307075959289,0.0
hog_4084,0.014005132504035123,0.021263526739582428,0.020134763108683895,0.0,0.0016822886499407996
hog_4085,0.0,0.0031815231776679553,0.0,0.0012074559429651188,0.0
hog_4086,0.00021779543715427785,0.016219879637906276,0.0,0.0,0.0
hog_4087,0.0,0.004898163524304611,0.0,0.01777576253424984,0.0
hog_4088,0.0,0.015146973912157469,0.03154168252230627,0.0,0.0
hog_4089,0.011394006378990351,0.011504213996419654,0.0,0.0,0.0
hog_4090,0.0225027203336865,0.006052812354760739,0.009220336430241671,0.0,0.0
hog_4091,0.01581326329837207,0.021200822554116927,0.003405775919909537,0.010064469610903348,0.02656202215756287
hog_4092,0.014025613639426115,0.01925459257611184,0.01606915982200796,0.0,0.0
hog_4093,0.014435921337680346,0.0287720710226802,0.04367653508563296,0.0,0.0
hog_4094,0.004621522367449504,0.0407579291771305,0.011531245132300638,0.019325037401539236,0.0017796186658631807
hog_4095,0.0,0.00018347248594619003,0.0,0.003272550429416432,0.0
hog_4096,0.014454583833503065,0.0,0.022975759023153408,0.0025354538525019787,0.0
hog_4097,0.0,0.0,0.0,0.0,0.011269593341630912
hog_4098,0.018725007198837407,0.01395626851450582,0.0,0.023705420527983412,0.006456804808385508
hog_4099,0.024215371170259514,0.0,0.0,0.0,0.0
hog_4100,0.008278564309787795,0.0,0.0,0.020301547799282282,0.003003669402125153
hog_4101,0.018987874437807584,0.02180846557758831,0.023530072290142146,0.0,0.0
hog_4102,0.029657540779224334,0.0,0.001943820457179779,0.0028101440753278695,0.0021967592983400674
hog_4103,0.0005142883787367936,0.013054447872021147,0.0,0.007209852603843991,0.0
hog_4104,0.019985394408514656,0.011248738700240679,0.017759369686318083,0.02607046299018978,0.020199190622206764
hog_4105,0.0,0.009654201685949992,0.035667195714686795,0.009227162533582023,6.349697534546728e-05
hog_4106,0.005430264898469872,0.0,0.009646828341108638,0.0,0.0
hog_4107,0.0,0.0,0.0,0.0,0.0
hog_4108,0.0,0.011255267758005338,0.0,0.0,3.146551474242365e-05
hog_4109,0.0235132900218884,0.0,0.024416151074295733,0.0,0.017867914415398367
hog_4110,0.0,0.0,0.0,0.0,0.0
hog_4111,0.018448241366911144,0.0,0.02315903527020824,0.0,0.0
hog_4112,0.02198819526835405,0.0,0.011710053543777077,0.00960211321315474,0.0008363560361579481
hog_4113,0.007183374228633133,0.010007941264071896,0.021611655302134825,0.0,0.0005026733743433986
hog_4114,0.016072849871515693,0.0,0.00841128001798852,0.015101781969755201,0.008555559320618578
hog_4115,0.02230685097487073,0.003336187461796536,0.03201445159901928,0.0,0.0007207003624665198
hog_4116,0.0025747705698648815,0.0,0.02808510623303717,0.039384841518867786,0.00956438148293337
hog_4117,0.0036922870261149043,0.024782336526256277,0.010134807988095629,0.017050628147744717,0.0
hog_4118,0.0,0.005514638188179655,0.011614023785119665,0.0,0.050959982866199294
hog_4119,0.0,0.020074138251086504,0.021601826978092653,0.0029391097058690807,0.0
hog_4120,0.0,0.008879523006203094,0.0,0.008304521094783412,0.0
hog_4121,0.02501411101973061,0.0008648897935450428,0.03527692242845415,0.009659845202865114,0.0
hog_4122,0.027665729593334465,0.0007903544432743548,0.024640639185897983,0.0,0.01770408059807216
hog_4123,0.0017424482224497329,0.0,0.014390053606976316,0.0,0.0
hog_4124,0.0,0.0,0.0,0.0,0.0
hog_4125,0.007999141431169754,0.0,0.007316142636577538,0.0,0.0
hog_4126,0.0,0.0,0.0036811525048767724,0.0036639566813723157,0.0
hog_4127,0.010495969537386518,0.0033092171211512866,0.03335631142507345,0.01251775251666154,0.0
hog_4128,0.004527211039520029,0.014711679985667692,0.008026711927932029,0.0,0.0
hog_4129,0.0017381880619122825,0.011178360772201579,0.021213446619047893,0.02200886559482118,0.0
hog_4130,0.03003637802753345,0.0028600684739916726,0.016653392514440757,0.0031516277542797955,0.029801950359551688
hog_4131,0.025907600350319582,0.0,0.009242923066570707,0.0,0.00250447214623839
hog_4132,0.01733704024606153,0.01440813439151567,0.03859020857869688,0.020183556362736832,0.008286536336777894
hog_4133,0.003592100854941771,0.006580217556811929,0.01708746811606532,0.0,0.0
hog_4134,0.03818230896692554,0.0,0.022427195965256663,0.035464282765063304,0.0
hog_4135,0.0,0.0,0.007269452689691036,0.0,0.0
hog_4136,0.02326316034538478,0.014079205332053535,0.02653253775307851,0.0,0.007265547249356574
hog_4137,0.007346962609789731,0.006043243550549082,0.0,0.0,0.0015022420001005177
hog_4138,0.004469551165478869,0.0,0.03441639623365944,0.0,0.0064471184063741305
hog_4139,0.02006652336185888,0.013502467352479286,0.013147105354454736,0.004717161762938904,0.0
hog_4140,0.0,0.02106364725398846,0.0,0.0008119401846746754,0.0
hog_4141,0.04076530869066097,0.018437628679309315,0.05556479109730672,0.029893479341712492,0.0
hog_4142,0.030275731417490848,0.0284941616554919,0.01595902829358864,0.0041959642104911765,0.0106729293409491
hog_4143,0.0,0.01190231007925835,0.0,0.011224203463651827,0.0
hog_4144,0.020273490102977965,0.0,0.029115613708279753,0.021000726908111167,0.017007905493414688
hog_4145,0.013460963299164908,0.006181719031067567,0.002844771053709394,0.0017409618861350395,0.018926248442482585
hog_4146,0.009579949434502355,0.013044941009835664,0.012796414880269724,0.01682725405160279,0.011026066152200364
hog_4147,0.03244336987362151,0.0,0.0,0.0025520489421080317,0.003836290494206862
hog_4148,0.022260102092671596,0.007556278489404988,0.01190371491270703,0.023520057921402326,0.02574901810902297
hog_4149,0.028276562568622543,0.019489788813651154,0.012921033331195764,0.0,0.0
hog_4150,0.033968807063587514,0.03733878631602372,0.02181124963328762,0.037983144894475185,0.04328304258787985
hog_4151,0.0,0.0,0.0,0.010473000301734148,0.0
hog_4152,0.0,0.028325868668133802,0.017833216609457248,0.0025684500975586833,0.0
hog_4153,0.004248943006904815,0.0033646090868568734,0.029114775197344622,0.00016144218489788642,0.0
hog_4154,0.0001878257715495213,0.014047041733575405,0.017217701851182543,0.01268300792074939,0.03350359569840111
hog_4155,0.0,0.012973275416380936,0.0037781196070616474,0.0,0.0025056158683574026
hog_4156,0.026386035644536898,0.0,0.01555714136195796,0.0,0.0
hog_4157,0.016394213085093368,0.0012816485908255792,0.021659268296694734,0.0,0.0
hog_4158,0.011635258228273493,0.017376732315795174,0.019324901365710412,0.010058368685684771,0.003240378891619544
hog_4159,0.01832643590250993,0.0,0.009239948160304268,0.010550980541493171,0.0
hog_4160,0.022528772931298846,0.01173680727143056,0.036145547343753304,0.0,0.0
hog_4161,0.0,0.0,0.0,0.0,0.0016013979340505635
hog_4162,0.016654066225067377,0.0,0.0,0.0,0.0
hog_4163,0.006393717038772673,0.023763387114967838,0.03240505000865568,0.019321647661549424,0.0
hog_4164,0.0,0.0,0.011567130717825558,0.0,0.0
hog_4165,0.01678014875133238,0.009688973185643324,0.02061921165478875,0.0,0.029013315029023934
hog_4166,0.03437854221174086,0.02746779049636716,0.053988295286891974,0.007701492295851375,0.02614418101638294
hog_4167,0.04772086505651729,0.019689588528854607,0.02880444961648143,0.02659884013358771,0.0432713458200118
hog_4168,0.01923789827550748,0.04022637630248438,0.053614539149725804,0.028795501815682023,0.026088131517850943
hog_4169,0.0,0.04577905672780136,0.014796087291713667,0.01749698114990128,0.00989051891174264
hog_4170,0.013306828544570104,0.026488946763591148,0.03051876465223824,0.0,0.0
hog_4171,0.016404529600516637,0.010143508875210427,0.048153272286110216,0.01921693865504781,0.004667697484220357
hog_4172,0.017241071895173654,0.0,0.043380410488909504,0.0,0.0
hog_4173,0.03324008119934274,0.0,0.023243271446135916,0.03088008326358449,0.0
hog_4174,0.034456169495678646,0.0,0.05133557036871772,0.014048733061560181,0.006895339646577847
hog_4175,0.016699034567421833,0.0,0.012942634974156597,0.0,0.0
hog_4176,0.004149576587796577,0.0,0.021699915839449968,0.0,0.0
hog_4177,0.003355688485229935,0.024991149095066056,0.031366032092490004,0.008582456205307842,0.0
hog_4178,0.031471569731653215,0.03289970288299382,0.019441215489860664,0.015367229508015168,0.0402597949729826
hog_4179,0.0,0.028361523955889867,0.04393207188409942,0.016159074423705677,0.0
hog_4180,0.00033114544836498894,0.01133924879531878,0.019188346672155854,0.0,0.0
hog_4181,0.019225404869514184,0.0,0.03657620325709776,0.008612274586623059,0.0
hog_4182,0.015119056473512416,0.0,0.027096630355629037,0.0,0.004456862786122118
hog_4183,0.020912469369761544,0.015243942132950883,0.02614724993207429,0.002014507784681152,0.031870047975699034
hog_4184,0.0,0.03476850079091309,0.024949874999702137,0.010149837601339584,0.0
hog_4185,0.04567325047679538,0.0,0.016015384232518137,0.0,0.01155570268630135
hog_4186,0.02164296639423191,0.002484044448413991,0.01883998009113519,0.0,0.02788806572521696
hog_4187,0.0,0.0,0.021947008596010287,0.0,0.0031853074711059026
hog_4188,0.007299175118980816,0.002502452902719776,0.0,0.0,0.0
hog_4189,0.0008961818504549246,0.035376983238148973,0.030414855870179336,0.0015229564147156704,0.007760711350605964
hog_4190,0.005053463697987315,0.013724473312267227,0.006280344057234544,0.0,0.010246190026342417
hog_4191,0.013793894801725548,0.0036908799844317386,0.02853934035160033,0.011172412861047087,0.009621025770663039
hog_4192,0.0,0.01958841081617324,0.009283367581390811,0.0,0.008074268081573743
hog_4193,0.004790736321427458,0.0,0.0,0.0,0.0
hog_4194,0.028153115773943194,0.010665573290014496,0.02052216802330964,0.0,0.0
hog_4195,0.02028219169851142,0.0,0.02789380554533749,0.0,0.008261885615705289
hog_4196,0.018451758615424918,0.0,0.021347089096102057,0.0,0.0
hog_4197,0.010910942033144133,0.008577288523386573,0.005882378966414192,0.009836308999339405,0.008184090055235016
hog_4198,0.00013653917125955317,0.015628928453834234,0.008935601324078002,0.0,0.016373550736299203
hog_4199,0.019768592047050948,0.027961861012102407,0.02984854304178719,0.0,0.016292978059737395
hog_4200,0.0189480677557321,0.025540592414394325,0.03165627297310869,0.01918641353630801,0.0
hog_4201,0.018921548327012427,0.03012456389036311,0.03429995923937468,0.013520028484468094,0.021359569692249725
hog_4202,0.0,0.0,0.004807158160128333,0.0,0.0
hog_4203,0.0018166932276226788,0.0034419114430526143,0.025440494840802685,0.0,0.020182883307967137
hog_4204,0.0013419531421945408,0.00021421803008436768,0.015711553638508846,0.007798124154182906,0.006873682952416971
hog_4205,0.019200299661393583,0.018881734206135148,0.024276507079506127,0.01686980634810098,0.014144775412066934
hog_4206,0.014155601459146183,0.009371719846600346,0.025817901111808483,0.017647762635511155,0.007040800929381419
hog_4207,0.01944515927942181,0.0029746900802098963,0.015103191539068472,0.007074024801676737,0.023977477067903985
hog_4208,0.0003060886599155488,0.0010328756941990758,0.023345110364842103,0.0,0.0
hog_4209,0.005449255081035442,0.0060414423684764795,0.01509457719052576,0.017008742220879558,0.0
hog_4210,0.0,0.010019138359324664,0.0,0.020407583692200193,0.028160844087267156
hog_4211,0.029734162099142702,0.009290921428748655,0.030610728124736974,0.0,0.0
hog_4212,0.007948330764093514,0.0,0.003182540867899375,0.0,0.005622975574477218
hog_4213,0.0008768762698312393,0.0,0.0004676957206477539,0.014852238818398922,0.0029148206341795824
hog_4214,0.029160956000208182,0.009167239725359488,0.010838058475353352,0.0,0.002200786404520594
hog_4215,0.0107992478070853,0.002623561429448973,0.0055979697625896385,0.0,0.0
hog_4216,0.0,0.0,0.02130420017141965,0.005046503527555313,0.002034915296692086
hog_4217,0.03232176679888665,0.01090589045954582,0.04036239561865762,0.01659060913139676,0.015379239442894432
hog_4218,0.022733408908650388,0.0,0.021557672461912425,0.002662570039885903,0.015139083318796098
hog_4219,0.0036048871619562828,0.018376658268417723,0.0008440159457074881,0.0,0.0
hog_4220,0.0,0.0,0.0,0.0,0.010462787028135079
hog_4221,0.011591275003759671,0.0,0.01877018638187744,0.0,0.01435642962043171
hog_4222,0.017780439098331158,0.0,0.010279024036986106,0.02339065767645576,0.0013043741537228648
hog_4223,0.023339622640002222,0.01579598470114374,0.0,0.0,0.0
hog_4224,0.0,0.0,0.00026920382849193736,0.0,0.0
hog_4225,0.01198829289645853,0.003866955425496643,0.011452676815328466,0.0,0.0009215490777656488
hog_4226,0.0,0.006783962405107147,0.033818896444512525,0.0,0.008128693187863245
hog_4227,0.024643196060690542,0.02229072622660322,0.0,0.023895961909853103,0.04338769023533895
hog_4228,0.02299352142270905,0.010933187163713942,0.03628959595606762,0.018881442752601396,0.0
hog_4229,0.0029582617151255874,0.017709804279091523,0.0039825044668528875,0.007493916258443534,0.0
hog_4230,0.014357262027590911,0.0012523329409672712,0.0,0.007881980210714179,0.0
hog_4231,0.00963372337592916,0.009579187794213961,0.006315767568084052,0.0054527910745789665,0.0
hog_4232,0.0,0.013186410721677255,0.0,0.013005311375930972,0.0
hog_4233,0.0,0.0015372848762400526,0.010211758456929454,0.0048429471632849275,0.0
hog_4234,0.011484196811224034,0.0,0.0,0.020020600518977583,0.0
hog_4235,0.03289040221296502,0.01510058662181013,0.031333428135915664,0.0009213267768466427,0.0
hog_4236,0.03201910718148793,0.016557241668919254,0.021193059289014826,0.004839621148791329,0.0037432993158621475
hog_4237,0.01869682134985906,0.017071370564758048,0.0008746659060203665,0.003637886885738517,0.0200139588226107
hog_4238,0.00023003082833583655,0.0,0.01673179331946284,0.0,0.0
hog_4239,0.02903792169146424,0.006458535560648571,0.03456747955077044,0.01175996652056166,0.022964949407011437
hog_4240,0.02120998846284361,0.02556648912960524,0.010161142021126057,0.0198079271629219,0.014472867876969664
hog_4241,0.013228850694277705,0.027789610202717085,0.022138458868664168,0.022189818584991583,0.009518166445114717
hog_4242,0.0,0.0,0.0,0.0,0.0
hog_4243,0.009718380668286564,0.0,0.012435233621635566,0.0,0.00014527283837151295
hog_4244,0.01864761921689939,0.0,0.0,0.01275367978383879,0.0
hog_4245,0.01647358260970977,0.0,0.004951180452459791,0.0,0.0
hog_4246,0.030649821758755413,0.008654623111114423,0.02390559735660691,0.01680298755519294,0.007709219454313798
hog_4247,0.013204393663228231,0.026781234662372144,0.01347580831346451,0.0020532364171594875,0.019695511333352345
hog_4248,0.02923952689168119,0.026835874325868536,0.00046921605315453085,0.002562419580471653,0.0
hog_4249,0.0,0.01703502143539226,0.006090373336530064,0.0,0.0
hog_4250,0.008317003141798063,0.024940900952670653,0.01744454335819623,0.028907494184246207,0.0
hog_4251,0.011206279554577758,0.014460686358091612,0.03547536539787721,0.013274387537864252,0.022443836732399136
hog_4252,0.043503041027692424,0.014393535007458214,0.0,0.0,0.0
hog_4253,0.005001872330088197,0.0,0.0,0.0,0.0022531785735093735
hog_4254,0.012491035058069588,0.022394402550218295,0.0,0.018478994438899665,0.029411750009536775
hog_4255,0.010569972887201962,0.015440218874492873,0.002638040215074522,0.00041835266056522435,0.0
hog_4256,0.012026192440293793,0.01542379355609902,0.010235922516074636,0.01699125227035414,0.02877418608782034
hog_4257,0.00657442996619606,0.005814284761322508,0.04087909240978349,0.003457280406550245,0.0
hog_4258,0.004778337092627982,0.007843144673585822,0.00558306394134811,0.01143225851428209,0.022474052689472668
hog_4259,0.0,0.0,0.01869145145427864,0.0,0.0
hog_4260,0.021031006283847464,0.0,0.0,0.0,0.0
hog_4261,0.0008253154011883534,0.018499114175544396,0.010970331842112824,0.008800298552497088,0.018919679235545717
hog_4262,0.0,0.0,0.011377552973619087,0.0,0.0
hog_4263,0.01686716665125787,0.0,0.010245969148364065,0.0,0.00631598828364055
hog_4264,0.0194316237999006,0.0,0.04750503702316555,0.0076420329060347125,0.020304375364803784
hog_4265,0.002767607193380872,0.038131087866597246,0.009331816847000463,0.0,0.0
hog_4266,0.0,0.0,0.012237614655634221,0.0,0.024702444337507012
hog_4267,0.020307874101425982,0.033633193011041396,0.02653730626228401,0.019759501799646806,0.012968528451805739
hog_4268,0.0078093174426872025,0.00026759320177016654,0.006664942132601492,0.02024503222056251,0.0
hog_4269,0.03286055703357316,0.029090067577822953,0.05656100791554031,0.0,0.004315469471803279
hog_4270,0.013383230190831652,0.0013128997659981323,0.0,0.0,0.0
hog_4271,0.014646459623047337,0.004028841781682946,0.007062804346895657,0.00901468147012241,0.024651280733953618
hog_4272,0.001217907676106078,0.008412657370855614,0.013099669961899929,0.0,0.0
hog_4273,0.006161562915468544,0.0,0.0,0.0,0.0017747987017471267
hog_4274,0.0,0.016091744632677374,0.003993161065094952,0.024060533799982187,0.005768065044291948
hog_4275,0.005033348280025107,0.0143044155739529,0.02011796132564836,0.0,0.0
hog_4276,0.029656498039867696,0.0069179628292863615,0.0104300554423713,0.0,0.0
hog_4277,0.0,0.0,0.0,0.0,0.0
hog_4278,0.026365514795877232,0.014422228521577152,0.02657185707852694,0.01372400612364344,0.0048153090275642185
hog_4279,0.021616153896444334,0.004495893515424232,0.023968610958584602,0.015033266060135775,0.0
hog_4280,0.0,0.019390411200120417,0.003019623805401661,0.022738958914200413,0.009321130608635597
hog_4281,0.017377078075913044,0.024744113977390958,0.01929055358516285,0.0,0.019032490167027794
hog_4282,0.0,0.0,0.0,0.0,0.002261696476591357
hog_4283,0.0003656824811881787,0.004070148533343199,0.023718227534757386,0.009105139856274258,0.0
hog_4284,0.0063292024508860845,0.0026398240533795914,0.0,0.02755782731237555,0.00026397656986398843
hog_4285,0.009332331422233331,0.0,0.019511157085426944,0.004884781987019249,0.0
hog_4286,0.0,0.0,0.0,0.0,0.0
hog_4287,0.0,0.006365135656980492,0.019044820312250188,0.025429745183775054,0.026910994694022028
hog_4288,0.014846555813682771,0.004717813120740155,0.020010938973153092,0.0,0.0
hog_4289,0.0,0.010271023823497538,0.0018531653676994164,0.0,0.0
hog_4290,0.03365090702427742,0.01690067604860679,0.02490527374018603,0.026362963190750932,0.002604842039011901
hog_4291,0.003586701623570887,0.017077672001877042,0.0,0.0,0.0024726611071987925
hog_4292,0.004820484506893541,0.0,0.02590147248192043,0.0,0.01635616315312216
hog_4293,0.015106495010044352,0.0,0.03300646262314322,0.021561453387851648,0.0
hog_4294,0.02457527334714671,0.0,0.003040393226270144,0.0,0.0
hog_4295,0.0,0.0,0.007750616223271445,0.0,0.0
hog_4296,0.02622843038752154,0.0,0.0,0.02193100869448572,0.018175699752726926
hog_4297,0.0,0.013116613345958372,0.0,0.0,0.0
hog_4298,0.01788972737472516,0.012605836191273756,0.021373844851614088,0.005175363127922328,0.005859344743357253
hog_4299,0.0,0.0,0.0,0.0,0.0021716405678642303
hog_4300,0.0,0.022381191475654427,0.017055717463205555,0.0,0.0
hog_4301,0.011554368455056307,0.010017094235928115,0.004746695721044247,0.005730811686778026,0.0
hog_4302,0.0,0.0238954592577727,0.015146516631501017,0.02044545199921144,0.0
hog_4303,0.027534716191167874,0.014677867766601516,0.02245586508349562,0.020859090270938907,0.0
hog_4304,0.009264474806976342,0.0,0.007025791328278963,0.0402182950542509,0.004693103115587238
hog_4305,0.004865225504752768,0.01597246152270304,0.012172381214232919,0.0,0.02713101907911386
hog_4306,0.04856184015386322,0.004001064135076726,0.009057421924634657,0.0,0.0
hog_4307,0.0,0.015712100603859858,0.0,0.0,0.0
hog_4308,0.0069484660707928025,0.0,0.0,0.0,0.0016942216719841863
hog_4309,0.015349168644945621,0.021734665224113492,0.0,0.002786694791768074,0.0
hog_4310,0.003139170936655278,0.010199259268546479,0.0,0.0007351229438534723,0.003951679360770566
hog_4311,0.013589485386444222,0.005278951037445134,0.02182211270857426,0.017461507189276526,0.0
hog_4312,0.0,0.0,0.0,0.0,0.0
hog_4313,0.04753278759537838,0.035290968154898295,0.02297244775718199,0.007937735977473048,0.0
hog_4314,0.0,0.0009030170782584612,0.0067260089007390444,0.0,0.0
hog_4315,0.00028679266016951033,0.0038956381160615283,0.0,0.010351579064241667,0.023096314851913435
hog_4316,0.0,0.0,0.0003358639064234836,0.015243678351969159,0.0
hog_4317,0.0,0.015291865313234121,0.0,0.0,0.0
hog_4318,0.0036599086069530884,0.0,0.014333538873683827,0.006576641204482314,0.007470746734223654
hog_4319,0.017156978890256136,0.023578793045926805,0.01647864148594702,0.017353378472816372,0.0063796002668954355
hog_4320,0.016238764263388328,0.0,0.004974371677483935,0.007292833950750532,0.009134080045403614
hog_4321,0.003080417977429306,0.0,0.0,0.0,0.014247293432631647
hog_4322,0.004168333985907102,0.0,0.0,0.006303946025012053,0.0
hog_4323,0.0,0.0,0.012222077482140214,0.0002988156074603676,0.0
hog_4324,0.015300040966484962,0.012118558874813834,0.0,0.0,0.01264244048456753
hog_4325,0.009511218755138495,0.0,0.0,0.011156688258268987,0.011491744794225323
hog_4326,0.0080460828564346,0.014729907464366088,0.0,0.0,0.0
hog_4327,0.010817305873477956,0.0,0.0012025260518884195,0.0,0.0
hog_4328,0.0195687918088967,0.018413238808957955,0.016698982539955498,0.006341700054362853,0.0
hog_4329,0.0,0.0,0.029246697299702973,0.009721337165617516,0.02541506133360638
hog_4330,0.0036305688361411015,0.0009781982288072921,0.03240262872361588,0.015632992056533235,0.0
hog_4331,0.00457388490091204,0.008752637423421472,0.0,0.0,0.0
hog_4332,0.0,0.0,0.017237850549280287,0.0,0.0
hog_4333,0.01749251687876141,0.013089587219135224,0.0,0.02438534947800175,0.0
hog_4334,0.0,0.0,0.0,0.0,0.0
hog_4335,0.04214567534494518,0.010676705875333203,0.004952782583927284,0.007865422834788749,0.0
hog_4336,0.0,0.016217354370806403,0.0,0.0,0.0
hog_4337,0.01750029450367463,0.0,0.013125428570766262,0.0042262043076959355,0.02343571838722025
hog_4338,0.008867092506827712,0.0,0.0,0.0,0.011198360354155668
hog_4339,0.022347717481729923,0.025931826042342454,0.028529773637525624,0.011406436030338307,0.039166294854403816
hog_4340,0.008357111988366972,0.0,0.01892716473205791,0.0,0.00173447976239971
hog_4341,0.010754860423405566,0.0029049115131887238,0.011676849085297647,0.03052145718448762,0.0
hog_4342,0.0163473390761657,0.019865001274617766,0.018983570832394214,0.008786250426959352,0.0
hog_4343,0.003565955578250346,0.0,0.0,0.016646637627171,0.0
hog_4344,0.010766286249563217,0.007414180401396742,0.0026799736359397475,0.00015255598181540542,0.0
hog_4345,0.01677975117193875,0.0,0.013633999705736422,0.0,0.024568322599006986
hog_4346,0.02490895061886289,0.0010394546981316033,0.005521927433776108,0.006860028452155387,0.016527454790406404
hog_4347,0.0,0.0,0.0023720118731462847,0.0,0.0
hog_4348,0.012834733767203899,0.0,0.03292437333346454,0.021246069363275222,0.0
hog_4349,0.0,0.0,0.0,0.0,0.02225359950697281
hog_4350,0.0,0.0,0.007320372919196183,0.0039096856010840675,0.025937594283266474
hog_4351,0.01006690457304904,0.007857097826463821,0.013991843809417093,0.004501022495460472,0.010682431612137222
hog_4352,0.010248203142194656,0.0,0.020904375098109718,0.0,0.015140241907001029
hog_4353,0.0,0.019288230356460545,0.0053481447388332715,0.00015905705252339253,0.0
hog_4354,0.022643681986873165,0.015023220850787222,0.006507436458420113,0.0,0.009172710445115806
hog_4355,0.0,0.0,0.0,0.016800200397973475,0.0
hog_4356,0.0,0.007903921315244533,0.00640806262794702,0.0,0.006640000464270379
hog_4357,0.005743259296894232,0.0,0.029682531214915597,0.0,0.0
hog_4358,0.015201108255288753,0.02536696004294159,0.0,0.0,0.014120713504608418
hog_4359,0.018656921344387678,0.023603847356695518,0.005454031267672299,0.007023940684635299,0.0047250244114334095
hog_4360,0.0,0.0,0.0,0.029306688934530145,0.0
hog_4361,0.01077989367388521,0.0,0.018760040642346265,0.021635253227380025,0.014397750781763197
hog_4362,0.03495715344725858,0.015401167205334243,0.01995025543747153,0.0035680529352586365,0.029004428407880534
hog_4363,0.0,0.011243312943107986,0.0,0.0,0.02441246981040024
hog_4364,0.008265155188164508,0.008581952507324964,0.0,0.015506009353257078,0.0
hog_4365,0.03052642057008348,0.0,0.027485733536513957,0.0010229778148227453,0.0
hog_4366,0.02482461027674132,0.0,0.008642898908490348,0.0,0.008088736319795231
hog_4367,0.011508284826383663,0.011570666640997151,0.0209363763035888,0.0,0.01522150769757702
hog_4368,0.02974953514352663,0.0027344421016479714,0.024090006180426338,0.0030881409821326145,0.0
hog_4369,0.0028255361587345984,0.0,0.007976665293278895,0.001018701575128178,0.0
hog_4370,0.017786912647435704,0.0,0.03862849789750311,0.004204761309106297,0.0
hog_4371,0.008911259363286739,0.0038529713898201035,0.0012796223041422472,0.008761875457213186,0.0072672843544083765
hog_4372,0.020783937921889706,0.005477668072566111,0.026996715050792153,0.024091063969969406,0.009328810035301505
hog_4373,0.029892098088223573,0.01481649895114745,0.022213825283986077,0.0,0.0
hog_4374,0.014165019868885409,0.03657580214508238,0.0009774491867049484,0.0,0.008079489430019793
hog_4375,0.04041636809174087,0.0012516813108511826,0.01788631917869643,0.0012655655987710013,0.0
hog_4376,0.025080188748208387,0.007523982917974292,0.01205980919487204,0.025727983413860622,0.020307870384904447
hog_4377,0.003290726095431795,0.00031475365517374954,0.0,0.0,0.022383479547567253
hog_4378,0.024049280448807275,0.01723747750870097,0.011673687617974826,0.011174865765285924,0.010447043240588316
hog_4379,0.0,0.004973660487137321,0.0,0.0,0.0
hog_4380,0.0,0.021150687188199235,0.0034243083016243236,0.008581345329722323,0.019118364988984782
hog_4381,0.0,0.0,0.0,0.0003520696450893812,0.0
hog_4382,0.0009769363604235082,0.022641910625188055,0.015729607533788048,0.004211336253830966,0.0
hog_4383,0.03267941836307009,0.0027690169018474986,0.019910473882597257,0.0036415604122588263,0.010971306923334145
hog_4384,0.012331632468409293,0.003978669196853524,0.008710207373251455,0.01169286627669397,0.0
hog_4385,0.010690473800458067,0.007783776083492233,0.0,0.01095378949969783,0.021207106321457836
hog_4386,0.0012962582371316422,0.0,0.0,0.0,0.0
hog_4387,0.009522985869570677,0.0,0.0016311781362654543,0.0,0.0
hog_4388,0.0018326562707653427,0.0,0.0,0.0,0.0
hog_4389,0.019710466264640347,0.0,0.027522948996247187,0.03285402613864252,0.009737696054744172
hog_4390,0.02227334768350997,0.007292445921351254,0.04182572805071261,0.012207737995118872,0.00669425337172691
hog_4391,0.020979965678164625,0.0,0.0009403979442965671,0.008105797811764237,0.0
hog_4392,0.0,0.0010840583904709877,0.0,0.0,0.0017847713679699506
hog_4393,0.005377154926871075,0.0,0.027252700492294002,0.0,0.0
hog_4394,0.0,0.0,0.0,0.0,0.0
hog_4395,0.010330404019570638,0.016891530145428657,0.0,0.0016538457459727152,0.007108567115872599
hog_4396,0.02858195048605916,0.0,0.01098008594945199,0.001487183655728641,0.02332648284154204
hog_4397,0.011785400100630783,0.003630486052444981,0.0,0.0,0.0009821117260242485
hog_4398,0.03609663784420247,0.027446598161624314,0.0397205167808754,0.03367210287860134,0.02875478475211124
hog_4399,0.030141329951668183,0.012191124687269683,0.018106506029660352,0.0,0.0
hog_4400,0.00416937539820883,0.0,0.009461699131315227,0.0,0.0
hog_4401,0.0,0.007934412022599702,0.029541129228713325,0.022976382700731213,0.0
hog_4402,0.0,0.0,0.0,0.01563565175508952,0.011616465336349524
hog_4403,0.04080892948493853,0.00693356373211218,0.025760645056512654,0.0139111614782097,0.011757431760798465
hog_4404,0.024742659737201578,0.0,0.01608689914384409,0.0,0.002942783888246092
hog_4405,0.017265243004698227,0.0,0.015535210373930575,0.023865088488990827,0.007528415125006127
hog_4406,0.022820478939398647,0.010823042489355394,0.012526387327167932,0.002901624232597433,0.0023174076834455715
hog_4407,0.01633376032927658,0.012089136776720633,0.0,0.004373664369809349,0.0
hog_4408,0.024166430858382215,0.012002245050793503,0.000860993095465723,0.0,0.0
hog_4409,0.02235154634004166,0.019593426647496415,0.0007347244870270497,0.006510712225081816,0.003986255035445918
hog_4410,0.026019243471388398,0.005574296574905713,0.029498719012831742,0.0007022737564543746,0.0
hog_4411,0.011615337354792477,0.00017728659084204068,0.0010451846882160165,0.001694612635479098,0.0
hog_4412,0.0,0.0,0.03661404436964988,0.0,0.01167613409021473
hog_4413,0.0,0.0012026646179270628,0.007598063851568471,0.0,0.0011614627496505658
hog_4414,0.016684866040392654,0.0,0.0,0.007834880732811245,0.0
hog_4415,0.03611783803915425,0.017157146643837606,0.0,0.0,0.0
hog_4416,0.006704814817044991,0.0,0.0029415334839313356,0.0,0.0
hog_4417,0.020271504928357498,0.01810160200465316,0.0016036652716850952,0.0,0.0
hog_4418,0.038715020905368824,0.011204406884119722,0.000636309671458335,0.01567309286789831,0.0
hog_4419,0.00395187192951707,0.0,0.005694275583408848,0.0,0.0014904219848597133
hog_4420,0.02497532662016222,0.0,0.0,0.0,0.008187840481917563
hog_4421,0.004859685409926762,0.0,0.009898867458037586,0.004356973107056961,0.003420602147189644
hog_4422,0.005758893869534543,0.028944432327802083,0.0,0.016333540686303216,0.0029950194532180063
hog_4423,0.013187741792736407,0.0034311238920796683,0.0,0.0,0.0
hog_4424,0.0,0.0,0.019927263431811726,0.003412965934196377,0.0
hog_4425,0.0051459944457175055,0.013017690599181897,0.0,0.01521824619484069,0.046589033418299675
hog_4426,0.0,0.0016773074562916879,0.012568379395434315,0.02686476055064424,0.020779425027801723
hog_4427,0.00367497937424921,0.0,0.0,0.0,0.0
hog_4428,0.020426531485708388,0.013778423796890094,0.019931657599152164,0.013958184968779985,0.002371266965625951
hog_4429,0.0006795067096587726,0.0,0.0,0.0,0.0
hog_4430,0.011778244155041806,0.02366343558592665,0.03473624267715647,0.0,0.0
hog_4431,0.02540189448393182,0.013856464555734416,0.02738147836370519,0.0005247162095427527,0.0
hog_4432,0.013400018811874359,0.012038434640223139,0.04190095537817906,0.00838886099333025,0.024055295982244207
hog_4433,0.0036160228654709137,0.01018131424548785,0.03819366823838144,0.0,0.00798097843471246
hog_4434,0.012153027591143672,0.0,0.014205121447334212,0.004858606525575793,0.0
hog_4435,0.0,0.0,0.005868358551015973,0.0,0.0
hog_4436,0.0,0.01393324243969185,0.023928240999318673,0.0,0.0
hog_4437,0.006976256834533734,0.032670922667067614,0.00377779446590365,0.001505829080098886,0.0
hog_4438,0.009493272638984918,0.05025361825987318,0.04019085240853215,0.026650728458848194,0.007353783573667894
hog_4439,0.020155040982178907,0.0,0.008202982458691999,0.007657046598452233,0.0
hog_4440,0.01587303925088035,0.0012178871259278523,0.0,0.0,0.0019594463707766074
hog_4441,0.017508372161955554,0.010227170621715187,0.00528854571156212,0.0,0.007146306371187183
hog_4442,0.0,0.0,0.009194439972360247,0.0,0.0
hog_4443,0.01226373473361897,0.003178139904195243,0.024752913243017982,0.020047364667465928,0.02108608229152331
hog_4444,0.017973978805484014,0.025279787381368157,0.0525344877538334,0.00691787028061186,0.02769908692396772
hog_4445,0.008582218493673244,0.0,0.01450337354246134,0.01881294941166911,0.0
hog_4446,0.0,0.0,0.0,0.0,0.0
hog_4447,0.010505583502785631,0.0,0.0,0.0,0.0
hog_4448,0.007985329844795608,0.0,0.013747203036394762,0.0,0.011044325422691958
hog_4449,0.0,0.002481973747572086,0.0,0.0,0.0
hog_4450,0.028444936967763734,0.011649008530139282,0.03449731038461912,0.007271285466616151,0.004627614653302414
hog_4451,0.005918062432064497,0.0,0.0,0.019205680218106647,0.0
hog_4452,0.00013483648142775806,0.013045787137914155,0.01015510143472853,0.01161945484263538,0.031254766898233255
hog_4453,0.011034024952162325,0.0,0.0025089390408050694,0.0,0.0018076382507365985
hog_4454,0.008888695251042744,0.0,0.006191842471469533,0.009700205752679159,0.0
hog_4455,0.017090539094334112,0.035483196469362266,0.030862572563438606,0.009305939071647895,0.007237212906939794
hog_4456,0.0,0.0,0.009863280762925086,0.0,0.0
hog_4457,0.033112569840857864,0.008248751700778767,0.01900912412357947,0.0,0.018026065671238767
hog_4458,0.003315831198661856,0.0,0.013156753151833955,0.0038200079567778378,0.0
hog_4459,0.01004457722258989,0.0,0.019299766895839898,0.0,0.0
hog_4460,0.00026971657442920183,0.0,0.0,0.003830709061228843,0.0
hog_4461,0.005244223077435217,0.0,0.0173775537169234,0.0,0.0
hog_4462,0.0,0.0,0.0,0.0,0.004339591300021706
hog_4463,0.0,0.0,0.0,0.010247810429748316,0.003261237974425679
hog_4464,0.0,0.0,0.023692514525194497,0.017628416027403837,0.02253953903844108
hog_4465,0.040289796022203506,0.012457264708944926,0.016747340215115036,0.014884266144419511,0.016637075926156708
hog_4466,0.012398794696292681,0.0,0.005270118415173997,0.0,0.0
hog_4467,0.0034169895961699837,0.0023934823640230363,0.005130673102789585,0.01141840446864606,0.0
hog_4468,0.021737254379131432,0.0347545571738217,0.020164595271829233,0.0,0.018365404276727615
hog_4469,0.01038337238344278,0.0036146840969246696,0.0070995664076725085,0.004429113632847592,0.013130283859096537
hog_4470,0.003207162040899325,0.0,0.0,0.014084391482853897,0.0
hog_4471,0.02148646141170274,0.004832153418109053,0.003916873411339061,0.02285889988301215,0.02358311324720086
hog_4472,0.0,0.00917886872136342,0.01024122127479421,0.0,0.0
hog_4473,0.06028181798673393,0.016424738572033304,0.044114885814680926,0.0,0.015994689309505317
hog_4474,0.042730403209223056,0.0,0.03623105319701203,0.024123764584720098,0.0
hog_4475,0.019191811072423404,0.010698786784742564,0.012435419957825156,0.018207467432348023,0.0
hog_4476,0.004582669519071603,0.00045692386824724984,0.04386710628789059,0.0,0.0
hog_4477,0.0,0.0,0.0,0.0,0.005052844185674754
hog_4478,0.0,0.009197126765854602,0.024187515124664216,0.0099399226113428,0.0
hog_4479,0.0,0.023051456256254488,0.032370664524766335,0.0,0.02819672003438245
hog_4480,0.012226329943567649,0.0,0.028396841239577864,0.005451792955159185,0.011761377467868872
hog_4481,0.005454043928392549,0.0,0.0038087580459744697,0.0,0.00400747710236149
hog_4482,0.02158055098517786,0.0,0.03643422373341476,0.0378159339058286,0.00017726465607759145
hog_4483,0.020882245258918575,0.0005572182837989548,0.02253783366514961,0.000984988678087273,0.009263987432539311
hog_4484,0.003305817582342385,0.005830763419096385,0.0,0.0011262889527978714,0.0
hog_4485,0.026108661763288632,0.04179010868933175,0.029063936296577664,0.05356632169206188,0.018215279468646095
hog_4486,0.03355771329108781,0.0,0.027548816715129654,0.018085766124847025,0.0
hog_4487,0.0,0.004324195864458202,0.0,0.012487476765396854,0.0
hog_4488,0.012255428219687392,0.0036039025023582028,0.0008710087912608966,0.011803026557574592,0.0
hog_4489,0.0,0.03557363301279959,0.024584428818362536,0.0,0.0
hog_4490,0.013609122339649282,0.005853334617861972,0.015730651657731354,0.03878872934684896,0.0
hog_4491,0.022674999326868894,0.03682931025455849,0.0,0.0,0.0
hog_4492,0.0,0.0,0.0,0.0,0.0
hog_4493,0.014175819934832301,0.011394867100840145,0.009586783800503706,0.0,0.0
hog_4494,0.0,0.0,0.029179928896537533,0.0,0.0
hog_4495,0.0,0.007987572092449158,0.02087015335461917,0.0020679273168293655,0.028978217073758028
hog_4496,0.013620384036696631,0.011705821756595292,0.021614661039916383,0.0,0.0
hog_4497,0.028713555322509743,0.0021851166750901374,0.023591605771311697,0.03196316476787042,0.02923153095758657
hog_4498,0.0,0.0,0.025623185281212546,0.0,0.0
hog_4499,0.017179623801950372,0.015490320895473308,0.0116897530859974,0.019080574979562837,0.0
hog_4500,0.041427283752631494,0.015476702141322018,0.0,0.0,0.003021042901641513
hog_4501,0.010527666763307186,0.002103471764795195,0.004670933976185676,0.0,0.0
hog_4502,0.0022343500067290023,0.0,0.0,0.0,0.0
hog_4503,0.000788020977837034,0.0,0.0,0.0,0.030058594975439945
hog_4504,0.020407497847839018,0.017206933531203283,0.01208663876411209,0.012898605362339222,0.01303478550532633
hog_4505,0.016726300572891706,0.0,0.031143260578184506,0.007908198249150455,0.013582239592316414
hog_4506,0.0,0.007373342169250785,0.0,0.0,0.0
hog_4507,0.025369775245916548,0.004865898195157481,0.009102305183375625,0.0,0.01022288638133495
hog_4508,0.021181460627344162,0.0,0.02362715692359063,0.020522655306563165,0.009242381455465631
hog_4509,0.025496350754202313,0.010110279811347045,0.008808875881569866,0.011543804861903428,0.017507890015195482
hog_4510,0.012304418858606336,0.0,0.0,0.0,0.01159761637776846
hog_4511,0.027987072110988276,0.004022198156100165,0.02579230621926154,0.0015114348334723804,0.024714160052347722
hog_4512,0.018965816007792347,0.014074732753394992,0.013994311215377309,0.0001244438482670418,0.02171756674719383
hog_4513,0.0,0.006356222253102395,0.005035134872161784,0.008941112415461028,0.0
hog_4514,0.008029101743353806,0.028597773936604787,0.030752310306622066,0.01736212130024417,0.04510786665089328
hog_4515,0.0,0.0,0.0,0.0,0.0
hog_4516,0.013426716607604083,0.010955338381333668,0.011814156174278612,0.0,0.0
hog_4517,0.0,0.0,0.016768500164205502,0.0,0.0
hog_4518,0.026231938750502337,0.0,0.017389079344534153,0.01938367012036135,0.02852841940456763
hog_4519,0.004372155097685626,0.0,0.013615407412366443,0.0,0.015309609352636144
hog_4520,0.015154116920876426,0.0069674690099637004,0.011614948450918039,0.019325422680942506,0.0030513866970851566
hog_4521,0.0,0.009820712725864711,0.006194778159147818,0.0007284458657410564,0.0
hog_4522,0.020761663775036965,0.005735055171989467,0.01028343168582646,0.0,0.014039648697689477
hog_4523,0.017397350752870633,0.010115381967626291,0.0028565106160551856,0.0033247687043169716,0.0019876962879379345
hog_4524,0.008942195672190234,0.0,0.0,0.0,0.002793222606856993
hog_4525,0.02141424619111576,0.0,0.0,0.0,0.01794624322575955
hog_4526,0.0,0.0,0.0,0.0,0.0
hog_4527,0.028050065820771186,0.0,0.020740895722079156,0.03291252768724884,0.0
hog_4528,0.0,0.0,0.0035695633580081765,0.0,0.0
hog_4529,0.0,0.0,0.01282271788859135,0.0,0.0
hog_4530,0.015643840285178623,0.0,0.007667307366051812,0.0,0.0
hog_4531,0.0258759896574412,0.0026175437826954084,0.00492658694951098,0.0,0.01662016662747212
hog_4532,0.009226984232596713,0.004760464704745004,0.0054045345413042956,0.0,0.008292284249978188
hog_4533,0.020441959372556884,0.011632429035349112,0.02345133633598495,0.012847461342438082,0.0020116319257128534
hog_4534,0.015545924979058157,0.0,0.02715323810198278,0.0,0.004051189590270399
hog_4535,0.014156727108768141,0.0,0.007247795279641034,0.0,0.0
hog_4536,0.0,0.0,0.0,0.0,0.0
hog_4537,0.015114618297233484,0.010438454873177738,0.0,0.004352816889147126,0.0
hog_4538,0.05272547942393402,0.03341311232792621,0.02888463354937776,0.012799077367176004,0.021752631253765475
hog_4539,0.0,0.0,0.010172568633544987,0.0,0.007959397832774773
hog_4540,0.0,0.0050113797023843,0.015944072583088387,0.0,0.0
hog_4541,0.0,0.00875282191860971,0.00971798142278657,0.0,0.006739558644185628
hog_4542,0.01429346431193057,0.011968032172291476,0.0,0.00664738060163983,0.0
hog_4543,0.0,0.007459529762003481,0.007783765536088616,0.0,0.0
hog_4544,0.0,0.0,0.0,0.011351049311486783,0.010427217711308945
hog_4545,0.010019015589366909,0.0,0.0,0.0,0.01081050762861313
hog_4546,0.01894351301608288,0.01917808898056239,0.022082403770519843,0.0,0.000942802077339655
hog_4547,0.02762676361471983,0.0,0.020467453283976367,0.0,0.0009078262571746709
hog_4548,0.01783872645816431,0.006428734795415281,0.0047391343614338055,0.0,0.0
hog_4549,0.02677389825355503,0.0,0.0,0.007092914365844916,0.0
hog_4550,0.02799238444325769,0.013792488993880525,0.007505915395449536,0.024145850633592092,0.014814732842652889
hog_4551,0.003228632623826444,0.0,0.01218066637388282,0.0,0.0
hog_4552,0.010373667477066029,0.0,0.013819132242272936,0.0075131089780104965,0.0011554465156655702
hog_4553,0.009411628875480194,0.017272725509416498,0.007811542638065383,0.015765609478272102,0.000737155934849909
hog_4554,0.0,0.025869401328560526,0.030670135259173836,0.025541061107058782,0.023171410250151236
hog_4555,0.007162463747369063,0.0,0.0,0.0,0.0
hog_4556,0.015003078350727117,0.004963115673532803,0.03041570007135208,0.024853266850600297,0.031249851689142405
hog_4557,0.0,0.0,0.0,0.0,0.0
hog_4558,0.008183749545559227,0.00396979594598279,0.007923840620332578,0.006601938838104449,0.001577765197203096
hog_4559,0.016745325684623502,0.003962078552498749,0.027007195093164515,0.0,0.01174499256309125
hog_4560,0.03836233296457725,0.0,0.0017431871735631432,0.0154547912407208,0.011210489134680257
hog_4561,0.0108776501399388,0.006675094430699913,0.0,0.0,0.0
hog_4562,0.006804317939512083,0.008797980773925795,0.0,0.020816463191429824,0.011008732951437672
hog_4563,0.0,0.007999833315181615,0.0,0.006121334227379149,0.0
hog_4564,0.03202866888250244,0.013126304066652272,0.04152877920297704,0.009024053663055698,0.03361261898428891
hog_4565,0.0,0.02088952165969471,0.0011349397008062478,0.0,0.005537512047574911
hog_4566,0.01722379795931417,0.03243073786937223,0.009090573297071636,0.027439479378749798,0.011686157732999192
hog_4567,0.03259371906029451,0.010078057068030555,0.0,0.0,0.002728783170181659
hog_4568,0.022705109710182914,0.008060558707964072,0.0057237295998637805,0.009429529008788462,0.02840351358099391
hog_4569,0.0,0.02745881458665589,0.0,0.0,0.009064965642649359
hog_4570,0.04675269449216368,0.0009778504789847986,0.04212358783861414,0.01531121975326788,0.019193612526810844
hog_4571,0.0,0.0,0.0,0.015289511132695388,0.0
hog_4572,0.0005634087699002421,0.0,0.0,0.0,0.0
hog_4573,0.009315914579916651,0.0,0.005911659874108244,0.0,0.0
hog_4574,0.0050612861434136125,0.0,0.01118212154050946,0.0003629519846219953,0.0
hog_4575,0.02925849344712783,0.0024980238892580164,0.015625268303923523,0.004148532815377859,0.0
hog_4576,0.022605306749954757,0.0,0.006830565107959874,0.0,0.0046929283508585495
hog_4577,0.013824909868468627,0.03353342051171504,0.0,0.0,0.0054460662173103636
hog_4578,0.0,0.0,0.028706515900803087,0.0,0.0
hog_4579,0.013289951183424353,0.0,0.004661158168042467,0.01860176921897483,0.0
hog_4580,0.03157313501348313,0.0,0.0,0.013239806907826779,0.0
hog_4581,0.005307820508908101,0.0,0.0,0.0,0.0
hog_4582,0.0030594070426912534,0.0,0.017682515007966693,0.0,0.0
hog_4583,0.004207674969969988,0.001827032299148934,0.013148292444063125,0.012550474283751445,0.0055566554858359485
hog_4584,0.023386228549265864,0.0,0.012960785936323216,0.0,0.0
hog_4585,0.022155345879825816,0.0,0.0,0.0,0.0
hog_4586,0.036128160664401276,0.024864892168436903,0.035030451665100104,0.018771508589082053,0.006006682014512599
hog_4587,0.017086657492466184,0.01287028828447978,0.014014642555955303,0.0,0.0002799530216337498
hog_4588,0.006994763692865558,0.0020417295562564775,0.01173412348643943,0.00862725974735401,0.0
hog_4589,0.008067093604571252,0.0,0.009357164164648157,0.0,0.007495346754884391
hog_4590,0.037803760368458894,0.015981908556178315,0.011537399382491653,0.0071353809445509064,0.0
hog_4591,0.008698921808387716,0.0,0.0008676256098381074,0.023454160131633817,0.0
hog_4592,0.008240184117507043,0.0,0.0,0.0,0.0
hog_4593,0.022562815147803894,0.013044847314370722,0.02257677362924726,0.010129746085712377,0.013766346797031037
hog_4594,0.010232318456673939,0.0,0.0,0.008103531101804506,0.0
hog_4595,0.0,0.01284702022316142,0.0,0.009008223758832923,0.0
hog_4596,0.0,0.01938070911124279,0.01776225404974552,0.009896303932627415,0.0
hog_4597,0.0,0.015547162488692257,0.0,0.009616986786188386,0.007000034959297574
hog_4598,0.0,0.004436425269623845,0.0005499082157098822,0.0,0.005833658259556174
hog_4599,0.0,0.01605215857680964,0.0,0.0,0.0
hog_4600,0.0022988028301438312,0.0,0.01978886935136903,0.0,0.0
hog_4601,0.027463130852998008,0.0,0.00702401437455169,0.005853863602765852,0.004581401820850317
hog_4602,0.02714915418056485,0.0,0.005457203573890901,0.0001541677133378716,0.0
hog_4603,0.0,0.0029151514045999694,0.0,0.0,0.0052641210040944575
hog_4604,0.012440472678214132,0.0,0.015403621222011,0.0,0.0
hog_4605,0.0,0.0,0.010976222788281476,0.0,0.0
hog_4606,0.0,0.002889614310391364,0.03399320475052403,0.0,0.012567287827350615
hog_4607,0.0334851189875458,0.0,0.01836671799614864,0.0,0.0
hog_4608,0.0,0.022032360715480204,0.0,0.0,0.0034139747684440724
hog_4609,0.0,0.005715660759212815,0.028193962014845697,0.0,0.0
hog_4610,0.0032329382313289745,0.007259517356108525,0.023154428132190485,0.0071752870776888855,0.0015405293675565535
hog_4611,0.007052793004301838,0.015254721924870207,0.013612047496599278,0.0,0.0
hog_4612,0.0001730649866993339,0.007984034930436978,0.02177063583321992,0.0,0.023476039294137996
hog_4613,0.0,0.0,0.01050884537372232,0.0,0.00397898675808861
hog_4614,0.00039006648718298287,0.003938468001051909,0.0,0.01365349540187255,0.005325857382795229
hog_4615,0.0,0.0,0.0,0.0,0.0
hog_4616,0.02668459876514362,0.017476158538099806,0.0,0.0,0.008023702327883075
hog_4617,0.0,0.0,0.0211934394826514,0.0,0.0
hog_4618,0.00821063006563838,0.003818274625945639,0.01240962991269301,0.027787429059834556,0.014175986944342522
hog_4619,0.0,0.0,0.014971144950496784,0.011545440424021836,0.0
hog_4620,0.00909081620186436,0.006783622631589825,0.018883191669411437,0.00801645263313322,0.00135297148187008
hog_4621,0.007843667195807758,0.0,0.008436971131140947,0.0,0.0
hog_4622,0.008324947097352542,0.032077041612314616,0.013573561970856574,0.0,0.0
hog_4623,0.0,0.001330700024980258,0.0,0.018421560917705637,0.023326067373551584
hog_4624,0.010920502947897814,0.0,0.0008974881329975037,0.0,0.01619846779059464
hog_4625,0.008678828249815806,0.0,0.004318003775151791,0.0,0.005162260329754753
hog_4626,0.0,0.012871093007869705,0.00023493011000730313,0.0,0.0
hog_4627,0.006843148011167921,0.0,0.031090698858336374,0.0,0.0072422983472930635
hog_4628,0.017240268528188274,0.001927662950593545,0.0066750188614279615,0.011866645283497013,0.0
hog_4629,0.0,0.0013178168122547351,0.0,0.005022072809985678,0.01272624230826569
hog_4630,0.008417394608807083,0.013257866724993628,0.0032773372171532866,0.0014838437416742067,0.0
hog_4631,0.007601261517581115,0.0,0.0,0.0,0.02108099023890664
hog_4632,0.005952748455596568,0.0,0.02308122963659187,0.00988036501043843,0.01298490840122124
hog_4633,0.013144989422909648,0.00960568928933414,0.013769587847887177,0.005190297350445849,0.029318804794860265
hog_4634,0.036238925372600095,0.0,0.017583861910364096,0.0017409238464436427,0.005865905132664384
hog_4635,0.04202649019292104,0.0341877166124398,0.001088357601827683,0.007214064807373299,0.011416475413684513
hog_4636,0.0011719067020590224,0.010974304553038383,0.012118014605763117,0.013942580951593397,0.01373600997821578
hog_4637,0.024996751600039113,0.014596723984557913,0.021927800699687694,0.002013824309076373,0.0
hog_4638,0.020365198021669917,0.008522478197726668,0.0,0.0,0.0
hog_4639,0.005751640040202455,0.0,0.01826089022843891,0.018388518018605193,0.002660909119107435
hog_4640,0.013762628307887104,0.019873798192967973,0.0,0.0,0.01359087696871808
hog_4641,0.050650529175048975,0.04439822489331946,0.04128512112735194,0.0,0.0
hog_4642,0.030761069676214614,0.0049945956531618485,0.008994316620561937,0.0,0.0
hog_4643,0.04139250091543856,0.0,0.025944534486503912,0.01930148713521751,0.02430345643523646
hog_4644,0.0021951104936517307,0.0,0.0016518219369705545,0.0,0.0
hog_4645,0.0,0.0,0.02375751694393302,0.0,0.0009157822751237887
hog_4646,0.02306549893166121,0.0010844397730878086,0.02082732264884868,0.0,0.0
hog_4647,0.003512942934259078,0.014471884966323012,0.0204097382736681,0.006207841222368282,0.005879507329309419
hog_4648,0.025873496018669284,0.0,0.006420979837831631,0.0037026730174958278,0.0
hog_4649,0.0,0.0,0.0049129825384948145,0.0,0.0
hog_4650,0.0,0.0,0.0,0.0,0.0
hog_4651,0.011079228607680847,0.0,0.0,0.0,0.0
hog_4652,0.0036086759926952094,0.0,0.012748037885470964,0.0,0.0
hog_4653,0.01638288183001002,0.0,0.0,0.0,0.009605165290075268
hog_4654,0.02828294462580505,0.01039004892479678,0.02381332183055407,0.0024740040103274907,0.021634227287161023
hog_4655,0.05024946782194073,0.05051337331032557,0.034539991428482075,0.02292566260208595,0.021108113923462124
hog_4656,0.03640673818085749,0.0033269102835125075,0.017853911674380774,0.0,0.0
hog_4657,0.004268037984639594,0.0,0.004368748356614605,0.0,0.0
hog_4658,0.040381979428288695,0.020926111178952267,0.006705379218213237,0.0,0.0
hog_4659,0.018489280297814492,0.006211176181060596,0.013256655323060862,0.015386570989333492,0.0
hog_4660,0.025909171967830602,0.0,0.011361588470515604,0.0,0.0
hog_4661,0.0452702870368944,0.02943873736793856,0.03464497920040488,0.017121844318239487,0.006415328519673524
hog_4662,0.027947204309033635,0.0,0.025426588527202476,0.0,0.009550986264706074
hog_4663,0.0187921625383074,0.0,0.020473386819978012,0.0,0.0
hog_4664,0.020509969926414184,0.017685269603807896,0.02795996972451764,0.022272577973665664,0.0
hog_4665,0.006658816066207107,0.0,0.0,0.0,0.0
hog_4666,0.017184737045260023,0.0,0.001427831680673064,0.016118516010931838,0.003369204164981543
hog_4667,0.008854683252641493,0.015508618025390941,0.0010833134867862526,0.0,0.0
hog_4668,0.0,0.007097951272798886,0.021796988084493263,0.002721385596994752,0.0029169257885959254
hog_4669,0.0011844099384330509,0.012237513070711303,0.011315835910091332,0.001252152764461778,0.0
hog_4670,0.034572178890940775,0.0,0.013280048674696454,0.0,0.0
hog_4671,0.01160426381575852,0.0021566638603980337,0.021093141911883384,0.037224230552453275,0.0
hog_4672,0.005919981852451794,0.006307049868991221,0.01975740628364009,0.003677628379655573,0.0
hog_4673,0.019645139164793823,0.0069684712319479925,0.05077292712898607,0.0,0.017743935859538817
hog_4674,0.0023092014197105826,0.011020784119745608,0.015327415730446603,0.0,0.0016267910721217138
hog_4675,0.0,0.00038843626510254303,0.0,0.0,0.0
hog_4676,0.011860461317609428,0.022361080635849184,0.008824947670364125,0.0,0.0
hog_4677,0.008029933695721247,0.0,0.013771704325884926,0.0,0.0
hog_4678,0.005384983616560701,0.00815563971822364,0.0005779194547104183,0.0,0.0141488744630478
hog_4679,0.009830691221925258,0.0377976756566929,0.02801662581133213,0.022763416613946985,0.040554148947089974
hog_4680,0.018960577439290027,0.008955861141751953,0.0,0.013151421742387592,0.001038480573096967
hog_4681,0.03381742460108117,0.006211737467868073,0.03609346248842504,0.0,0.007306870796319087
hog_4682,0.032363712301323844,0.01378965140856403,0.022775597484439025,0.016167133797207134,0.0
hog_4683,0.01881171065935905,0.03128552571809262,0.043214961249052664,0.03274210075951656,0.030465805572382765
hog_4684,0.02073295465055991,0.01710519173185787,0.009597614526795084,0.011997550535580714,0.009449875725563661
hog_4685,0.007362325160465755,0.01999194711701069,0.020521622372173587,0.0,0.00130331618391466
hog_4686,0.0,0.0,0.0,5.8763875812051225e-05,0.002256716667528691
hog_4687,0.0,0.0,0.007905912553863637,0.0,0.0002611824743701252
hog_4688,0.014137015552816878,0.018339546414873675,0.03573501789142952,0.006479602826193975,0.015248106804125694
hog_4689,0.009920289726184084,0.0,0.01306975744154526,0.0,0.0007462203852224292
hog_4690,0.0017703451275925541,0.0,0.01363453364331213,0.028412506596676712,0.009674574652337009
hog_4691,0.00031264267091990483,0.00537347272846711,0.017468851638233973,0.0,0.0
hog_4692,0.0,0.013098381333793707,0.03417080906270642,0.0,0.0014809779391762312
hog_4693,0.028894682187591503,0.0,0.037965830134409684,0.03267205671625817,0.022435528975791375
hog_4694,0.009993958014656412,0.0024173531640301338,0.0216785939632107,0.0,0.008278115573367772
hog_4695,0.02495784525989797,0.0,0.018862507263119,0.005508902502296742,0.019138553318273077
hog_4696,0.023708037967686613,0.017263276362625035,0.037411448283781956,0.018422418559713494,0.0021958527048719922
hog_4697,0.02038073657724926,0.017944900648641626,0.05942465863688651,0.02438567093985844,0.033197752080589504
hog_4698,0.020058526658946363,0.00677379817501822,0.01963642235685259,0.012630931656094413,0.0004159863831134647
hog_4699,0.01102135172732499,0.0,0.03462200055789144,0.0,0.0
hog_4700,0.014796866794718477,0.03135673728475008,0.016457506321968518,0.0001140230861396141,0.0018180384626864665
hog_4701,0.03424684284620527,0.030077823529332415,0.015319949895595819,0.018314573411164714,0.02363308637870598
hog_4702,0.019199827470215425,0.0,0.015867906515968366,0.012178979186816985,0.0
hog_4703,0.0063123792688777325,0.025021642383858733,0.010690951628535394,0.0017064256740917383,0.0033771930831592023
hog_4704,0.0,0.01643715084125974,0.0007417869393500087,0.0,0.004074292236279087
hog_4705,0.0005206898896232826,0.0,0.01769939186667213,0.0,0.021639562279089475
hog_4706,0.0,0.0,0.0015627662826576127,0.0,0.0
hog_4707,0.03502909280105637,0.0018946329845277443,0.0,0.0,0.019885110632416714
hog_4708,0.012649765529970214,0.018681030381481945,0.01275443882871552,0.005169471984813212,0.008651955523100385
hog_4709,0.01327399669566831,0.0008044108631461988,0.02624559203837129,0.016888487971161048,0.004361094821532241
hog_4710,0.025021417789358846,0.02246029288776641,0.02864016172678774,0.041510762507432464,0.005262096738677391
hog_4711,0.024347990730828384,0.028253925973285243,0.025443778167076214,0.006032720148757997,0.001430518725770602
hog_4712,0.021170057334276127,0.01642550284458677,0.001945655835853266,0.02021229833738225,0.0
hog_4713,0.011728775776259859,0.032739976002271076,0.027297830758392427,0.020354779499427433,0.0
hog_4714,0.0038307908247035005,0.005984847085902523,0.0204645636174976,0.0,0.0
hog_4715,0.024288001389582092,0.005513698782697141,0.038135038927513465,0.017772189208066225,0.0
hog_4716,0.04943938197156594,0.026126503908888266,0.019667572182196613,0.02017622508861283,0.011596913464257286
hog_4717,0.006524832168851358,0.026801583089744563,0.028203445171636643,0.019103259442103893,0.01720742879509829
hog_4718,0.003766552086441166,0.008858146172436854,0.0004186663595326934,0.011095508813174781,0.00011351658446501212
hog_4719,0.0,0.0,0.024262586852370926,0.0,0.010063214155341171
hog_4720,0.0,0.009245315252082165,0.02108930955143351,0.0,0.0
hog_4721,0.0,9.562603203483455e-05,0.01612527168446265,0.0038048481387098487,0.0
hog_4722,0.026028180024324943,0.008555423302532228,0.010363851429899373,0.0,0.012638134877064777
hog_4723,0.013511777163647043,0.008304742992983227,0.018849816182068713,0.0,0.0011499850379366183
hog_4724,0.006272769198847783,0.036017352477796916,0.022913379958535263,0.0,0.003373509645915096
hog_4725,0.024722043814827233,0.025924502891636836,0.005623145898924209,0.014209994953907623,0.005780037015021167
hog_4726,0.036781261970559864,0.01605874479766789,0.0033075706100442748,0.007035701358264257,0.012172178224651775
hog_4727,0.018903179071406706,0.005949470461890094,0.0,0.0,0.0
hog_4728,0.0,0.006162998639586137,0.0,0.0,0.0
hog_4729,0.05726995815825675,0.01880355392756683,0.02776874681293484,0.011355286782760432,0.018518737865868218
hog_4730,0.0,0.0,0.021085302554557872,0.0,0.01663879419796399
hog_4731,0.0,0.03317505615781502,0.013644632736759643,0.0056704879506401795,0.005520216230646691
hog_4732,0.005068918981437909,0.020960294233231647,0.028662708014302707,0.028921849047464976,0.020857504190702647
hog_4733,0.025449726204799683,0.012663462733793374,0.0405204365256413,0.0,0.022973611050113085
hog_4734,0.030664004189180805,0.012645488216358025,0.009241196217342429,0.0,0.005839038033843558
hog_4735,0.03535595029577321,0.013108773871069124,0.031210530254213387,0.004025876361832159,0.0
hog_4736,0.03948535841551437,0.0018005292391773953,0.03909535651403262,0.01099062430937936,0.0
hog_4737,0.01139473128479751,0.018940402186637506,0.02058082794542826,0.0,0.0
hog_4738,0.00903774482225761,0.0,0.0,0.008746155499128161,0.016408896513365967
hog_4739,0.00045055163695373324,0.0006048732723678008,0.019855799497047633,0.007308220860176018,0.013990304950866728
hog_4740,0.007253446673173292,0.0,0.0071678665341736725,0.002754203230397101,0.017334106705251484
hog_4741,0.0,0.013378911354966938,0.01587976579056405,0.009250564139041018,0.0
hog_4742,0.014311016350228467,0.01892917839237329,0.0,0.0,0.0
hog_4743,0.02579253700796391,0.0,0.00233759156364699,0.001191441087139422,0.013219156668530463
hog_4744,0.0,0.0,0.02250091773250862,0.0,0.002587727092800307
hog_4745,0.03475775182809637,0.00622527354955027,0.01099870561877947,0.03042865893925395,0.024437527929740632
hog_4746,0.019080783887196473,0.0336168552487397,0.04182283976882051,0.04095448164718629,0.022157853423451668
hog_4747,0.023157080142064634,0.0,0.0,0.0,0.01781673428885755
hog_4748,0.006370400364845263,0.028332177699383232,0.011153667615404927,0.0054613171611122,0.006530185049176573
hog_4749,0.015495544997750521,0.0,0.003247390624264712,0.0,0.0
hog_4750,0.009764133605749237,0.0,0.01572999860851021,0.0,0.0
hog_4751,0.04876922067059497,0.004275646068665928,0.02200576475531002,0.005502381518090571,0.028813239388566503
hog_4752,0.027262256349062985,0.019432700440531248,0.042095176052538985,3.90062488009324e-05,0.04453143681659921
hog_4753,0.0,0.0,0.0,0.0,0.0
hog_4754,0.0407407746263766,0.03802340546257188,0.030668730457831916,0.03686655475608891,0.0
hog_4755,0.0,0.003046225687459936,0.023568705443685722,0.007038995070854259,0.0
hog_4756,0.005693137569186657,0.025433479382397817,0.0,0.030657934142924947,0.0035030843079011387
hog_4757,0.0,0.006907218875527699,0.0034743378133970104,0.020677608805975245,0.0
hog_4758,0.008987978354665582,0.03120602136563777,0.007933233248581306,0.013870458682399667,0.00631732595909229
hog_4759,0.008748328087690993,0.016856865876396343,0.0268620568559903,0.013690078818977325,0.0066930823951165674
hog_4760,0.018137732880602053,0.010996621118298133,0.008827393195255606,0.00947326379582658,0.016596027819851145
hog_4761,0.0,0.008796612729621733,0.027359236769392226,0.002243329519024284,0.0
hog_4762,0.004744394144219122,0.020988790679657088,0.014474869843257299,0.0,0.007844503171530404
hog_4763,0.0072155241615112775,0.0197542194373459,0.015833779535034287,0.014835532496966897,0.0
hog_4764,0.0,0.0,0.024273836122659542,0.020236353632577142,0.0
hog_4765,0.02125227971906196,0.021685153007773073,0.012462962918942999,0.03247433776853925,0.026146486916660105
hog_4766,0.017356325674424244,0.030210618561680835,0.01243115710758036,0.02979153803151169,0.015221718480731061
hog_4767,0.0,0.0,0.0,0.01680469933496931,0.0
hog_4768,0.01025139774754269,0.0,0.02463159477559307,0.005323744795335816,0.0
hog_4769,0.02170373110390078,0.009797980186339261,0.024371738318859526,0.01245994069269285,0.005425568124195257
hog_4770,0.010168570803122279,0.006226853707898883,0.041904337869226094,0.01870310775847006,0.011717691870086755
hog_4771,0.018547383369538872,0.0009654695067824459,0.02250841059742914,0.00588318783245767,0.024889398271178642
hog_4772,0.0,0.006140543416238264,0.005593575545188356,0.0,0.0
hog_4773,0.031567985425737355,0.00968727368437916,0.0278050157749532,0.015507882698749142,0.015167897782871087
hog_4774,0.02559586810487735,0.0,0.0,0.016741540881075156,0.029135044728969106
hog_4775,0.01511796392989817,0.016278715798888843,0.014790711724881778,0.002118876984513962,0.006633834754979473
hog_4776,0.021083034233722042,0.011861506899011776,0.00935429523849507,0.0,0.0230667133597402
hog_4777,0.018009864571273626,0.008211786448477199,0.032765359445735553,0.01092359174169033,0.009835752249832908
hog_4778,0.009477599465347764,0.011791580399857615,0.008863572176021295,0.013578265664228484,0.0
hog_4779,0.019159306884851235,0.0,0.006159450068534689,0.015458033869357513,0.0005467228268749569
hog_4780,0.033122467833962554,0.012600923222068072,0.005269532408986866,0.0,0.0323730715919055
hog_4781,0.0,0.0,0.0072588252124556885,0.00716378737751433,0.005086585914898745
hog_4782,0.018812201570052922,0.0,0.0,0.0,0.0012253930267056568
hog_4783,0.029026192095156667,0.014195876102832683,0.005280081148994142,0.0,0.01860279268534848
hog_4784,0.014683088838897573,0.039399881169404516,0.011723456040195979,0.0028572741598789086,0.017205743971985044
hog_4785,0.0,0.02711842384119678,0.008386645436361695,0.0,0.0
hog_4786,0.0052027265453788996,0.01846240301211921,0.0039637410036093,0.0,0.002484081433365093
hog_4787,0.016251337879711336,0.004429586869928004,0.012443288198361602,0.0,0.011840123219021725
hog_4788,0.027636399115744226,0.017995062030210507,0.020521524358026122,0.005372058666799129,0.0
hog_4789,0.016249174499790575,0.0,0.0062217936503521365,0.0,0.01861521894618523
hog_4790,0.0,0.01199527194349126,0.04475714548661491,0.018863764260520055,0.0
hog_4791,0.0,0.013640072656838864,0.016238626045038673,0.005384088717287128,0.014638470432554396
hog_4792,0.024626721322715595,0.023229493288144942,0.009240520586593526,0.032910503459051776,0.0
hog_4793,0.0,0.001999855235371495,0.01906830395349801,0.018637308439263922,0.0
hog_4794,0.02723131056056971,0.004371629560823598,0.022805156323111087,0.010602239589462714,0.0
hog_4795,0.0,0.027893559121308087,0.007065087625867772,0.0,0.005037350007234265
hog_4796,0.0003637772785010096,0.0,0.0031906622001032225,0.0,0.008123841159639378
hog_4797,0.010010895626408223,0.009426622197983958,0.012406550576789188,0.0,0.012401397135869852
hog_4798,0.0,0.01887709396594528,0.006312098207907679,0.0,0.02108872546709173
hog_4799,0.031116448934561225,0.0138983476405532,0.0,0.0,0.0
hog_4800,0.0,0.0,0.007692629960584618,0.0,0.0
hog_4801,0.0,0.016375766293267535,0.0,0.016241658726642738,0.0
hog_4802,0.016151106917341007,0.0016737665394035428,0.006352235664294437,0.0,0.0
hog_4803,0.007961025396909127,0.014252641164489654,0.012605537630707042,0.0,0.0
hog_4804,0.0056448749227948625,0.0,0.0,0.0034123239424899143,0.021962942651051698
hog_4805,0.0,0.0,0.008885313154843866,0.0,0.0
hog_4806,0.0,0.0,0.006704977431164494,0.0,0.007678072380099543
hog_4807,0.026684210149125587,0.026409042550801898,0.015662243340380355,0.015011127707646787,0.023356020661914778
hog_4808,0.0,0.0,0.02538690364294438,0.0127025457450336,0.0
hog_4809,0.0,0.01373321391515181,0.024026973886322134,0.0,0.0012190923720123426
hog_4810,0.005319735178668905,0.02178281523878156,0.0,0.00673786638802909,0.0
hog_4811,0.0,0.0,0.0,0.0,0.0
hog_4812,0.0,0.02670450625370413,0.017672434198253262,0.001586754316099226,0.007805204089426532
hog_4813,0.0034902416917572676,0.010827590272921128,0.02820887190429988,0.0,0.0
hog_4814,0.0077905390980161915,0.021977140365623926,0.006807765360377083,0.002601920124325252,0.012102221410341008
hog_4815,0.0024672165488390796,0.0,0.016593491368667834,0.0,0.0
hog_4816,0.00032635246642542803,0.0,0.0,0.0,0.0
hog_4817,0.0031229852866381247,0.0,0.0,0.0,0.0
hog_4818,0.012684948182806632,0.0,0.0,0.0012869065023266568,0.011030494278345904
hog_4819,0.008246232865677605,0.03296079733652424,0.0,0.038471421188154276,0.03321245702556608
hog_4820,0.0,0.0,0.006176289010026537,0.0,0.0
hog_4821,0.0,0.04163891647881135,0.01967017319769937,0.014178190565485416,0.011940854726659955
hog_4822,0.005025376068934939,0.0,0.009062247902688725,0.012997499485379205,0.0
hog_4823,0.00226251709912928,0.0,0.001691155938068123,0.0027552559533510212,0.00104621217681089
hog_4824,0.024658708093009407,0.011078936820065,0.04415261686199745,0.03135602848386965,0.03107062192614185
hog_4825,0.016214413680573747,0.0,0.0,0.011918397297945527,0.01202353255763744
hog_4826,0.022511281960551743,0.0360219677033804,0.016722599155200468,0.02503080989579054,0.03655803381980349
hog_4827,0.0,0.013015333960139541,0.0067847281799777726,0.007717539361530967,0.006863293161302408
hog_4828,0.006467973830190266,0.0,0.03351716517508163,0.0,0.016967807577791705
hog_4829,0.0,0.0,0.002999171229711939,0.0,0.0
hog_4830,0.0,0.0,0.04486109572439023,0.0,0.0
hog_4831,0.0,0.0,0.0,0.005327106644154478,0.0
hog_4832,0.0,0.004646541386521985,0.01665766756899112,0.0,0.0
hog_4833,0.0,0.018261286631892526,0.027284124502979124,0.00021828441479687655,0.0
hog_4834,0.0003990790519992071,0.0,0.0,0.0,0.02360783234229813
hog_4835,0.0050686885916191304,0.03301036304157945,0.030662887240758385,0.02248821943303181,8.407260530307603e-05
hog_4836,0.014502021092972939,0.013744787673442893,0.002466725822245719,0.0,0.01528444666058082
hog_4837,0.0,0.0,0.02423637518840227,0.016312388213076012,0.0005797533030516
hog_4838,0.036875139794355194,0.02436037500512689,0.017834509490843864,0.01484730494783526,0.01713702709129339
hog_4839,0.017878646674962972,0.010124974988477087,0.0,0.0005591521138579303,0.0
hog_4840,0.0,0.0,0.006359172480856268,0.0,0.012500626693200179
hog_4841,0.0,0.0,0.0,0.0,0.0
hog_4842,0.0,0.0,0.004878928193225995,0.0,0.0
hog_4843,0.009383071215758099,0.036118057313927254,0.026138525687710024,0.0062084172832121975,0.0
hog_4844,0.0007408498312835299,0.0,0.015892916071025942,0.0,0.004815050077877192
hog_4845,0.0,0.02360225457214571,0.006713120694297192,0.0,0.0
hog_4846,0.01296566935362109,0.05477742479589098,0.012851053795859269,0.0,0.0
hog_4847,0.0166920321306665,0.003919340667717597,0.03430840271122593,0.0,0.0
hog_4848,0.0007670638770478355,0.013541772172370736,0.016849641284467864,0.001960270472040282,0.0
hog_4849,0.018958544105963204,0.0,0.0,0.021355326571403044,0.005399134619558099
hog_4850,0.02072097543875895,0.004613209415682995,0.019105894104375132,0.009885196488484072,0.018520274208383203
hog_4851,0.0,0.010803845926697475,0.026383653208462254,0.017728738663972843,0.024746260523655472
hog_4852,0.006277347244474152,0.025477861331687945,0.019424691248325132,0.0,0.02162714975289015
hog_4853,0.0,0.0,0.0,0.009346733580010813,0.014300740386696376
hog_4854,0.0,0.0,0.0,0.0,0.0
hog_4855,0.003464797602638514,0.0012373157161285064,0.0,0.021186079749714093,0.0
hog_4856,0.020670051514410703,0.0,0.033908374702030564,0.00870135809758854,0.006230852830857891
hog_4857,0.027261979296596017,0.007853856509540957,0.021720640310535222,0.032536430787565074,0.023984204482063065
hog_4858,0.01641544345952739,0.0,0.003462081607449319,0.0,0.0
hog_4859,0.021777225682384715,0.01947471792228761,0.024888896686512174,0.0,0.0005624621691706633
hog_4860,0.02519433143325478,0.008098015779953727,0.0,0.0,0.0
hog_4861,0.007420969849632142,0.034339640964869966,0.02200133616615685,0.016261943865756745,0.03834307922368474
hog_4862,0.017117662363496766,0.003180273828093716,0.0,0.0,0.0
hog_4863,0.0,0.005841996749381018,0.0036371604150804426,0.007807763752569308,0.016228023683464876
hog_4864,0.005044452191746984,0.0,0.008428693286970379,0.016763655112609577,0.00258613394388596
hog_4865,0.0,0.024365617736237466,0.015763015710578587,0.0,0.008980048808782781
hog_4866,0.0,0.002472691203736277,0.03384242362927914,0.002268469582104027,0.01554440459188866
hog_4867,0.006591833512189504,0.0021047888900687095,0.004848833312677714,0.0001918900429456194,0.017361290494666948
hog_4868,0.03582549049576311,0.015484584858065809,0.01655811908118099,0.02514687925016701,0.028507497171577967
hog_4869,0.017679421623176816,0.0,0.019866302843429606,0.0,0.012087934591300975
hog_4870,0.004724011404249273,0.0,0.0,0.0,0.011775532551752343
hog_4871,0.0,0.0,0.0,0.0018237427249765403,0.0
hog_4872,0.0,0.0,0.0,0.0,0.0
hog_4873,0.0,0.0059384554423542735,0.0206969260462746,0.015105183958996626,0.0
hog_4874,0.0,0.0,0.0,0.002002935265230432,0.0
hog_4875,0.008164044104392199,0.0,2.860750965272274e-05,0.0,0.0
hog_4876,0.012242554514966919,0.0,0.0015902449122826567,0.0017430096895221237,0.011333877378610913
hog_4877,0.027271106436901116,0.0,0.04145607986805988,0.012709794368367389,0.0015540562672442526
hog_4878,0.02282223787432458,0.017241937062274726,0.0,0.0,0.009059203795369397
hog_4879,0.0,0.0015471467090089064,7.127084538294248e-05,0.004823126861682292,0.006314921277583929
hog_4880,0.003454430382968221,0.00032432934779880185,0.034450973760164594,0.006392976902514613,0.0
hog_4881,0.0013087725476956802,0.008436816715469808,0.0,0.0,0.0
hog_4882,0.0,0.0,0.008337935703572885,0.0,0.0
hog_4883,0.017990081891301912,0.025404560284640443,0.03165247485962275,0.030692462231549866,0.02769274396843202
hog_4884,0.0030121129747755493,0.04550054963731931,0.0,0.00922685433460635,0.0
hog_4885,0.008707575746131235,0.018022003877523618,0.014419549001572607,0.004260740979989519,0.014978220659108255
hog_4886,0.0,0.008659991152853541,0.0,0.015187185290998162,0.0
hog_4887,0.011142678084208102,0.0,0.0,0.008366461372059986,0.0
hog_4888,0.005452671293091349,0.01801652669124998,0.0,0.0,0.0042289452250969806
hog_4889,0.0,0.01426772863887349,0.009800023452425144,0.0,0.004912863878283824
hog_4890,0.0,6.516780684839851e-05,0.007191244854800383,0.0,0.0
hog_4891,0.016841877696990082,0.0,0.0056051557280076825,0.0,0.0
hog_4892,0.00332076477174148,0.0,0.0,0.0009392990007011104,0.00569813938125896
hog_4893,0.0009108515977860332,0.007571523423104409,0.0071966174875366384,0.02466418633785894,0.0
hog_4894,0.016993118838659615,0.0007510306227145325,0.022127114161730743,0.0,0.0
hog_4895,0.00769410960542638,0.0,0.0,0.01152062367800788,0.011730350706931292
hog_4896,0.004427448995547367,0.0,0.0029338064136836817,0.0,0.0
hog_4897,0.005403327036157757,0.0019216067156839767,0.0,0.0,0.0
hog_4898,0.011516759189782455,0.0,0.0,0.0,0.0
hog_4899,0.007343758147413615,0.03582327030944299,0.0,0.0,0.025559636136138097
hog_4900,0.011899848582554773,0.0,0.029453587450361418,0.0,0.017410837791042466
hog_4901,0.0,0.007840758156624661,0.0,0.023018060832234122,0.019218035393276933
hog_4902,0.0,0.0,0.0,0.008492003243773416,0.009632205523971704
hog_4903,0.006473511961281098,0.0,0.0,0.0,0.0
hog_4904,0.0,0.007128523744762472,0.0,0.0062859330114701795,0.0
hog_4905,0.0,0.0,0.0017082547473354914,0.0,0.0
hog_4906,0.0,0.0,0.0002490701502968484,0.006641320703904441,0.0
hog_4907,0.027419565910714594,0.0,0.008694161765031572,0.0009716881218506668,0.0
hog_4908,0.0,0.0038708896148020866,0.0,0.0,0.0
hog_4909,0.019535879990229654,0.0,0.007278687814900486,0.00413483238596668,0.013268691805547128
hog_4910,0.0,0.0,0.015967071055265958,0.0,0.0
hog_4911,0.027358762750931076,0.002673638661912392,0.019219785966988034,0.011275382627502273,0.017359035164397296
hog_4912,0.029245428512389315,0.029578650501791204,0.00173706504230986,0.01351088146527224,0.0
hog_4913,0.0,0.0,0.0,0.017664435315655425,0.018909242878601962
hog_4914,0.0,0.0,0.009825310937527032,0.02232105020059838,0.03462971944335358
hog_4915,0.014939374027244767,0.0,0.0,0.0009918020286574514,0.0007546225660246542
hog_4916,0.0,0.0,0.009873710143240677,0.0,0.0
hog_4917,0.0,0.0,0.0,0.006214376800346422,0.007779062751711141
hog_4918,0.009120005305889078,0.0162572372382892,0.008382588782108735,0.0,0.004827160890795268
hog_4919,0.028872728146190907,0.014765804836135432,0.018448631186372744,0.013675089995420997,0.047222031280675925
hog_4920,0.008450853666273517,0.0017184190694745638,0.0031147688044672606,0.0,0.0
hog_4921,0.008121268962345551,0.022448103207115544,0.0,0.0,0.012954960398066095
hog_4922,0.02453940404681343,0.0007222905772852339,0.014105879954178224,0.0,0.0013148680074415164
hog_4923,0.0,0.034003699035143775,0.0,0.020686526348271173,0.0
hog_4924,0.028446559116285686,0.0,0.013411567283244219,0.02515082638017807,0.016682690192857175
hog_4925,0.01798224489409339,0.0,0.016521247324902566,0.0014175806396969914,0.02091413522926988
hog_4926,0.015751405807293173,0.0175459590527256,0.022205022602434843,0.010920277843287085,0.01750892976676033
hog_4927,0.025646183050174187,0.021700314838148937,0.020661274785709116,0.0,0.011990295613154345
hog_4928,0.0,0.0,0.002815465953956542,0.0019159401670745257,0.0
hog_4929,0.014284674738408887,0.0,0.0,0.010765405433950326,0.0
hog_4930,0.0,0.0008205794020779145,0.00148190970583717,0.0,0.0
hog_4931,0.04998027411206807,0.008947142730604929,0.007989199618229526,0.025047628030386848,0.009515780584010258
hog_4932,0.02670144668674279,0.0010807436175921392,0.02047485379125935,0.0,0.0
hog_4933,0.0,0.0006536505047061159,0.0,0.0,0.0006505538598096106
hog_4934,0.0022127348411151715,0.0,0.0,0.0,0.006691946834770368
hog_4935,0.01101183646557069,0.0031057627598645166,0.02788007910061996,0.0,0.013800429466873432
hog_4936,0.021839434607790364,0.004491167664833373,0.014140011705885192,0.0,0.0036899380220585254
hog_4937,0.008558381545079374,0.002883813156308923,0.01191612136763709,0.0,0.016325224454752263
hog_4938,0.013399864023345032,0.0,0.0,0.006796617947326666,0.0
hog_4939,0.024173036682069604,0.0030653464085306226,0.0,0.0,0.0
hog_4940,0.0055284077740411774,0.0151328697511397,0.016296395257496155,0.0,0.0
hog_4941,0.010550701948121022,0.0,0.0,0.0,0.0
hog_4942,0.0167562528764309,0.025284407527794928,0.036477882862966604,0.005514905505418222,0.0
hog_4943,0.0,0.0,0.009113093085872936,0.002976650892445365,0.021240477329197427
hog_4944,0.0,0.006151380701096887,0.006114671835088181,0.0,0.012261874179251286
hog_4945,0.0029617530143577486,0.005873496018669044,0.011029648514632617,0.0,0.0
hog_4946,0.004159472195270464,0.017713009888258302,0.015224622322920434,0.010440245722630026,0.003987227889622691
hog_4947,0.0,0.0,0.014662153949023038,0.0,0.0
hog_4948,7.954840169710486e-05,0.0,0.005713421629755189,0.0,0.0
hog_4949,0.00963032115548379,0.003107031696926388,0.0141646199420149,0.0,0.026702879510349442
hog_4950,0.0021161803930569434,0.013304204461720204,0.0,0.013516395398700753,0.0
hog_4951,0.036737085373869105,0.0,0.02308301695745807,0.011854614354698256,0.012115469935275458
hog_4952,0.001889391542318375,0.0,0.00032771651805774127,0.0012834761529139094,0.0
hog_4953,0.0,0.018053400507148654,0.027125685559987067,0.0,0.010992316419790038
hog_4954,0.004597228376751694,0.0,0.0033374820501446134,0.0,0.0
hog_4955,0.008744171881487794,0.013092506656141145,0.0,0.0,0.0
hog_4956,0.015755122328867,0.0,0.0029791194451960212,0.018214585717952092,0.0
hog_4957,0.015568692060372591,0.011663526647992528,0.0,0.006903107858037494,0.021074359235689455
hog_4958,0.03765342175107733,0.024902281702523066,0.010919921580167191,0.033197832658919735,0.004342835823355706
hog_4959,0.021031129021109596,0.01596143212551282,0.0045923224261639195,0.017704856112240375,0.00979180438222449
hog_4960,0.03530654500964325,0.008349916020174764,0.020857203587191453,0.0,0.016514269392642777
hog_4961,0.0,0.015479700043341094,0.0048124522292971594,0.0,0.0
hog_4962,0.008480772995832275,0.0,0.0,0.0,0.004540869892982746
hog_4963,0.0,0.0,0.0,0.0,0.0
hog_4964,0.0,0.014559592907890995,0.0017393002366266064,0.0009850750325592905,0.011818089109401742
hog_4965,0.0330865137670211,0.015491975622048848,0.0177118012363211,0.008362671030165414,0.028580499075075316
hog_4966,0.014019280138199752,0.02677090362354906,0.017485502605901093,0.0,0.0
hog_4967,0.0,0.0,0.004860169682843418,0.010507057630959826,0.0
hog_4968,0.0,0.007849948385746597,0.007424940007502601,0.01462349895276538,0.0
hog_4969,0.0,0.017142035412865075,0.010358050767142135,0.0008651729779143302,0.014401181495540483
hog_4970,0.014025027848122651,0.011952087055900007,0.0,0.015219174450758377,0.0012872514101032184
hog_4971,0.017422915922350235,0.012102962785439653,0.0170897001231487,0.000457517637223237,0.01122162667536064
hog_4972,0.008563197646928256,0.0,0.020262375623541384,0.010022738028993228,0.009267788509572883
hog_4973,0.00377772421635858,0.0,0.021711439806324062,0.027757927675947425,0.0
hog_4974,0.012299662439721581,0.0,0.0,0.0,0.0
hog_4975,0.007682067356770128,0.026052692504402453,0.0015227325527809032,0.0,0.0
hog_4976,0.01932515880791086,0.0,0.028790337453900028,0.0,0.0
hog_4977,0.009206987923589649,0.014329017431779834,0.007430293635734664,0.009746517328008686,0.0
hog_4978,0.010450358013466943,0.005230558846714084,0.014496248606239881,0.008998150382162784,0.013056223130492706
hog_4979,0.005396040180027706,0.021495210471687454,0.01656089040339559,0.0060769639151518895,0.0
hog_4980,0.0,0.0,0.0033548341142934923,0.0,0.0
hog_4981,0.03335491957048475,0.018108136378309325,0.00483966589279583,0.004839744760528841,0.0
hog_4982,0.01065361192422043,0.0,0.02999535295292244,0.03607423260164122,0.0
hog_4983,0.0,0.0,0.008493490568292517,0.0,0.0
hog_4984,0.03406158485069333,0.007844641921669115,0.017390005030720745,0.0,0.0
hog_4985,0.02101837126112316,0.014960417646294744,0.0,0.005455935419254487,0.0
hog_4986,0.004844739546904897,0.011389546553102203,0.00035411345964031504,0.009065629151059573,0.00578097146514156
hog_4987,0.007769111291523467,0.0,0.010181393220612067,0.0,0.0
hog_4988,0.0,0.0,0.030173398054535783,0.0015816211631263233,0.0
hog_4989,0.0,0.0,0.029311498477811337,0.002392652195125855,0.008424043918481727
hog_4990,0.0,0.0,0.0,0.02401368121570835,0.0
hog_4991,0.0056859760806240445,0.029566809299692576,0.02249312653404556,0.014181111751442321,0.005807898902782993
hog_4992,0.006873736678974618,0.0,0.012403173395386213,0.0,0.0
hog_4993,0.023833906236307767,0.0007250678402563882,7.200276617247425e-05,0.0,0.0
hog_4994,0.0002655853135944408,0.0020257577875344435,0.0,0.016421416964436775,0.013048808669953615
hog_4995,0.013937695693294394,0.0,0.007742457821737991,0.0,0.0066543573871094
hog_4996,0.016303218988045876,0.00021302728572147878,0.03183352660934613,0.014442688482950938,0.004075142571812629
hog_4997,0.00201627230281054,0.0034388146140560405,0.0,0.0,0.0
hog_4998,0.031117410911488008,0.010772998107260845,0.02313692505282372,0.028019795024868177,0.006639551129524746
hog_4999,0.025652746607538024,0.020082619955478442,0.03437613948496243,0.0283032475667242,0.01215271975653276
hog_5000,0.01834572369178966,0.0,0.0,0.0,0.0
hog_5001,0.0,0.0,0.0,0.0,0.0
hog_5002,0.0,0.0,0.0,0.012773827319604525,0.0
hog_5003,0.0069214721001273904,0.008771710884452277,0.020557891031735,0.012992283653600278,0.0015529322745233554
hog_5004,0.032760770178271725,0.0,0.0018008985939184097,0.0,0.0
hog_5005,0.0018416513115493416,0.020891746981641868,0.032723924345594346,0.0,0.014982420692851273
hog_5006,0.02483688491187741,0.0,0.008121678568689727,0.0,0.0
hog_5007,0.00785067201435874,0.009693191947740099,0.04056014093468607,0.0,0.017545931455547947
hog_5008,0.02129663411592153,0.0,0.009962178403044808,0.012299194668114133,0.0
hog_5009,0.0,0.0,0.0,0.0,0.0
hog_5010,0.017553536333163366,0.021770188431525783,0.006798690980103661,0.00558688232015947,0.010305661259934373
hog_5011,0.03222299766833525,0.02201159421586718,0.014612156401237142,0.0,0.0
hog_5012,0.0,0.0,0.0,0.0,0.0
hog_5013,0.0033243625103709373,0.0,0.0,0.0,0.01055355095148136
hog_5014,0.016754370199818736,0.04044810144819233,0.0398409312974366,0.0219200667448618,0.021765798525336333
hog_5015,0.0,0.0,0.0,0.019236121502244963,0.0
hog_5016,0.0,0.0,0.036376111691978075,0.023458460147094407,0.0
hog_5017,0.026299478865245085,0.006644072314455407,0.01721236066408438,0.0,0.0013971006382558215
hog_5018,0.007194457444430702,0.022621116142353515,0.030717223174910435,0.0,0.0
hog_5019,0.0,0.0,0.0013947701295708992,0.0,0.014816628360705408
hog_5020,0.019190684694071924,0.018353082860920633,0.011849309731622126,0.0091582547793998,0.0013645678116056548
hog_5021,0.002895233928806862,0.0,0.00835766336445043,0.0,0.0
hog_5022,0.0,0.0,0.0,0.0,3.0181711594190475e-05
hog_5023,0.0003175902356100657,0.0,0.0,0.000995971091387604,0.023466703027579916
hog_5024,0.008556069650041742,0.0,0.03049704927615804,0.00045781583342496823,0.011961857154437316
hog_5025,0.0,0.03592469926511921,0.0,0.0,0.0
hog_5026,0.0,0.013295903904194883,0.036187515581945995,0.0,0.001511438914358676
hog_5027,0.0061044530576619405,0.0,0.0,0.0,0.0
hog_5028,0.008160179704381099,0.00624562177748067,0.004214001364164055,0.0004250166560615387,0.0034295941618278647
hog_5029,0.01510278998731418,0.0,0.024569579816360765,0.0,0.0
hog_5030,0.012288866147827315,2.4423945201190733e-05,0.016417395422027248,0.02711950678475561,0.015435111967496251
hog_5031,0.020296961519610024,0.0,0.010325340659727678,0.002401306735030362,0.0
hog_5032,0.03785774951027565,0.0,0.005297631829153326,0.0010110095222608528,0.02345164900189034
hog_5033,0.019537267490483456,0.014364370588194175,0.03507179996069132,0.0,0.0
hog_5034,0.004666439795887989,0.004009577539211495,0.0011793324943289996,0.0,0.006687897391106423
hog_5035,0.026583357419116105,0.02887413845681852,0.00015701129965117744,0.001552351622682302,0.03166874739427761
hog_5036,0.0,0.005142602240886918,0.026153663209542044,0.014352899435047473,0.0
hog_5037,0.0038985348895728134,0.0019645284589733247,0.002269936008755691,0.0,0.0
hog_5038,0.012522494123155647,0.0,0.009974663483676371,0.0,0.003532713770455276
hog_5039,0.01305205246455765,0.012023798398239416,0.017563750485073637,0.0,0.0017922766282323366
hog_5040,0.0,0.0,0.0,0.0,0.0
hog_5041,0.022707517287433143,0.01170107575854562,0.0,0.004465672326838144,0.018976310080129677
hog_5042,0.004798619243949975,0.02851295858277103,0.0036369326141700853,0.0,0.0
hog_5043,0.0,0.0,0.024484753734858256,0.0,0.0
hog_5044,0.02678607526871657,0.0,0.008167829364355672,0.0,0.018553460724769932
hog_5045,0.02580452572413483,0.01596804308866262,0.03483390175193524,0.005530622855417944,0.004225665504117737
hog_5046,0.0,0.0306782071659486,0.014821601944882357,0.005898067181633104,0.0
hog_5047,0.01105952083478745,0.003552989617681579,0.014107989418438605,0.0,0.0
hog_5048,0.0,0.013304276533089299,0.0,0.0,0.0
hog_5049,0.0,0.0,0.0,0.0,0.008832743601735027
hog_5050,0.01865060642576921,0.010624576156435417,0.007585241978708135,0.0010817244149228245,0.0
hog_5051,0.030174146314212447,0.030924610068601366,0.010491473293311238,0.0,0.007685437287017871
hog_5052,0.023694306437058055,0.0,0.012827133081702025,0.0,0.001594386720521035
hog_5053,0.007628728088647341,0.0,0.0,0.0,0.003937398007203496
hog_5054,0.0,0.0,0.005444868074423015,0.012757594427846186,0.0
hog_5055,0.025454110664693275,0.0,0.0,0.012479905627967414,0.015924507754948802
hog_5056,0.0055884107770520774,0.0,0.01580794845640421,0.0,0.0
hog_5057,0.02378939970531868,0.0,0.020595510391833383,0.0001698763569348838,0.011979507552070334
hog_5058,0.0,0.004495297959142608,0.028694462141085397,0.0,0.0039396176450587905
hog_5059,0.0,0.0,0.019918231686061993,0.005530627684211087,0.018496109477161404
hog_5060,0.005414397499185375,0.003129900877109959,0.0043967520039858154,0.0023495562854332075,0.0
hog_5061,0.03129982252706687,0.0025069468931915306,0.01770877135840898,0.009280767799759282,0.02540438110917953
hog_5062,0.0,0.015243623478621293,0.030849401724927894,0.002407332090976988,0.003377895597786784
hog_5063,0.0,0.0,0.009144538486693055,0.0,0.0
hog_5064,0.0,0.0,0.019840588298331463,0.0,0.0
hog_5065,0.0,0.026445402393628692,0.018933179866444494,0.0,0.0
hog_5066,0.010896457145366023,0.0269247963656698,0.034463879034223766,0.015104314438694422,0.0
hog_5067,0.006754271206305118,0.01646676559631377,0.04810782739690822,0.0,0.0055597877847928245
hog_5068,0.01622104033942784,0.024422564757469845,0.039144087173704545,0.0007774952786294698,0.0
hog_5069,0.006641239352864536,0.0,0.016316137515980822,0.0,0.001765292806087393
hog_5070,0.03701877843233392,0.008347168908571012,0.0427436049880634,0.012230070116840075,0.006355370440932262
hog_5071,0.032813761690334786,0.0,0.014927889388962834,0.0,0.0
hog_5072,0.007681367753425983,0.01779795213561486,0.0268892716125837,0.0,0.0
hog_5073,0.018335380888400366,0.01697350784741003,0.014569089679087543,0.003882561605859758,0.0007551986268687916
hog_5074,0.02073090707749836,0.03712288385118523,0.0463126216163674,0.019419470862569677,0.019620820633247105
hog_5075,0.022999947929024822,0.0,0.016798782289937808,0.01735326449948804,0.0
hog_5076,0.03367075426796817,0.0004210190634348354,0.015135673323866117,0.0,0.0
hog_5077,0.0,0.0,0.008488677394203004,0.0,0.0
hog_5078,0.028704166967118416,0.001258175040566245,0.002821444724896649,0.0,0.006867067908380875
hog_5079,0.0,0.0003879455922048969,0.0,0.006320243700842498,0.0
hog_5080,0.005839487715010527,0.004924399596883733,0.017706404682072963,0.02071177611969266,0.0
hog_5081,0.026498649872690017,0.004293405304000242,0.027444790731653068,0.0,0.0
hog_5082,0.01669831108839115,0.0136853204862184,0.0,0.0,0.0
hog_5083,0.0089630325300738,0.00650285127184258,0.0,0.00801041364994104,0.0
hog_5084,0.0032820352647870976,0.0,0.0,0.0,0.013324356626837064
hog_5085,0.0037958323483060497,0.010866796464997774,0.014254367379451294,0.010351279629199794,0.0
hog_5086,0.006071743599767698,0.016106530593221757,0.03544132036500702,0.0020548575492955745,0.014093867281976369
hog_5087,0.009387030768693405,0.022815968593363323,0.015021668219244999,0.0060577144467164334,0.0
hog_5088,0.027064467029465966,0.02990774719843814,0.0,0.0074110296655778285,0.008648673834550813
hog_5089,0.012500709804140753,0.01681338601819138,0.009761633663924796,0.00583035164845036,0.02204148550467333
hog_5090,0.04109563398976368,0.01997707436725804,0.0,0.008443822007456303,0.0034664209363053367
hog_5091,0.013848795734170638,0.009757061245459164,0.016992772692042468,0.016232245141861723,0.010401586465220936
hog_5092,0.0,0.0,0.010871148381356388,0.004090192973030815,0.009426545608490322
hog_5093,0.0,0.0,0.006614417260647709,0.0,0.010412842205862027
hog_5094,0.03906690860100692,0.0,0.010437223584194077,0.0,0.008638986466013687
hog_5095,0.013423026830411189,0.0,0.027815742373979768,0.003653479661310355,0.0
hog_5096,0.0,0.013734744757675221,0.0017174076054633503,0.012250705119092542,0.004153766095814193
hog_5097,0.0,0.0,0.0,0.0,0.0
hog_5098,0.0,0.004445847161923755,0.024678515588145933,0.0,0.014311839032386864
hog_5099,0.0,0.0035955668545792907,0.003659897821753244,0.005644982701920709,0.0035769791494382197
hog_5100,0.013081145395436256,0.005881995653647554,0.038688412869963607,0.0,0.014593531308426
hog_5101,0.007174265272052116,0.011242503581361696,0.011984188142208696,0.017787645074500702,0.0
hog_5102,0.0,0.00032600444045294275,0.004327207907669495,0.0,0.0
hog_5103,0.0,0.0,0.016386288460053855,0.0,0.00045546965357146085
hog_5104,0.012459704438517294,0.012829663610997466,0.014021444801818772,0.00465931383232987,0.03594648813801116
hog_5105,0.0,0.0012743614585453145,0.0,0.009474134612500684,0.0
hog_5106,0.041679288793191605,0.0272671990418365,0.015337268124248071,0.0,0.018928374657187774
hog_5107,0.0,0.0,0.007362711717063597,0.0,0.0
hog_5108,0.01634716802412317,0.013192527525732967,0.03414273385657829,0.006563200149156012,0.0020075755974704457
hog_5109,0.02360901726332698,0.013019489487673841,0.021214258394607333,0.0,0.011528453150123186
hog_5110,0.0022144640783869907,0.011941146218547916,0.030594335878966206,0.009264489527316622,0.0
hog_5111,0.05103692468144816,0.001742029256556421,0.021519434536850568,0.003124810661659261,0.0
hog_5112,0.0,0.00140882919791685,0.0051977180588838046,0.0,0.0
hog_5113,0.021813179404138516,0.01557794390551015,0.0,0.015336533710436084,0.004186658642631791
hog_5114,0.03257739966560824,0.0,0.0016318094885179324,0.0,0.0018692264786854818
hog_5115,0.020994469670367444,0.012419863749143945,0.0,0.0,0.0022199171820616037
hog_5116,0.024744982040233898,0.016627426144731228,0.021427547349513132,0.0,0.0
hog_5117,0.020409845561860207,0.008064747688028007,0.006205798194078627,0.0,0.0
hog_5118,0.0,0.001558055846618167,0.004629801716939275,0.0,0.0
hog_5119,0.02687099527063963,0.01200438310543861,0.01526574732938868,0.0,0.012146296368412912
hog_5120,0.0,0.0014390660350145357,0.0,0.0,0.0
hog_5121,0.005624032397494982,0.0,0.017246621026247855,0.01219083283101674,0.0
hog_5122,0.0,0.01120990789985532,0.027082453376636062,0.03074608039624316,0.010893284931197567
hog_5123,0.026789406836897678,0.0,0.008017827473800532,0.0,0.0026537886281372547
hog_5124,0.019604713663483153,0.02094263662117446,0.005197990093688487,0.00147685471354575,0.012983129153913309
hog_5125,0.020700542619282114,0.004051147105327502,0.025159564977138338,0.005804211033127782,0.0011420625990861133
hog_5126,0.008628072465092451,0.009571970892301662,0.031658209962522,0.011046479766364081,0.02484874608373011
hog_5127,0.026997926506420633,0.010942424376725768,0.005765047738885087,0.022726307874763707,0.01371780866091421
hog_5128,0.026920958419881513,0.0,0.03331632239451077,0.0,0.018846363050097015
hog_5129,0.030442120305595344,0.029102259736154767,0.026274225366352377,0.025669353172719678,0.002709326255207145
hog_5130,0.007453826285974241,0.0,0.014628455699449816,0.0,0.0308810433995097
hog_5131,0.011279441249325561,0.0031038537986662895,0.025871160133081883,0.0,0.0
hog_5132,0.01571473869749762,0.02054123944639863,0.019283614382969994,0.03262943770647175,0.019636467043326222
hog_5133,0.011853436037094767,0.00566484255436972,0.0,0.0008270733120572249,0.014226024549250926
hog_5134,0.017877366768600744,0.0,0.02473636180182104,0.0,9.679751875646403e-05
hog_5135,0.014512061895424644,0.0,0.006430430768093354,0.0,0.0
hog_5136,0.04719872364387534,0.04123496835113061,0.033087293726440814,0.009736023255671133,0.04196898897907264
hog_5137,0.010202028713798494,0.015961711923206723,0.0,0.0012185689446315706,0.022556892079829582
hog_5138,0.004844715261028032,0.0,0.0024883127641319724,0.0,0.0
hog_5139,0.007362079816345846,0.0,0.0018898791890700206,0.012833151675804011,0.001616066429700913
hog_5140,0.0,0.0,0.0072052752089604155,0.0,0.014326123135949498
hog_5141,0.0,0.009214464510255427,0.0006367339504860237,0.0,0.0
hog_5142,0.017544361844603173,0.01107180042784539,0.005077681246772325,0.010903993794702638,0.0012742232530362774
hog_5143,0.0,0.0,0.0,0.0,0.009510607404598748
hog_5144,0.005180967826555749,0.014486754496824128,0.0,0.0,0.0
hog_5145,0.03819804802423277,0.011882467206211667,0.0,0.03576313602385528,0.006270158709325013
hog_5146,0.0,0.0,0.01135272359344408,0.0,0.0
hog_5147,0.021273106893934246,0.014256784084999863,0.025164668547519975,0.001816535787484197,0.0
hog_5148,0.011476809750921912,0.03104725785026341,0.020591398952447326,0.0073924498997555155,0.0026898364097207583
hog_5149,0.0051568682974665325,0.019869823808465137,0.0395319828691203,0.0,0.0
hog_5150,0.022851850462366485,0.003919499749415634,0.0057871124553197095,0.008241615707042627,0.01868785437150633
hog_5151,0.007081085916516239,0.0,0.0007980141060230928,0.0,0.0
hog_5152,0.01648769952349749,0.018743369201042137,0.007813515689124806,0.0,0.004687575409166422
hog_5153,0.011587957560094786,0.0165767488953934,0.012127458379131761,0.01570461035542947,0.0
hog_5154,0.018849013206129417,0.002137099910569651,0.01043688846480828,0.0,0.003293909551215002
hog_5155,0.019374788182265235,0.0,0.003526718568577447,0.0,0.008388109473546734
hog_5156,0.00480658028379688,0.009604151980292963,0.027135596234322934,0.0,0.0
hog_5157,0.027243242708137494,0.01747595799168078,0.024155062107102943,0.0022370732823253636,0.0054270198611898746
hog_5158,0.0,0.00972942417465128,0.0010916984158715337,0.0,0.0
hog_5159,0.02378690294439134,0.004361799211680006,0.006100433112209869,0.0,0.006137386394166722
hog_5160,0.0,0.02363159394023895,0.0013072690517137442,0.0,0.0
hog_5161,0.013177436639159712,0.0,0.01896001427981986,0.0016491806369220985,0.014417905842622147
hog_5162,0.03094410320257701,0.024079960150297675,0.018926738148854705,0.01197364003898116,0.010297916665654494
hog_5163,0.01865425800433962,0.029687766831122397,0.028509755259481073,0.029937340160638204,0.0018218709251587306
hog_5164,0.04272058220199404,0.01466846602176064,0.04319468245985969,0.008168634192635693,0.01595319930149741
hog_5165,0.0086258621012818,0.02774123599513434,0.013458111827128416,0.0064075114896593455,0.0015841882209581826
hog_5166,0.024582748440500346,0.006805782467631083,0.038471752269243265,0.0021422602259839607,0.0
hog_5167,0.013503980341124766,0.0,0.021048387860557405,0.017607339541509504,0.0
hog_5168,0.012069374861310322,0.0,0.05129148952572726,0.0,0.005719543285416684
hog_5169,0.0,0.0017558212681163532,0.033756137332003444,0.007802933605413953,0.0
hog_5170,0.012850407793637775,0.0026495416642000613,0.012791964120913102,0.019403753328469442,0.004159236815570733
hog_5171,0.0047010668172153824,0.009805072874353282,0.0,0.006092506136058162,0.0
hog_5172,0.009149771542174001,0.017795311384031454,0.01810811105686949,0.0038264756708414893,0.00811621766489723
hog_5173,0.017638459027150555,0.02441111104638871,0.029820728186241263,0.0,0.0
hog_5174,0.019884769326299123,0.0,0.010447921404503235,0.0,0.0
hog_5175,0.0,0.0,0.015549360099732956,0.0,0.0
hog_5176,0.030028257611995235,0.0,0.014138466511221637,0.006719017793812787,0.031039463015622548
hog_5177,0.028925509000435223,0.011785094617131842,0.027963426599691976,0.01166814253326831,0.010191956157908244
hog_5178,0.0,0.001403987628882275,0.02146923768532094,0.0,0.0
hog_5179,0.0,0.002543680482314681,0.0,0.0,0.0
hog_5180,0.03279560930791803,0.020826748517221105,0.020951261520956388,0.0,0.008101592312548034
hog_5181,0.011792907880563863,0.0,0.0144339728256353,0.0,0.0
hog_5182,0.03375099141071858,0.006939868881917111,0.024919692709941543,0.01233298183805509,0.0
hog_5183,0.021683853033208633,0.028726286318938365,0.029245348950278638,0.0,0.04701896833929897
hog_5184,0.048738278854020045,0.009970617860290076,0.03243512705967233,0.015656202140115205,0.018730289706884395
hog_5185,0.04447431759653342,0.002153628336748037,0.0011538857823836235,0.0,0.013706966693008082
hog_5186,0.020841618792672323,0.01551016092647406,0.002095654703741623,0.007234021942738922,0.014086311593617173
hog_5187,0.028581429662928093,0.001111450393309621,0.0033592048592683277,0.0,0.004149648918640336
hog_5188,0.011796263911251437,0.021399596943902477,0.027408416314232076,0.0,0.013407117640394928
hog_5189,0.0,0.021359596436630435,0.019323203737298122,0.0154599763712997,0.0
hog_5190,0.015567455697528931,0.0,0.015903481371140282,0.0,0.0
hog_5191,0.00722380176788584,0.0,0.009993095873701341,0.0030689856655770065,0.0
hog_5192,0.028445784330847212,0.0001998244521403958,0.014184510493162161,0.0034424874118466064,0.0
hog_5193,0.028058929997039295,0.03042882958857729,0.023503911945421452,0.008435685084272171,0.0021452670376829186
hog_5194,0.0,0.0,0.04906327012638645,0.012831793998638874,0.0
hog_5195,0.027476764762017325,0.0,0.0,0.0,0.0
hog_5196,0.022713991103649578,0.011119491526889513,0.0008636515551811996,0.0,0.0
hog_5197,0.02335350618001497,0.01148824355858813,0.01403947360311486,0.0,0.015583631238258233
hog_5198,0.013377936207209284,0.0057050027418652505,0.03149810418069854,0.008249140788753495,0.0049074596915510416
hog_5199,0.0,0.008611489127211769,0.0,0.0,0.0
hog_5200,0.0,0.0003194056470892104,0.003408157776635612,0.0,0.0
hog_5201,0.008669668649020634,0.011805989353998791,0.0,0.009038063296322507,0.021878286848171058
hog_5202,0.031014004436488385,0.0,0.015945873527364984,0.000399148427068452,0.003969855993311899
hog_5203,0.02174508992339419,0.0,0.004178937241134051,0.006822702551515514,0.0009287775281259236
hog_5204,0.0,0.0,0.04586260515683427,0.012692734149757579,0.0
hog_5205,0.03219246784486973,0.017426933535867217,0.024435786538023807,0.0,0.0
hog_5206,0.008983438974504487,0.008907639002018852,0.006805353288015459,0.009368164427991044,0.01839387729641051
hog_5207,0.0038854056231747425,0.021333216838815616,0.0,0.00298689389821738,0.013560347347196133
hog_5208,0.012133344899137422,0.0,0.01650048889501221,0.02125687362133566,0.0
hog_5209,0.02255617258579945,0.0032528862217202636,0.01748702103450528,0.010718279940396203,0.0
hog_5210,0.03456299990343359,0.0,0.026268536430398726,0.0,0.011807926536214097
hog_5211,0.0029505474678528376,0.01707333458340443,0.01976721105800583,0.006949950750205991,0.0300004926261086
hog_5212,0.026884807011597678,0.0018569664027436872,0.01631638183604367,0.004095952852740226,0.0
hog_5213,0.0,0.010845292575287324,0.0,0.012113515555038257,0.0
hog_5214,0.0,0.0,0.00883789557599024,0.03248309549657247,0.004847959419997272
hog_5215,0.009858196381147488,0.0,0.0,0.0,0.0052710147872490065
hog_5216,0.03905116001668385,0.0,0.02378389254907609,0.0,0.0
hog_5217,0.009164026537403336,0.008825446466680376,0.007477791145811041,0.0,0.0004856736403004991
hog_5218,0.0,0.0,0.0070076602605222416,0.0,0.0
hog_5219,0.0,0.00660116776918751,0.03201309743953451,0.0,0.021532159396607797
hog_5220,0.007982947044356203,0.0,0.03653103892747045,0.016102225112287982,0.014540267724437728
hog_5221,0.014848000552370788,0.026143385588716317,0.0256610631817753,0.003512936555956303,0.021512124867644644
hog_5222,0.008397614916626939,0.0,0.0021066232868749424,0.01897925360720576,0.034343933531845616
hog_5223,0.021312356095272378,0.022105677265293666,0.019722985729752507,0.03680617518007723,0.030857755456710212
hog_5224,0.01329283946915183,0.0009940121201532648,0.0031402195442038483,0.0,0.0011605593625934052
hog_5225,0.01806785657558363,0.0,0.016439091137835593,0.00465699834733968,0.002123748051760632
hog_5226,0.022175305660296685,0.011641372621477908,0.003718965453942902,0.01184397528432335,0.012695297310802989
hog_5227,0.0,0.0,0.0052449823025766396,0.0,0.0024343388144123512
hog_5228,0.0,0.0,0.017316971519530933,0.0,0.014190821875523785
hog_5229,0.017778097058263054,0.0,0.008255428924637265,0.0,0.0
hog_5230,0.021283603534869355,0.009515302337872011,0.04239283125710913,0.0,0.0013778210195871665
hog_5231,0.013523526651458395,0.01037591535761706,0.0019832710613694182,0.023161517744197724,0.016631875783745365
hog_5232,0.02006308573782256,0.0153326362836268,0.03598435177578252,0.04211407551095547,0.03222897028993055
hog_5233,0.0,0.009508595255272256,0.014422504656445234,0.004109720100329728,0.003508840074706532
hog_5234,0.008154265333971011,0.01855492769605127,0.021701004688220893,0.0,0.016299400956923504
hog_5235,0.01584431053911617,0.025376887065003073,0.02503340067569204,0.007085355145064254,0.008692052709993625
hog_5236,0.016095917902862578,0.0,0.02103149514889524,0.01035173974914505,0.003430489605730891
hog_5237,0.004855045587797591,0.018263875666478357,0.021471330623725526,0.006624772966388415,0.002049078450298447
hog_5238,0.018279721567102225,0.004741323744164916,0.033899852467425884,0.018587289650924044,0.029145632597659787
hog_5239,0.0,0.0005031504199952685,0.018802200138183567,0.0,0.0
hog_5240,0.005862795424329104,0.0,0.015251890542361313,0.0,0.0
hog_5241,0.004702907391548772,0.016703266697290164,0.0,0.004818540674060623,0.0
hog_5242,0.022298460219783545,0.010246318501391904,0.013606922066827343,0.012645706068190155,0.00845473598669888
hog_5243,0.01135884436838186,0.01805148369101084,0.01669304670653715,0.019577406560158384,0.016869259509318724
hog_5244,0.00865896213279238,0.00714143153372282,0.0,0.0,0.003616495918451035
hog_5245,0.0,0.014998599075626062,0.03443702193817688,0.0,0.03767902344525753
hog_5246,0.02514211641846087,0.021517001308314132,0.029507760150189632,0.027044596848231794,0.01884389923408958
hog_5247,0.010434015068179647,0.010133828939716372,0.023065293195919656,0.0,0.019171661147191488
hog_5248,0.0,0.0,0.005340294283915359,0.0,0.00826367610462797
hog_5249,0.024339513164853832,0.01928593515046706,0.02214116201199645,0.0017950218988347366,0.008167545704394152
hog_5250,0.0,0.00562976502271284,0.026038731943994975,0.001272810702523497,0.0
hog_5251,0.026076514871897993,0.0033543529447728204,0.015460816305175262,0.0,0.002939372524160211
hog_5252,0.009783225741438084,0.014144749906526588,0.007366232519443905,0.005719543557731299,0.007958047680703073
hog_5253,0.014552730460114738,0.005012021786140686,0.01451078243888504,0.006543895116996934,0.02301292106316244
hog_5254,0.012907287390696132,0.0014494869774068775,0.015025445536054116,0.0,0.00978434823584351
hog_5255,0.022460852922548735,0.0029425933254241254,0.03668758626186985,0.008060098223653833,0.014479135899913231
hog_5256,0.045470879736602576,0.019065607308345056,0.035006666361765415,0.0,0.004462443946785077
hog_5257,0.010249477329945966,0.010255476374914307,0.0008594713633978124,0.0,0.011607054374995318
hog_5258,0.015944909861728362,0.021458379010327322,0.00222767325688622,0.01024060753862388,0.021320298209825284
hog_5259,0.021199081048671742,0.011360535782080294,0.030966418569851273,0.0029292101312372587,0.00012318642513498013
hog_5260,0.007788809676643638,0.009789490228124587,0.0062422608031378335,0.0,0.007235229013149214
hog_5261,0.0,0.0,0.013572281155500132,0.0,0.0
hog_5262,0.0,0.009646876145778416,0.007312107471102003,0.019902739436837624,0.0
hog_5263,0.010176611932867008,0.0,4.094522195741135e-05,0.01228649035853513,0.003647344923032758
hog_5264,0.0006258324864731879,0.015324717025673396,0.025300082761052334,0.01668274330441344,0.0
hog_5265,0.013919822814477678,0.01416641016245812,0.02561191261486484,0.012753615364131665,0.0
hog_5266,0.006004495698782808,0.032185026297263164,0.011752965412873406,0.0017851194821572047,0.0
hog_5267,0.005786911160827302,0.00252897320540324,0.025115896450808473,0.003848137307524313,0.0
hog_5268,0.013600859729765213,0.009186785641045025,0.02476137928832589,0.01228133829310818,0.002327768797127927
hog_5269,0.024930223205924973,0.013114618448348825,0.015473113036222008,0.01917362383494714,0.0
hog_5270,0.0,0.007189939481252461,0.007187564460177542,0.0,0.0
hog_5271,0.01493067308530005,0.0055092314317155555,0.0,0.012045351925950465,0.00600960903030745
hog_5272,0.0,0.0,0.029476818175037556,0.0,0.0033187495425728297
hog_5273,0.017822984147253917,0.0169523484512506,0.029343881031555163,0.011156311470484681,0.019014829712924675
hog_5274,0.0035059038080464955,0.006843414964041505,0.009219528798269705,0.0,0.012410715548549556
hog_5275,0.010330390994485406,0.04014093281564901,0.031142331133486634,0.007598380028217111,0.0
hog_5276,0.01759209552064034,0.007700076301131675,0.001760267093497525,0.0,0.0
hog_5277,0.03132227738604998,0.022302556006822405,0.01971232108122023,0.011199718747209708,0.018316957304698622
hog_5278,0.013493752990410446,0.02051594603940865,0.028457153686997527,0.021843541087979146,0.031022079563392424
hog_5279,0.007453216910575655,0.014605788046910817,0.011370582281464037,0.012217777976790467,0.01873041216799609
hog_5280,0.013961993582613186,0.0,0.04086218099778294,0.008007774555258473,0.016370029859477997
hog_5281,0.030525797537055865,0.0029782756490528417,0.009044276017684982,0.03196459934519802,0.01796007979722436
hog_5282,0.0,0.028638729193538826,0.02671729899021602,0.02954972131648037,0.013278687917690046
hog_5283,0.025479949015768,0.0,0.0,0.005622767813634022,0.0
hog_5284,0.0,0.028951884279567963,0.05074988558254523,0.021146793638999295,0.0
hog_5285,0.0,0.003506914916531212,0.0,0.02109863743012874,0.0
hog_5286,0.0,0.014462694518582175,0.021046920958424753,0.0023103618489175304,0.0
hog_5287,0.0,0.0,0.0,0.0,0.0
hog_5288,0.008313638086568487,0.0018090358097284653,0.006334465225699137,0.0,0.0
hog_5289,0.022937481505054924,0.006432906845937225,0.042291771443641046,0.025268347709345385,0.04715095546736081
hog_5290,0.0,0.010414255722900556,0.008850952589875893,0.0,0.009948608746099818
hog_5291,0.009858509728590592,0.0035394915217947798,0.0008161261347570115,0.0,0.0
hog_5292,0.0005116376819103152,0.010560947013513289,0.011186154774356583,0.0,0.0
hog_5293,0.02700176612962113,0.007165832519120174,0.023697652013525694,0.0,0.004803546112716051
hog_5294,0.013485335373169427,0.009571017951623517,0.009472859753550944,0.008424144264564282,0.021139977266118715
hog_5295,0.05392592483279102,0.015467111037980708,0.0444039079543439,0.029386384093939677,0.022175983214013595
hog_5296,0.0,0.0,0.0,0.0,0.0
hog_5297,0.0,0.011342133648546415,0.02443626261715015,0.026508952197061397,0.0
hog_5298,0.011113006741373166,0.0,0.014991080099903353,0.0,0.0
hog_5299,0.025797024452708817,0.017549192958284277,0.0054550051804247435,0.0,0.0
hog_5300,0.022904854073944936,0.001478905358978766,0.019828133547030724,0.0032069330356672143,0.015428646094433729
hog_5301,0.0431804620718208,0.0,0.0,0.0,0.0
hog_5302,0.01974348428203987,0.007740029272413684,0.024298076607253583,0.013532304588717237,0.0
hog_5303,0.016237977494764744,0.0,0.0026576098144759364,0.007209727991061898,0.0
hog_5304,0.0,0.0,0.020398951451424896,0.003347001576885722,0.015680736149569885
hog_5305,0.021784935880621692,0.0041635000301807334,0.005167641998739425,0.0,0.0
hog_5306,0.006749088169865525,0.004978727060861221,0.016203307500785025,0.0,0.011531497951653202
hog_5307,0.005909232068855408,0.0,0.020787296984859926,0.01324086276431835,0.0
hog_5308,0.016752839014608778,0.013154313262708106,0.00872061407836644,0.016212747030845742,0.0
hog_5309,0.016824080836389754,0.02688984027873853,0.022662195650573036,0.0,4.6746248248297206e-05
hog_5310,0.011626862652557302,0.0,0.011358836663024174,0.012591974348229673,0.0
hog_5311,0.015046844116649805,0.0,0.006392054058373731,0.01342842620752771,0.0
hog_5312,0.006521901797064578,0.01960307781350834,0.007521023147696537,0.040213729926918074,0.005888136125877574
hog_5313,0.0,0.0,0.0,0.019169332127005223,0.0
hog_5314,0.0,0.0,0.0,0.0,0.0
hog_5315,0.0,0.0,0.0,0.0,0.0
hog_5316,0.018045495362004838,0.0,0.018126311344843993,0.0,0.01627576888627158
hog_5317,0.003055807244441544,0.007784049867248344,0.01331261206713985,0.009127751173528376,0.0
hog_5318,0.0005185650940235931,0.0018883377991429917,0.0,0.0,0.0013137940247565094
hog_5319,0.0038648421975222558,0.006950059311757295,0.037483201192664684,0.0019371760069815114,0.01562374852275017
hog_5320,0.0,0.0,0.010100143811113238,0.00684193243629827,0.0
hog_5321,0.0,0.008336968115427057,0.018686633047142687,0.0,0.02404931114367037
hog_5322,0.004128032394163039,0.022033393034002202,0.017921584431129123,0.003325894300242771,0.01029150273184376
hog_5323,0.0,0.01084250192400038,0.007842784719457985,0.025031753800220047,0.003648704805563785
hog_5324,0.0,0.0,0.0,0.0,0.005031514703998763
hog_5325,0.0,0.007707888249214978,0.025505595162461203,0.0,0.016561370473751058
hog_5326,0.0,0.0,0.009388148528857387,0.007074968706106244,0.0041303077760062035
hog_5327,0.015645028450805176,0.0,0.015223429192926519,0.001328132272937932,0.009166786309727115
hog_5328,0.015889291421567586,0.013262582626506036,0.0390711109321662,0.0,0.013397316808640092
hog_5329,0.02857180483857813,0.016800484368603597,0.02553543462324237,0.030419704055312913,0.005739311371616873
hog_5330,0.015149701328881937,0.0,0.0,0.0,0.0
hog_5331,0.003533735541573213,0.0,0.0,0.0,0.0
hog_5332,0.0,0.0,0.01352253321682051,0.0,0.0006902920552658287
hog_5333,0.0,0.0,0.0,0.0,0.0
hog_5334,0.0030663915335182867,0.031057748551267306,0.006438361165039153,0.0,0.006461306118171972
hog_5335,0.015634969664071408,0.0,0.014023447601559713,0.008634928208555381,0.0
hog_5336,0.0019788797897706267,0.008756482420044787,0.024880712764096424,0.0,0.002780939138691041
hog_5337,0.0,0.0,0.028814014956430656,0.004883669362482301,0.00015324601598765142
hog_5338,0.013462720757454472,0.013601592064780066,0.006211894547643704,0.0,0.0
hog_5339,0.012819861087822737,0.0,0.0,0.0,0.0
hog_5340,0.034708824185943676,0.0,0.03359741593720722,0.027031891471071656,0.007893231724722893
hog_5341,0.028206939885726534,0.0030730322671952415,0.0,0.0,0.0012094256993993024
hog_5342,0.006082677447651008,0.0,0.01327015639119744,0.022993550188355583,0.029251526718128584
hog_5343,0.0,0.0,0.027177158363560494,0.0,0.0
hog_5344,0.0,0.0037660874229465957,0.015707064603399212,0.0,0.0
hog_5345,0.004822675651416697,0.02928809179042169,0.021685470502518678,0.024292298198632212,0.01407932664637479
hog_5346,0.0,0.007567654159781112,0.014964336463238581,0.0,0.0
hog_5347,0.0032689841719109047,0.0,0.007303254076198362,0.0,0.0
hog_5348,0.008572752731843991,0.0,0.017877089414069403,0.018092614831648923,0.014994510537530426
hog_5349,0.0,0.0,0.0,0.0024013072451412043,0.0
hog_5350,0.0033302439547822082,0.030942110180487647,0.016296407328895812,0.0,0.0
hog_5351,0.013795354155863304,0.015634322717002824,0.016144935920085146,0.0165198486739504,0.0
hog_5352,0.022074921538116188,0.011013063101789955,0.0007526933269632607,0.005600965459242602,0.008401275268481001
hog_5353,0.0006408744881221118,0.0,0.0,0.0,0.003401684085854173
hog_5354,0.011736450723155656,0.0,0.0,0.0,0.0
hog_5355,0.04465137904966521,0.016142390347195557,0.0,0.022909379646595784,0.014385501855386229
hog_5356,0.033404389809445156,0.022162882839831255,0.04499500000360501,0.015284756006347155,0.03594489881050822
hog_5357,0.0,0.0,0.011898355835336272,0.0,0.012208019449713614
hog_5358,0.008052524462797361,0.0006061022021683904,0.0,0.027932034833378916,0.0
hog_5359,0.0,0.002927681037665053,0.0,0.0,0.014335975999006267
hog_5360,0.010566585759166136,0.0,0.008549414307251979,0.0,0.009142508241856806
hog_5361,0.02044037846266611,0.02018183163725218,0.0,0.0029779977498916033,0.005425836131809136
hog_5362,0.0,0.014620991083128532,0.019681749656292657,0.0,0.047420775716034536
hog_5363,0.0,0.004120049460573538,0.0,0.007951297213171005,0.014111988166694012
hog_5364,0.026325768565216956,0.0,0.005542271492605444,0.01247036466123097,0.015364299206433119
hog_5365,0.008559348297103364,0.0,0.019687336312945503,0.0016144164398679273,0.004744679180162192
hog_5366,0.010622915929867416,0.0,0.006175448555612473,0.004322295939508614,0.0
hog_5367,0.02484424450162903,0.0,0.015879190357561468,0.0,0.023439154056359657
hog_5368,0.01513854185343666,0.0008085390189696007,0.023613907562534564,0.0,0.013257165176892016
hog_5369,0.0,0.0,0.007674705281925487,0.0,0.0
hog_5370,0.01803293183553678,0.0,0.01177366938929958,0.01665705334188683,0.0
hog_5371,0.021218673007235234,0.0,0.0,0.0,0.0
hog_5372,0.003825012090071356,0.0,0.016462337562218377,0.0,0.016789583388931995
hog_5373,0.0,0.0,0.006595842634287585,0.0,0.0
hog_5374,0.0,0.01365310438468148,0.0,0.0,0.011983614036094492
hog_5375,0.0,0.00701363995963411,0.003355116413222392,0.00542390142727478,0.025588561823545852
hog_5376,0.0,0.0,0.0,0.0,0.004170164209776894
hog_5377,0.028466676793309942,0.0,0.01413575656099808,0.0,0.0064245292961992995
hog_5378,0.014434358009153048,0.0029349916197007886,0.00888323883356601,0.001131297492988459,0.011658917559080217
hog_5379,0.0036682179284119876,0.0,0.0,0.019273432260648482,0.0
hog_5380,0.015798494595881785,0.006839877114065862,0.0,0.015072298798997519,0.0316701114497453
hog_5381,0.006024013995612254,0.006200960702095193,0.021810658522257276,0.0,0.0
hog_5382,0.0,0.0,0.014910869437089636,0.0013977951176795678,0.012702166317146935
hog_5383,0.0,0.0,0.005673728757452423,0.010316734342553424,0.0
hog_5384,0.0,0.0,0.0,0.003399354336938165,0.0044884171128580785
hog_5385,0.0,0.0,0.0,0.0,0.023327251081253664
hog_5386,0.03680203796283621,0.005613016171135854,0.023545862735568246,0.0,0.0038642344752897184
hog_5387,0.0,0.0,0.0,0.0,0.0
hog_5388,0.0,0.009592543078052351,0.010300772453666562,0.011385217679944493,0.024753944322699617
hog_5389,0.0,0.0,0.008942986930756014,0.021135401261535458,0.0
hog_5390,0.01046798084977496,0.01381839870293633,0.008309851825560433,0.0,0.009049195931501552
hog_5391,0.0,0.0,0.012672564130762565,0.030886755693168233,0.0
hog_5392,0.01716030647343625,0.00450786388294766,0.01588753932191711,0.0018615162996251655,0.030830780889432807
hog_5393,0.018365254811760545,0.0008009923668588215,0.013161442447240379,0.01787688733731785,0.011620572967164122
hog_5394,0.005642342878508844,0.0,0.0,0.0043077072614414735,0.0
hog_5395,0.013425347178713576,0.0132323136716046,0.0243140964184414,0.0,0.0
hog_5396,0.010400594153960663,0.0005604417468438871,0.0030142240510795393,0.020646113398954613,0.0
hog_5397,0.004090601882453582,0.007487486039441382,0.024405869816550574,0.0,0.009770954331831394
hog_5398,0.004434834598390003,0.009303331312343843,0.005247607770013207,0.010052721268148046,0.017675905793767877
hog_5399,0.0023942809060504278,0.0,0.0,0.0,0.0
hog_5400,0.0,0.0,0.022893531708230164,0.029605077666479795,0.007487091996104311
hog_5401,0.02392381508737751,0.03161144927106552,0.012037547230645762,0.0,0.0
hog_5402,0.011519652062671693,0.006965895448536985,0.016062587680975016,0.005232198561457846,0.027431371100980373
hog_5403,0.0,0.009377178596012614,0.0,0.022499911517852356,0.00026558298165935135
hog_5404,0.004007734315937483,0.01088960181991716,0.03268458343190361,0.0,0.0
hog_5405,0.0,0.015314106980419906,0.0,0.0,0.0010625385837690349
hog_5406,0.0,0.0,0.0,0.0,0.0
hog_5407,0.01832106030999725,0.008023839931231125,0.011212458108688539,0.004606547115442172,0.023914445280075247
hog_5408,0.01287317753289785,0.013676089375358913,0.024463801716000377,0.02200362952603485,0.012069795216025803
hog_5409,0.05754992396624381,0.01128100765385942,0.040604499538911876,0.010934161713145985,0.031924799625776545
hog_5410,0.0046664044990776254,0.008044931555526436,0.008312017046482767,0.011077148502389944,0.005291871031844586
hog_5411,0.0,0.01050155204340375,0.01276035542730436,0.0,0.006730258668367739
hog_5412,0.0,0.0,0.004251218975567461,0.0,0.006646051325756908
hog_5413,0.02033019778022127,0.017302718294930797,0.022975777966290467,0.001968473199518206,0.017606457122691266
hog_5414,0.008910343935513376,0.012966865291142105,0.03179723579890226,0.002651406521908539,0.007230352936844264
hog_5415,0.013226231693358459,0.016465134553453886,0.0,0.006349965392563828,0.020422653094086973
hog_5416,0.0,0.0349866861128274,0.013849766509382855,0.009049328943852464,0.018740933130460213
hog_5417,0.027340819253324433,0.013551894738296877,0.031007548724786727,0.0,0.0
hog_5418,0.027260962864381844,0.02067155162371681,0.022597885811191487,0.014930670971983862,0.03883008450533976
hog_5419,0.013157915548610788,0.006844550191784204,0.020315749933591754,0.004691550668145084,0.01909516664542177
hog_5420,0.0,0.0,0.0,0.0,0.0
hog_5421,0.0005983238868791929,0.004259277544965023,0.0,0.02124770408813781,0.02102635510637496
hog_5422,0.027959648329197062,0.03232776755828737,0.03256488213309172,0.00242322677927187,0.016273943275077363
hog_5423,0.006412843589681083,0.0,0.01190356795880576,0.009870311288659117,0.0
hog_5424,0.012230514772373802,0.018632543037826466,0.0009496334083569646,0.0037513820215551164,0.00461714892855114
hog_5425,0.03352959684769541,0.0,0.011098452662626102,0.0,0.0
hog_5426,0.056046585318445086,0.03525338360890351,0.02131255938918608,0.015526260897930744,0.02750232771329042
hog_5427,0.03176403760116164,0.022715586887097183,0.012516078260129015,0.014010002733826132,0.0
hog_5428,0.014069990670666943,0.011447824629452041,0.021796351716845797,0.0,0.009439851902514507
hog_5429,0.008992471138314695,0.0,0.012323922473449267,0.0,0.0007825720470990838
hog_5430,0.0,0.0,0.0,0.0,0.0002247378994542082
hog_5431,0.02267813148007969,0.01687801279210044,0.0,0.0,0.020395718952131547
hog_5432,0.005208366986287016,0.0,0.00315708369616452,0.0,0.03328453400612519
hog_5433,0.010119064073979889,0.0,0.012657599593082658,0.0,0.0
hog_5434,0.0,0.0,0.004269715048699441,0.0,0.0
hog_5435,0.028536976088910704,0.026019861310123682,0.03425383211596533,0.02407754679690588,0.0011322356596303873
hog_5436,0.03313660997213774,0.009486319571750057,0.0,0.0,0.0007924278979478672
hog_5437,0.019284203016319168,0.0,0.03786527247867055,0.015638043591777784,0.012934110984352598
hog_5438,0.0,0.002730214905463324,0.007081003880726966,0.019178240629217358,9.122893059854142e-05
hog_5439,0.006671705745450396,0.0,0.017275799164808037,0.029171160291254772,0.0
hog_5440,0.024189613185232828,0.006734244382700316,0.0,0.006510093533549144,0.0
hog_5441,0.0409187551280179,0.0068230532354338624,0.014309534827365189,0.017129648192764302,0.0
hog_5442,0.0025601088385609483,0.0,0.006807817518247994,0.0,0.0
hog_5443,0.019405243837720798,0.012795776731653774,0.0,0.0,0.008409639555337911
hog_5444,0.02637438427019334,0.014060722103742096,0.02240666574052086,0.021219981130779164,0.0
hog_5445,0.008793366603082609,0.007272917584527638,0.0,0.0,0.0
hog_5446,0.0,0.0,0.04383305398439852,0.0,0.0
hog_5447,0.0,0.011761630191335914,0.0,0.0008784322880488471,0.0
hog_5448,0.007187295066843236,0.031697665648642515,0.021263524981525395,0.013181938553608497,0.0
hog_5449,0.031598891006393126,0.00023611628530750828,0.015632745765064904,0.010289146913581071,0.01308719846228934
hog_5450,0.005478755774546817,0.010177316050699936,0.00969751541295616,0.021255516178131595,0.0
hog_5451,0.007407896005046766,0.0,0.0,0.00677919286908768,0.002788305648814937
hog_5452,0.03505711153870261,0.046007961011880205,0.0,0.0,0.013654450367652116
hog_5453,0.033025725722659605,0.02033646167742087,0.05287765019076618,0.024454488803312024,0.025166107658313397
hog_5454,0.015623619788226017,0.0007517631966591498,0.021381203894176304,0.0,0.0026015760910242935
hog_5455,0.0021574320335733255,0.0,0.03972201771096184,0.0,0.0
hog_5456,0.0,0.0011656683409169144,0.004192467838165959,0.0,0.0
hog_5457,0.0,0.0,0.02632048031938239,0.0,0.008576724818930348
hog_5458,0.020805078573019387,0.011584607405470182,0.014022129014991336,4.7329013405317255e-05,0.0055439016226357385
hog_5459,0.0,0.0,0.003474762924032815,0.0,0.007360180946136774
hog_5460,0.007532286141116007,0.0041701293164637665,0.03328474213516874,0.013641336458274145,0.006910138312532954
hog_5461,0.010225109551611489,0.006738202478176136,0.03712986586433176,0.0,0.007217211044244998
hog_5462,0.017503822173023487,0.03164239257710855,0.03236867119601028,0.008252067858244061,0.010747405503024998
hog_5463,0.012105908437537893,0.019607882731273563,0.0,0.012228951079481298,0.0033552395902236576
hog_5464,0.0,0.003673188010850703,0.02598339307180275,0.0,0.0
hog_5465,0.004727556329150673,0.019459226493842907,0.01919589540931166,0.009778048297039765,0.0
hog_5466,0.022394968444243046,0.0,0.02040349249615847,0.011018984575397406,0.0
hog_5467,0.0,0.004167197788881527,0.038710531623458166,0.02975220819701363,0.0
hog_5468,0.003745563279661468,0.0019928634917658616,0.015551240970318236,0.0,0.01123712048943637
hog_5469,0.0,0.0,0.013381783627817834,0.0,0.01341625868026064
hog_5470,0.011971683637478359,0.020469620744783423,0.016642273610063985,0.012932578538623618,0.0
hog_5471,0.023783828165899967,0.024844857990653724,0.0359320570151449,0.01064860691261571,0.0005200059921222078
hog_5472,0.0,0.0,0.0,0.0,0.0
hog_5473,0.019004541744529035,0.0,0.005301257181869579,0.024179573713671854,0.013456739907716786
hog_5474,0.0,0.0,0.0,0.006215148049528052,0.0
hog_5475,0.0,0.026910838495225686,0.00462266237104636,0.0,0.005498640584071124
hog_5476,0.0,0.007273304960771165,0.0013638011279071272,0.0,0.015621750088884001
hog_5477,0.024669542064065686,0.01235193431461079,0.014159369341501415,0.0,0.0
hog_5478,0.008069853548154926,0.0,0.0013441955892898871,0.0,0.004252245768583851
hog_5479,0.0,0.0,0.0,0.0,0.0
hog_5480,0.036320017832983,0.008902897901799989,0.02594471778120555,0.021308187086238384,0.027801323020682167
hog_5481,0.00876742446668799,0.011446846881680184,0.0034863775523550355,0.0,0.02343819643263423
hog_5482,0.02398278367772755,0.014690954421488156,0.04162312773247612,0.03962381412836913,0.03283370172099653
hog_5483,0.018300006249801326,0.0,0.006175096373723488,0.00613931599759332,0.022130650687063325
hog_5484,0.0,0.0,0.0,0.0,0.0
hog_5485,0.023602606289126138,0.003425638306236989,0.012809119022424653,0.008326133906574773,0.009924181925315967
hog_5486,0.0,0.014740031453233104,0.012177335157226077,0.009530155214981795,0.007639696544855745
hog_5487,0.007159927514804654,0.0056477458264010405,0.0,0.0,0.0
hog_5488,0.015981845739676537,0.02787310560554035,0.017352500803581528,0.0,0.0
hog_5489,0.0,0.020464619637635684,0.009174280784790323,0.0,0.002729068011452229
hog_5490,0.003375170966037011,0.026451317575113098,0.011574017581882812,0.008721660124054731,0.0014882292409668096
hog_5491,0.0,0.0016186449669433056,0.0,0.009132745031732892,0.006466119650289759
hog_5492,0.0,0.03076621974682303,0.015090400043523688,0.0,0.016725776727450015
hog_5493,0.010879882115004458,0.010942467226033425,0.025515207234040993,0.0,0.0
hog_5494,0.0,0.0,0.0,0.0,0.0026172953740757343
hog_5495,0.0,0.0,0.0,0.0,0.0
hog_5496,0.045172032399698026,0.0,0.017793085333354774,0.007236738795383557,0.003839652615340361
hog_5497,0.0008846421967148022,0.006778622127970646,0.009243750950892471,0.032575321435837745,0.002957950502677331
hog_5498,0.0,0.0,0.006249361086616334,0.0,0.006597062945900012
hog_5499,0.0,0.04728655789260272,0.011243606183947374,0.014190261555242056,0.012248120169028542
hog_5500,0.0,0.0,0.0,0.002892447538671128,0.0
hog_5501,0.016470309646739567,0.00668025075727785,0.0,0.0007401331792995514,0.0
hog_5502,0.006755155466125151,0.014477507753928753,0.02091038160251335,0.004056513762480174,0.01866226391510506
hog_5503,0.013554129104004442,0.011184098173650625,0.013893467973795204,0.003649331060543881,0.02310517543572721
hog_5504,0.00499640004548052,0.0,0.02651499416804559,0.0,0.011198737493464117
hog_5505,0.020926512655332408,0.00706044100353953,0.00314940835038513,0.0,0.0
hog_5506,0.007497531432890225,0.00247635046633099,0.024541499462898964,0.007189308182695697,0.0
hog_5507,0.015151831862269205,0.0,0.013580690693971498,0.027645204794192635,0.008937626318224812
hog_5508,0.0010573116432812668,0.0,0.0014495341365590164,0.0,0.0
hog_5509,0.0,0.0,0.0,0.0,0.003971394268878381
hog_5510,0.008339881684240824,0.0037856280189052516,0.02107664432631373,0.028219694696275388,0.0
hog_5511,0.0,0.0,0.0052221112852273155,0.01034567722798263,0.0
hog_5512,0.006519606225572572,0.0,0.028613174134425323,0.0,0.013232357759752622
hog_5513,0.0,0.024082845283310617,0.0109675362763193,0.009404094155359699,0.012270749048669094
hog_5514,0.003591724427687071,0.010111903851898196,0.0,0.0,0.0
hog_5515,0.005996471218594479,0.009923525826536217,0.0,0.01032169983399478,0.0
hog_5516,0.0,0.0015580697461787807,0.01091171621642184,0.0,0.01639386974216772
hog_5517,0.02672227437320429,0.01201366449864838,0.017390541997132747,0.00904807973618893,0.006631875273634513
hog_5518,0.0028902190103132774,0.0,0.03123534707196618,0.01983081051498048,0.01789460064350279
hog_5519,0.008105852596897556,0.0,0.046464220968015946,0.002501092132872307,0.0
hog_5520,0.0,0.0002915328283814578,0.0,0.0,0.0
hog_5521,0.02636553410721465,0.009709440069949338,0.007017250945802411,0.0,0.0
hog_5522,0.0033959160443717273,0.005629626909253949,0.0018331373973039522,0.015869241986053773,0.0
hog_5523,0.002517416882929613,0.011127993869674446,0.0,0.0,0.04306632488676665
hog_5524,0.021493981541887086,0.0016894142420191827,0.0,0.0,0.024618795347608247
hog_5525,0.0,0.0062633743621978155,0.0024648242020406386,0.032984456918640825,0.01749534161925781
hog_5526,0.029261567976994973,0.04049159837784999,0.0421262599639296,0.035741934361372296,0.015077807696720402
hog_5527,0.008989382823749281,0.0,0.01773170016152381,0.0021930962310090507,0.0
hog_5528,0.009601291769836928,0.021066028230102063,0.004002258377342249,0.0,0.0
hog_5529,0.010321310473705436,0.02314541373020851,0.01240159176040101,0.026735726035967522,0.0
hog_5530,0.0037711389236720905,0.018986308489688852,0.0,0.0,0.0
hog_5531,0.009725715956760972,0.025356075180870352,0.02816709261860839,0.026813055792400675,0.0
hog_5532,0.0368558626378257,0.0236957984319508,0.03759507984910959,0.008792561809321198,0.0
hog_5533,0.003119565805526525,0.024338911778734706,0.0441905116744592,0.00589997477742199,0.009226600736663704
hog_5534,0.026004706636031827,0.006338826128445829,0.0,0.01145464055398926,0.0121762775479477
hog_5535,0.015847157816746504,0.0,0.028613545276471974,0.0,0.006732658666828595
hog_5536,0.0,0.018738436502438338,0.0,0.0,0.0
hog_5537,0.007411674008396707,0.0,0.004285649525636703,0.0,0.0
hog_5538,0.006475680657093363,0.005309290368460617,0.02390882077666956,0.004508150603574013,0.015552903402251905
hog_5539,0.0,0.0035329725999102557,0.02621966220797023,0.022856269678832808,0.0
hog_5540,0.00566101090608484,0.0,0.007893708317795678,0.0,0.0
hog_5541,0.007123700062990901,0.0,0.006366172110084722,0.0,0.0
hog_5542,0.026596232466333802,0.017047109969094754,0.028396651805750128,0.0,0.00013469419886735778
hog_5543,0.02317053140594383,0.009686325054712563,0.019608780331616282,0.0,0.0
hog_5544,0.0,0.013415382772817175,0.011023056455098823,0.0,0.0016416689101421689
hog_5545,0.007503405504546645,0.0,0.02239460449406394,0.0,0.0
hog_5546,0.0,0.025070897264009684,0.03356575010962093,0.0,0.0
hog_5547,0.0,0.01970157449119414,0.006234813350319168,0.0,0.0
hog_5548,0.007135188924269675,0.000613382357820047,0.015355888537847084,0.0,0.00934126920020284
hog_5549,0.015646084031146756,0.0,0.0,0.020669064522877312,0.005287780016067778
hog_5550,0.0,0.0,0.0,0.0,0.0
hog_5551,0.02121341111314612,0.014322627074293548,0.016000144745114797,0.0,0.0
hog_5552,0.029964499261458277,0.013979188271033172,0.006225503609522898,0.023984022518251935,0.006471225786566892
hog_5553,0.018947815052809514,0.008269756751983381,0.03641363383953178,0.016836176181060702,0.0
hog_5554,0.0002720892263485819,0.0,0.024296424688204477,0.013485729140356062,0.00867271105724865
hog_5555,0.013505887281056728,0.0,0.0,0.0,0.005304598879393829
hog_5556,0.01689398914298179,0.0,0.02044785450086728,0.0,0.01860665112511728
hog_5557,0.0001353047631460491,0.004163504111067029,0.0,0.0,0.03221041563960303
hog_5558,0.016466852771565232,0.01585895363411627,0.03498631240104966,0.0036113884512829486,0.022513368532359967
hog_5559,0.013933894658250345,0.0021422577483027894,0.020740020099624168,0.0,0.014886863695515506
hog_5560,0.0,0.0,0.0080423652801207,0.005507250161351784,0.0
hog_5561,0.003476522587688269,0.0,0.011613284503993349,0.011295781375579628,0.0
hog_5562,0.017069101465331915,0.0003889846150402221,0.02472260888582678,0.0010470621134608393,0.005932624638065542
hog_5563,0.0,0.008430638047975059,0.0,0.0,0.0029759215797413585
hog_5564,0.024870000506244994,0.007708641644518677,0.01582831642140392,0.02718718650529195,0.0
hog_5565,0.0006013976880168137,0.0038230631753073396,0.024530601983831613,0.0,0.0
hog_5566,0.006558410887573141,0.0,0.011983281290233405,0.0,0.0
hog_5567,0.007332071382319505,0.0,0.013739005640350133,0.002577497986589128,0.0
hog_5568,0.0,0.008249538456562178,0.017242435678326506,0.008701107031022781,0.0
hog_5569,0.0,0.013234466116343935,0.01807322123064692,0.0,0.0
hog_5570,0.005111310899866384,0.0030816482189430783,0.0,0.0,0.0
hog_5571,0.0,0.008693436494859652,0.03645172858030987,0.005460460757944707,0.0
hog_5572,0.0,0.003192881620017296,0.002788398632225908,0.0,0.0
hog_5573,0.003310008283831767,0.0,0.014207240413096178,0.0,0.0
hog_5574,0.0009333796020558616,0.0,0.024485805364717672,0.03102327839665553,0.011640602905130137
hog_5575,0.023475191804485762,0.020935977396940197,0.01989176923167779,0.00780056164387033,0.0027979355819438556
hog_5576,0.0,0.0,0.0043860275073106525,0.0,0.0
hog_5577,0.02152213361882893,0.010387882297609563,0.0030658775604468502,0.016448937806689656,0.009373610919401809
hog_5578,0.013643582053648462,0.0,0.036884007687144615,0.03047490738741243,0.03474360444957081
hog_5579,0.0,0.018419973598629014,0.011276882552708534,0.0,0.0045978474288137505
hog_5580,0.025411375783045864,0.0131745416746325,0.026569134718219534,0.012800424496936857,0.02134013636530585
hog_5581,0.029700637053281964,0.011075437299260749,0.02237000316802651,0.0,0.02261821656131513
hog_5582,0.025767217915169116,0.0,0.0,0.008862893083316337,0.0007504959882373985
hog_5583,0.022580478728941422,0.01191890026719844,0.017837156666955067,0.0,0.010559293341677822
hog_5584,0.011851089163030348,0.0062552169617084985,0.03379512068753687,0.002066730742628753,0.0
hog_5585,0.0011357953048725111,0.013773167216279525,0.002866827952258344,0.0,0.001840504835599166
hog_5586,0.017041969672699553,0.01480253485448313,0.007952503153466184,0.0,0.0
hog_5587,0.025874930085885817,0.0015796899156390598,0.030191672885324428,0.020986831344057988,0.015183627851122372
hog_5588,0.015202156296529434,0.0,0.006783379067049289,0.0,0.0034891406348458442
hog_5589,0.04481108806010092,0.0013672386508880585,0.024370862594680354,0.0,0.0
hog_5590,0.01851350658118367,0.007173862683400367,0.016999381964906135,0.0,0.0
hog_5591,0.0,0.008902360390758313,0.03551049353672808,0.0,0.0
hog_5592,0.0,0.0,0.019236931155482972,7.378430706150851e-05,0.0
hog_5593,0.0282793004533739,0.014803058009549508,0.01886952301374989,0.020618823855514945,0.01191615836159321
hog_5594,0.002339247018952717,0.0,0.0,0.0014726430201270624,0.004711572114492135
hog_5595,0.009181552107470736,0.0,0.015274418760480968,0.00022739310289843218,0.0
hog_5596,0.015796784900072636,0.0,0.023329895264203593,0.0,0.0037478323253916646
hog_5597,0.024512794759727452,0.0,0.026323093406084297,0.0,0.003495372823464127
hog_5598,0.025805804989981862,0.0031810941744816468,0.04031796408142729,0.009170653459734224,0.0005107753913740076
hog_5599,0.0028749148308879757,0.0,0.016356819851060855,0.0012948766704721226,0.0
hog_5600,0.003791414919145586,0.0,0.02345689949068719,0.0,0.0
hog_5601,0.006405376821689623,0.0,0.03657257659190072,0.034884262276159816,0.007397522679388535
hog_5602,0.013254420780765441,0.01780278623708753,0.01712478588945121,0.0,0.006525392849662692
hog_5603,0.01729926094166312,0.012407944442560881,0.0055961007702987065,0.0,0.0167482515881463
hog_5604,0.0,0.0,0.021709549481429447,0.0,0.002355401135027968
hog_5605,0.026735342505515458,0.0,0.00894817211503085,0.009526698339807238,0.0
hog_5606,0.0,0.02319913132815432,0.01196561855042022,0.0,0.0
hog_5607,0.023338246063223655,0.003289407934594868,0.02873902054862576,0.0,0.014130352374265076
hog_5608,0.0,0.010414993381477666,0.023073419027070274,0.005814568455802416,0.02422077781396248
hog_5609,0.008838981401572132,0.0,0.013115750296009088,0.0,0.002026578628691489
hog_5610,0.006468357506387745,0.0,0.0015914174013824667,0.0,0.0
hog_5611,0.01974697083569077,0.021494910541876466,0.018376213252354612,0.01518980893661026,0.01162327167193733
hog_5612,0.0,0.030015079482351492,0.040602927196536465,0.0,0.01176277788061264
hog_5613,0.0,0.007038227227524896,0.0010522441872105048,0.0,0.0
hog_5614,0.00508286129158475,0.009765654582150507,0.038812838988481424,0.0,0.008072016233864776
hog_5615,0.01370988494486891,0.0,0.025098833355634564,0.0,0.005969304957046395
hog_5616,0.0005600205602427355,0.0,0.027257816029184756,0.0,0.008776848501853562
hog_5617,0.01075994857923579,0.0,0.0007571144803160124,0.0,0.0
hog_5618,0.02382149879203954,0.027438749324475653,0.030788343556734654,0.011111531374358385,0.029486458778303692
hog_5619,0.0,0.0,0.0178830110717767,0.008122362624568114,0.00480621333636555
hog_5620,0.020587647194873826,0.0,0.04852651090966731,0.009845873212553702,0.019122711570274564
hog_5621,0.014205567337872926,0.01060114906211207,0.027034791320589724,0.02359288724252462,0.00041644723178846377
hog_5622,0.0,0.0014916728494247522,0.01364360573796497,0.0,0.011071820759404716
hog_5623,0.006631183091627468,0.0,0.022731887176382193,0.0,0.0
hog_5624,0.004316337902846579,0.013068635767919501,0.002540292469597638,0.0,0.0
hog_5625,0.0,0.004608212807482692,0.0,0.011700691353618176,0.0
hog_5626,0.029297490547470773,0.020548077389678898,0.052981581789280474,0.0215057414867863,0.014863062308932085
hog_5627,0.021565918311012622,0.013732637113871737,0.007822976023835304,0.023381626529031863,0.0
hog_5628,0.0,0.01115089223356569,0.018275804863474354,0.005597318312738242,0.0025695533023053496
hog_5629,0.0,0.013530172728274614,0.00285974507095621,0.0011049468449204625,0.010272690850263944
hog_5630,0.0018303116020672583,0.0027699796266811294,0.0,0.0,0.0
hog_5631,0.012463565267752719,0.008685941275725417,0.011723114630589171,0.0,0.01781474099445357
hog_5632,0.0027776828291128375,0.0,0.010078037111175497,0.0,0.0
hog_5633,0.004103090814046473,0.0,0.022478640629881363,0.0,0.00733075105063552
hog_5634,0.018125485535751995,0.026294205021967443,0.009942321538387588,0.0,0.007094279932467806
hog_5635,0.022783977765036934,0.0035704015621096374,0.03192786516289936,0.0,0.01768778488981204
hog_5636,0.011139230245282183,0.003928999990499449,0.017417487016338162,0.0019530009558421657,0.0
hog_5637,0.030518086914421483,0.0,0.021215725690164833,0.0,0.0
hog_5638,0.0,0.011876409736297333,0.0,0.0,0.0
hog_5639,0.0,0.0,0.03838284305779549,0.020269617520883187,0.0
hog_5640,0.007026121224223081,0.006111514348630553,0.013332842010227886,0.0,0.0
hog_5641,0.011050540831349487,0.010611455104047929,0.0,0.0,0.01641705041595265
hog_5642,0.005130360449724147,0.006119141353081892,0.01828062519579099,0.0,0.025485035913580534
hog_5643,0.0319093913492281,0.013734404954842017,0.03328534763373603,0.0014629829981316345,0.0005619877316038746
hog_5644,0.015152014992048102,0.035388586310552084,0.023831947130633857,0.03018683469912964,0.02756794033194243
hog_5645,0.00563399965194078,0.0,0.008283592122961814,0.011472603012865346,0.0
hog_5646,0.00044671999526135764,0.0002364886661943011,0.023148593741784795,0.018809067391740486,0.005005089088819581
hog_5647,0.0,0.0030947960372658123,0.0,0.0,0.0
hog_5648,0.015161454811099206,0.0,0.010574121169661943,0.007219344599943334,0.0
hog_5649,0.01843272640708893,0.011978775032955635,0.0,0.0,0.0
hog_5650,0.015675069367000027,0.024228351929011405,0.0313326906614384,0.0,0.023371010175847307
hog_5651,0.0,0.008224393153132059,0.03255207240720526,0.0,0.0
hog_5652,0.0,0.016124056470122605,0.006207205988671083,0.00507769000687075,0.0
hog_5653,0.0,0.0031113072117270324,0.0,0.0,0.0
hog_5654,0.0,0.0036785272869428454,0.0,0.016060389889670068,0.0
hog_5655,0.0,0.0,0.0,0.0,0.018361607686934844
hog_5656,0.0,0.0,0.023458222166980347,0.0,0.004963037429639217
hog_5657,0.004302823758341567,0.004703921909888109,0.03305564643296943,0.001733179125595008,0.004055771697005994
hog_5658,0.004268393896235123,0.015556318417456971,0.0,0.0,0.0026055122517356644
hog_5659,0.0,0.0010643002149950398,0.0002902954644934397,0.0,0.0
hog_5660,0.0040453162473435,0.0,0.015752530256428754,0.0021035869769641113,0.0
hog_5661,0.040982604876603324,0.025742612517250185,0.0184161134636045,0.0002632253223953107,0.03262620795717397
hog_5662,0.014953440132095652,0.0,0.0,0.0,0.0
hog_5663,0.01690911641484627,0.0017918040470088492,0.035136408108290995,0.007305614612027167,0.0
hog_5664,0.0,0.003436605216771138,0.026448327109249936,0.01989711253112514,0.010089973475036373
hog_5665,0.0,0.025751767824876426,0.008464784099204703,0.018047783734614242,0.008840239553434381
hog_5666,0.0,0.02794827391933996,0.03315966274351756,0.01106166891772098,0.012386615835360493
hog_5667,0.031017227535168557,0.013034962149410356,0.010548271523276531,0.0,0.0127733684039808
hog_5668,0.0031265004401346275,0.02363444280532412,0.02330577797328659,0.0,0.014070014466251779
hog_5669,0.03640160649905089,0.0,0.03785904729332845,0.03615792054022626,0.0
hog_5670,0.02643677202837358,0.03969781617505341,0.04941765160012879,0.0,0.0016509567698694827
hog_5671,0.02686281733281226,0.03134041891299577,0.028419868937699322,0.0,0.0012056592598397309
hog_5672,0.0,0.01160944358825633,0.012912035356315466,0.008315062845221988,0.042721322416127805
hog_5673,0.01103084188242276,0.00782569101379993,0.0,0.0,0.0
hog_5674,0.0,0.03484098943089098,0.01868957564394602,0.003869835817930767,0.0008527735151540039
hog_5675,0.022597374378701796,0.016710269612139284,0.022242079415206506,0.009471186080002303,0.0
hog_5676,0.0005537953674297214,0.014926467586083847,0.04340622476622258,0.0,0.009388921055233812
hog_5677,0.025659188121850862,0.016651782712134633,0.03718671975617416,0.0,0.0
hog_5678,0.012522765049524098,0.014871312112349822,0.0029999094329182796,0.0,0.0
hog_5679,0.025711864771580606,0.015516633139484926,0.012776824120658503,0.01322500239919333,0.0
hog_5680,0.0008295165562084428,0.004261851976941289,0.04987883937391335,0.009605501860050047,0.0
hog_5681,0.024221527055924286,0.0,0.009718442011479977,0.0,0.021632070285543037
hog_5682,0.009233687431250637,0.002541798665259165,0.02671340470328154,0.0,0.0
hog_5683,0.01942308630933076,0.018126360772163563,0.02177873847809164,0.02168090016034907,0.0
hog_5684,0.005853819821050932,0.0,0.05266065988379598,0.0,0.013080534501311636
hog_5685,0.020175815450459655,0.009475100359644939,0.014343064794068994,0.028818872450127708,0.0014578962268874118
hog_5686,0.026142004304543942,0.0005224626128825793,0.044239132139191506,0.0,0.003614097431145602
hog_5687,0.0,0.02360175646620477,0.03600623663408453,0.01114044582015139,0.0
hog_5688,0.013244845782350856,0.011526963335082963,0.018838241085049168,0.0,0.0
hog_5689,0.020263165585735488,0.0,0.051261446194552196,0.023800027664482748,0.008441345565247671
hog_5690,0.006809850463219691,0.0,0.03354962343100332,0.0,0.00017516110486681669
hog_5691,0.01581857821821564,0.0,0.02665221003924234,0.02853341601276793,0.007133128368112418
hog_5692,0.0166159730640818,0.0,0.018243451203446837,0.014179243963473143,0.0
hog_5693,0.021520036705395373,0.014282583211238542,0.013617285934340861,0.0,0.010551755871561541
hog_5694,0.0,0.0,0.0032208896864480696,0.0,0.0
hog_5695,0.017606332966323857,0.0,0.02688482063097264,0.0,0.0
hog_5696,0.018563282249691504,0.01652616158664455,0.045772402893665465,0.0,0.0
hog_5697,0.024423965981988927,0.0,0.02061897941763169,0.0,0.023343971188862334
hog_5698,0.000532116420131068,0.003112858930439222,0.0,0.0014526497372662206,0.0
hog_5699,0.006329283318206702,0.02163493985555731,0.01244188740340979,0.013060556050018546,0.0
hog_5700,0.0,0.0,0.01716375752502075,0.0006397983384254236,0.012861416696847039
hog_5701,0.0,0.0004918728903355873,0.0,0.015971116418043385,0.01079032150469117
hog_5702,0.009921671854148606,0.024166668547004555,0.028253392524831167,0.022944617410576518,0.0
hog_5703,0.0,0.0,0.0050670089079678515,0.0059896293746921625,0.0
hog_5704,0.007890190881346237,0.0,0.027163169419339273,0.010075339143969853,0.0
hog_5705,0.022276655986035898,0.0,0.01627140328763721,0.017273605450554008,0.014655332708994884
hog_5706,0.02069682639440318,0.0,0.038254854612745026,0.0050193729200676,0.016332718460559725
hog_5707,0.0,0.0,0.011309597208730704,0.0,0.0
hog_5708,0.01610557106293653,0.02728425589771688,0.019076462276674144,0.0,0.011759399914026636
hog_5709,0.031501972893933416,0.014413949307694018,0.024209672217265776,0.008487332124620384,0.0
hog_5710,0.024113463445494032,0.012157366375025624,0.03765111606308258,0.01982197978740663,0.0
hog_5711,0.01234189713663092,0.023526988724026365,0.0,0.003581705560000037,0.0
hog_5712,0.019366459821783533,0.02042949644914449,0.02827085593337486,0.015031915908063853,0.0
hog_5713,0.0,0.018107160501822372,0.027831204031641965,9.170057731378023e-05,0.0
hog_5714,0.00856977606154019,0.0038600751391839605,0.019833781990758803,0.0,0.0
hog_5715,0.0,0.01431825484171756,0.0,0.005156481959487813,0.0
hog_5716,0.02755265956391817,0.0441252359166735,0.04029797452880657,0.0030383677220124916,0.01893154361124938
hog_5717,0.013931395753123077,0.03486444563738322,0.03895435123695057,0.0,0.008315787202563873
hog_5718,0.0,0.0022973958716727694,0.016381561082966067,0.0,0.0003340139088090499
hog_5719,0.009986865472388473,0.009938589732666925,0.025755800953999985,0.008209314451520067,0.0
hog_5720,0.027790905982746805,0.027481536854927713,0.05218441682869557,0.016482309692740227,0.018297372474846085
hog_5721,0.006070154756695034,0.019833125271241148,0.02624268449406797,0.0017122822178807784,0.0
hog_5722,0.0,0.005008316598232199,0.016271027444700437,0.0,0.015426206453075908
hog_5723,0.014149908530521005,0.013922267683512457,0.022447580542583,0.0,0.0
hog_5724,0.022266142913029974,0.0,0.015755785472912454,0.0,0.0
hog_5725,0.030266108684778192,0.018514019812685634,0.03570722064448728,0.020950301143399797,0.025157997989620817
hog_5726,0.01082263197396971,0.012206041987921745,0.0,0.0,0.005119980670222235
hog_5727,0.0,0.0,0.002287650675147024,0.0,0.015083822631831945
hog_5728,0.016889688687614868,0.018697604318749228,0.0126601720785251,0.017547862431854355,0.008276819055803353
hog_5729,0.027606041328689823,0.007714734718633265,0.029914348604800578,0.0,0.0
hog_5730,0.030925906497951017,0.0,0.025228890220577505,0.0026618324196632237,0.0
hog_5731,0.013945251017288829,0.0,0.012687045359550009,0.0,0.0
hog_5732,0.03363616498945965,0.017848226847239745,0.038740963976038545,0.0,0.01321772095100493
hog_5733,0.003244867935734197,0.013495138644250781,0.016166895395197,0.001302532872338391,0.0
hog_5734,0.01183197565638383,0.008020456711454571,0.026455636668618165,0.01609884413623175,0.02551371401314828
hog_5735,0.018269343892078238,0.034680232713163006,0.016931776687395983,0.0023222646286771287,0.02825167798784367
hog_5736,0.0,0.0,0.03297332790793339,0.0,0.0
hog_5737,0.00939903449669699,0.0,0.01408496052871544,0.015829442849616182,0.013614023829443989
hog_5738,0.005720514356123196,0.0033938761841385556,0.02753402891358392,0.0,0.0
hog_5739,0.0,0.0,0.014227917351826491,0.011699430213964357,0.0
hog_5740,0.0,0.016707580963836177,0.0,0.0,0.0
hog_5741,0.0,0.034986151206035654,0.003385342062401042,0.01602471315808307,0.0
hog_5742,0.015121874981451677,0.0,0.006417382064683563,0.0,0.0074095732455359276
hog_5743,0.0,0.0384559454465756,0.03712263303266572,0.0,0.0
hog_5744,0.017339977850283184,0.022200165239142367,0.01044670468119735,0.01698422432805824,0.012004011088916577
hog_5745,0.0,0.0,0.02066052703614285,0.0047992416520041825,0.022919754391359293
hog_5746,0.017654965400066835,0.007330932159147929,0.023162584477939285,0.0073043163071575545,0.03489076296332594
hog_5747,0.031698060056344124,0.03980822617990287,0.04049362891334751,0.018296841522371876,0.03428976921501059
hog_5748,0.003209508861267807,0.012388939025708812,0.0336314268054938,0.003423784272082342,0.0
hog_5749,0.0,0.0062563910181607785,0.040662241283995204,0.0,0.02432562869283439
hog_5750,0.023458671612752946,0.0,0.02970836986131764,0.005012895295279485,0.0013155361068488691
hog_5751,0.01947598269024864,0.0,0.029824315492087194,0.0,0.00339594648723085
hog_5752,0.02242531657666791,0.0,0.013324459454436166,0.0008709056031321882,0.0
hog_5753,0.01382331479033816,0.019401277944836925,0.04474529390066806,0.007599339201451949,0.029731875471848968
hog_5754,0.0013235286670409963,0.013833423418516233,0.03095990147063099,0.0,0.020480120374643862
hog_5755,0.00340859466831267,0.005022347978494768,0.04864182178092835,0.014818838168180193,0.0013866467720213826
hog_5756,0.015878954983943094,0.006589374245189683,0.019563911296456737,0.0,0.0
hog_5757,0.012990414464369104,0.018797022329420265,0.0028278977186202425,0.0070574659107605076,0.0
hog_5758,0.0098403013170969,0.0,0.02601211756347155,0.0,0.0
hog_5759,0.0004753336406031483,0.03799201045532974,0.019994851682560322,0.0,0.008182797944567888
hog_5760,0.009578514739444266,0.0,0.0030341531903834706,0.0,0.0
hog_5761,0.004191915315292283,0.0,0.0,0.0,0.0
hog_5762,0.021319867204549814,0.0010944589667853943,0.03700853753987832,0.0,0.008750451142210514
hog_5763,0.0,0.04081624634427716,0.025795160143465168,0.009726967369791062,0.0
hog_5764,0.013023005310489832,0.010848002648244037,0.0,0.0,0.0
hog_5765,0.0004334928029308127,0.0181185517670146,0.011862847301046697,0.012307336600356322,0.001970291817408265
hog_5766,0.019040585406872035,0.0,0.020328077497376196,0.0,0.013836870927429246
hog_5767,0.004484335823705221,0.0,0.022823923987473016,0.0,0.0
hog_5768,0.0,0.0,0.025167660309032724,0.004231077906319491,0.02391637612234243
hog_5769,0.0,0.018391584785583115,0.0,0.0,0.0
hog_5770,0.0068602378044977375,0.0,0.02290480588947985,0.0,0.008754690327916537
hog_5771,0.03676670785345837,0.002829486130791814,0.037651127167951604,0.0046110262143139735,0.0
hog_5772,0.004858716092006832,0.0,0.0,0.0,0.012359462928743126
hog_5773,0.0333860392852281,0.00559134440511011,0.007888696149298102,0.017331513029607892,0.013236269143653612
hog_5774,0.016926477684543917,0.0,0.007020028400744671,0.0,0.0064748818427511345
hog_5775,0.036050068833109794,0.025119330006631913,0.016239484289207295,0.004137544353620681,0.0006350162299004758
hog_5776,0.040430264081692036,0.0,0.038253258660138734,0.024992422625993438,0.022947061278566494
hog_5777,0.01952371449593482,0.02794433936183416,0.028526979963928056,0.030942084424311123,0.016416584247550547
hog_5778,0.014512004598091544,0.0,0.04412544698768395,0.004630952089675677,0.0
hog_5779,0.005642201508778255,0.009721925074072324,0.02820943064393333,0.015181818779591794,0.0
hog_5780,0.0,0.0,0.017867091443082295,0.0,0.0
hog_5781,0.005948022087024496,0.0,0.0204211018904632,0.004354265968195881,0.011410504110306086
hog_5782,0.013859633621190026,0.003832858925297833,0.039673829671343475,0.0,0.008876776783816487
hog_5783,0.0,0.019585898890819298,0.041441525626457754,0.007259668494652427,0.02497824522840575
hog_5784,0.018144189755770146,0.003281533170010009,0.026340502116086517,0.01754285523426069,0.003684088932991214
hog_5785,0.04058220974354709,0.01341357163516288,0.027148000829952945,0.0201534286356555,0.0
hog_5786,0.0051571387035520555,0.0,0.002562493546538036,0.005824144693057365,0.0
hog_5787,0.0,0.030467654838910452,0.04130346274518004,0.009875045553293438,0.026530833472881543
hog_5788,0.029053266321726,0.045501630654163794,0.06719242540421866,0.03353461599282137,0.0
hog_5789,0.006389002702111846,0.004410669502803222,0.03263312454956879,0.004715753711373338,0.004856409643265058
hog_5790,0.0,0.0,0.01020298736325187,0.0,0.001817464369412658
hog_5791,0.013565974909899303,0.0034659211017240565,0.009349418239477547,0.0,0.005325978424801869
hog_5792,0.0,0.0,0.036706228518183615,0.0006549169640870378,0.006980812925618585
hog_5793,0.0,0.00464586833175229,0.008779827191084166,0.010002452015403618,0.0
hog_5794,0.0,0.011228328219615058,0.025428930683700557,0.0,0.01152148944726994
hog_5795,0.017506754274584813,0.027307944652435134,0.03212348830830858,0.02679876122964875,0.013960713016158754
hog_5796,0.02141312095955472,0.019116134347310743,0.020882585228008788,0.012905852667622675,0.017685658494842382
hog_5797,0.03567618501768299,0.006787323379450427,0.015523345181181814,0.007822396062369563,0.008369852078575546
hog_5798,0.014516607293359352,0.006093068841971139,0.014349488581072656,0.00045192266904980904,0.0
hog_5799,0.019396870150250267,0.0065298614931808,0.017480312808494602,0.015887753834266327,0.007677897703585623
hog_5800,0.007411464427996783,0.014731939074612121,0.00795158615390501,0.0010441314348403896,0.013480422131649128
hog_5801,0.014924394192777468,0.005444960749666494,0.005436666585785677,0.0,0.0
hog_5802,0.05692749332149161,0.0,0.010222886945141507,0.0,0.00014788440624724508
hog_5803,0.02166832492798032,0.00866731820418054,0.009531420527572498,0.0,0.0
hog_5804,0.0,0.02064465546775751,0.022235906041413678,0.0,0.0
hog_5805,0.025229237402116356,0.029816957800234967,0.03310208265136416,0.022222198159782103,0.0
hog_5806,0.0056251569003265,0.012504625670413327,0.013509164106294325,0.011699991316671765,0.0
hog_5807,0.009932549054219253,0.004910026204753004,0.03813837119414121,0.03677299431326375,0.010533592866266206
hog_5808,0.0029393215475983503,0.009277470006282762,0.0,0.0,0.0
hog_5809,0.00529495891308529,0.0034533872408923916,0.0006061279111524431,0.0,0.017212820137011198
hog_5810,0.028626909009739743,0.034456818279913426,0.003550463877490806,0.025970538113478936,0.0
hog_5811,0.0,0.0,0.005281861292456336,0.027566743393376614,0.0010587839304538882
hog_5812,0.015385492209872842,0.00013935921586805122,0.008177578437122746,0.019098795389582923,0.010237044997639888
hog_5813,0.040400511674596684,0.0,0.011903686760927235,0.018726041028514606,0.003567246542127256
hog_5814,0.0,0.02093677502113489,0.019814880625838027,0.047057790394927856,0.004600536587227699
hog_5815,0.006405707227744806,0.033226342410415555,0.020933482663615388,0.0,0.0
hog_5816,0.010560104782221247,0.02736651579359517,0.0166171210511874,0.011879694316753175,0.0028715928972806726
hog_5817,0.0,0.0022936455370399234,0.026276043284708894,0.014148880837515199,0.0
hog_5818,0.0,0.007553875871352478,0.0,0.002431366563678816,0.0071800882214010375
hog_5819,0.022858290298099826,0.0,0.02515284852344113,0.0,0.0
hog_5820,0.008605200534913315,0.0004555694511889641,0.01704297321898207,0.014084764427547913,0.0017176850775584285
hog_5821,0.01260487633691909,0.016272212342550052,0.033487329245354136,0.0,0.0
hog_5822,0.010429309660375363,0.0,0.023878309598345915,0.001442269492511139,0.003497930028102836
hog_5823,0.0,0.0,0.0,0.0017310321612697965,0.005458124304715595
hog_5824,0.025678012395671468,0.03722672093257673,0.03100475250313628,0.0027193307249293586,0.010917528127433407
hog_5825,0.013434467522655424,0.007449486481870826,0.01383504995842677,0.00625194885321223,0.0
hog_5826,0.014329135125465298,0.01315525374844495,0.018947697182694956,0.0,0.0
hog_5827,0.0,0.0,0.020056241416239295,0.003269295903308267,0.0
hog_5828,0.009410368882616815,0.005707301937828646,0.0,0.0,0.0
hog_5829,0.0,0.03056914245369402,0.030934956922193724,0.04056556671636535,0.015016110596551613
hog_5830,0.0,0.013369241567992907,0.05061402527269565,0.0,0.0
hog_5831,0.0,0.013515741839368989,0.03010569294218768,0.009531258147413624,0.0
hog_5832,0.035922796916184385,0.0,0.0,0.0,0.0
hog_5833,0.0,0.00758087479354419,0.011039803290412431,0.0,0.0
hog_5834,0.013106391216375357,0.009584735997116844,0.0,0.007224867351001585,0.0
hog_5835,0.006328288969004614,0.0018065360125161245,0.008053203987919977,0.0031869270000359773,0.0024844118739388854
hog_5836,0.0,0.01647495116412445,0.01258059385289556,0.0,0.0
hog_5837,0.0,0.0,0.0,0.0,0.0
hog_5838,0.04200419205168293,0.030894269625314497,0.0,0.014266699526762183,0.007248935180347749
hog_5839,0.009624428957634379,0.0,0.01734321329537858,0.0023072044087850685,0.010919024136676336
hog_5840,0.02694616377330883,0.01782605124407799,0.031992474587890785,0.007237512196235807,0.0
hog_5841,0.022248001696753006,0.0,0.018720110844669735,0.0,0.0
hog_5842,0.00016003945305897993,0.0,0.025691113910051744,0.0,0.0
hog_5843,0.0,0.0,0.0,0.0,0.0
hog_5844,0.018325597998738674,0.031600677280389844,0.015020843699920405,0.0,0.009674875874684519
hog_5845,0.0,0.0,0.0038134512302960832,0.0,0.0
hog_5846,0.0011026624229932835,0.00727140720283348,0.0,0.0,0.008709117228108854
hog_5847,0.0,0.01849821220872605,0.0,0.0,0.0
hog_5848,0.0,0.0,0.009168469019524617,0.0,0.0
hog_5849,0.03202618546366587,0.005995066373439606,0.023454383268673995,0.02436853203761591,0.0023861569542555916
hog_5850,0.05122208302508868,0.01804633640068154,0.0255963245440185,0.03546146458313437,0.0
hog_5851,0.010727459568418585,0.009972639356534252,0.021873204611894126,0.0,0.0029337840225041045
hog_5852,0.0,0.02984519318115586,0.009806188014925388,0.0,0.0
hog_5853,0.018347657521848637,0.0,0.020963500352509268,0.011974323188575386,0.0
hog_5854,0.01713122958995328,0.00890038411411087,0.019618574833994984,0.016470844223685388,0.013171875363813035
hog_5855,0.006702926678339383,0.0,0.023847943186767084,0.0187563975767282,0.006601435723105675
hog_5856,0.01510012036519326,0.014495209587239932,0.021019545929363614,0.0027086595904468602,0.012416051744799761
hog_5857,0.02083732614033873,0.012284458932389386,0.04183270531290817,0.004559329491274244,0.0
hog_5858,0.020103079875996688,0.010393908461495682,0.024580318349337382,0.0,0.0
hog_5859,0.00564162916062072,0.0,0.006468496624726816,0.0,0.0
hog_5860,0.0,0.01330022787568641,0.019580668339044927,0.0,0.0
hog_5861,0.02051399229585127,0.010081531421012091,0.016169001516138648,0.04000947064913607,0.0318669638457767
hog_5862,0.0008293224226105789,0.025698311254081174,0.02873444432158867,0.0,0.006298039597755878
hog_5863,0.0,0.016884561667478204,0.022246511225856302,0.012529762201071382,0.04671316266912884
hog_5864,0.0,0.007015602501643681,0.0,0.00817072420481546,0.01942727446477943
hog_5865,0.01025960717933394,0.007291073742465182,0.023273136546730244,0.014569622925142633,0.0
hog_5866,0.0,0.024336958399542308,0.031082701883275776,0.005929194016338402,0.009347764076708343
hog_5867,0.028000366644448604,0.02815216053508185,0.03298408284249832,0.00773446449282722,0.0009548427327628062
hog_5868,0.04627480849587462,0.0,0.010907721101476087,0.0005446958651580402,0.0
hog_5869,0.000845399664037183,0.0,0.009263797617624192,0.0,0.0
hog_5870,0.0,0.0,0.046805833352142834,0.0,0.0
hog_5871,0.0019588454410721656,0.023098125672395442,0.02318514368468194,0.0,0.009647622437884973
hog_5872,0.0016606170296611378,0.0,0.01589842272886366,0.0,0.012024860264833848
hog_5873,0.0,0.0,0.017144987424088987,0.0,0.0027653975237811323
hog_5874,0.00046978019084620293,0.0035004041728949886,0.0,0.01897635303796319,0.0
hog_5875,0.0,0.0,0.012987316162571538,0.0,0.023844714153359092
hog_5876,0.015158085437187108,0.007596802930533331,0.0,0.0,0.002087773177668062
hog_5877,0.0,0.006203174329847627,0.02288327816975433,0.019396857067634166,0.003490751399842784
hog_5878,0.015606928144433319,0.01960892326526409,0.03152192171056312,0.008415642194094408,0.0
hog_5879,0.015436957111148342,0.0,0.02152529842546791,0.0,0.027411432745163333
hog_5880,0.0,0.0,0.0,0.010456984207068087,0.0
hog_5881,0.02106929053694251,0.0,0.0,0.0,0.0
hog_5882,0.022738641771026025,0.0,0.0,0.0,0.0
hog_5883,0.0,0.0,0.0,0.0,0.0
hog_5884,0.02424215168314947,0.02312460189977128,0.007433603933357125,0.004125721772484159,0.0
hog_5885,0.0,0.005585509776908415,0.007710291630115718,0.0,0.0
hog_5886,0.0,0.005589858265735881,0.0,0.0,0.0
hog_5887,0.0,1.2132679627185894e-05,0.014316796730255543,0.0,0.0
hog_5888,0.0,0.0,0.007977927488640235,0.0010754100447691872,0.0
hog_5889,0.016905716618386135,0.0,0.020296866639000433,0.004995019336621054,0.0
hog_5890,0.0347442546605814,0.005536773334257505,0.0009440458732263846,0.02849356356783339,0.029942634366714627
hog_5891,0.021809184469457454,0.01864807955546377,0.02883094990640167,0.013594935410276898,0.03340343057867878
hog_5892,0.007718825319984912,0.021407155609825868,0.0319929783434052,0.0,0.015485979633910185
hog_5893,0.011542916709132767,0.008948811448791671,0.004457489513992607,0.005949042354857825,0.03696872015067876
hog_5894,0.02291036255724266,0.02723934573774356,0.03847143948310561,0.0,0.0
hog_5895,0.007500826602939714,0.0,0.006951464015001463,0.007595356329165526,0.007944276909696901
hog_5896,0.006459553657234274,0.0372522432680904,0.025581877528507713,0.0031067179059089955,0.0
hog_5897,0.0007530821426231515,0.0034693272561758803,0.011422020736187255,0.0,0.0
hog_5898,0.0,0.00018316948012842005,0.0,0.0,0.0
hog_5899,0.0013514695290608447,0.014818546780048347,0.0019195139496728242,0.0,0.0
hog_5900,0.005465337708725038,0.0,0.0,0.013246556621115069,0.0
hog_5901,0.0,0.012664240234709245,0.0,0.005514494536374759,0.0
hog_5902,0.0,0.0,0.0,0.0,0.011094898609425918
hog_5903,0.0,0.01461072421337617,0.015274178777110459,0.0,0.0
hog_5904,0.007822396936845388,0.0037180596891257522,0.030440015267508613,0.0,0.0
hog_5905,0.010721602802175267,0.006984101448885616,0.009094722684099166,0.0,0.0
hog_5906,0.03910057941198852,0.015299404294505381,0.04591392479676237,0.02847914268170193,0.027186619388646527
hog_5907,0.0,0.0,0.0,0.0,0.0
hog_5908,0.012200641916594313,0.0,0.0,0.0,0.0
hog_5909,0.0,0.0,0.005599027342518825,0.018347415038951764,0.0
hog_5910,0.0,0.004723209966480013,0.004000225861937601,0.0012814359666701858,0.02060491502858075
hog_5911,0.02798784212132932,0.015570517382575977,0.018688968901079184,0.0,0.0
hog_5912,0.004517883114999455,0.0,0.009850803266052033,0.0,0.004578443105312635
hog_5913,0.009579067062876367,0.006604189120962278,0.0,0.020560619569735872,0.009315396146251764
hog_5914,0.03806337203942123,0.0,0.0,0.003598121708106028,0.0
hog_5915,0.010641593836406171,0.0,0.031172040572210236,0.003060796200979876,0.0
hog_5916,0.02064847646999568,0.004421865050369789,0.014448434589668713,0.0,0.0
hog_5917,0.010838039804530908,0.023737110683602625,0.016605226176227283,0.0,0.01190355176182889
hog_5918,0.0,0.0170343416214791,0.006845195687986028,0.0,0.012844189380512683
hog_5919,0.009669607516834766,0.0,0.023669422955877817,0.009571079072870026,0.015756947869689508
hog_5920,0.022751135987826965,0.03542966602455011,0.02489287527847006,0.0196051978340106,0.0
hog_5921,0.0,0.0,0.030501563518979147,0.0,0.0
hog_5922,0.0,0.0,0.010496594363077705,0.0,0.0
hog_5923,0.0,0.025100349981591608,0.011971101448968069,0.0,0.0
hog_5924,0.00732356839901982,0.022340946708152565,0.008878999429240864,0.007396065200770963,0.0
hog_5925,0.0,0.002026799924730316,0.009430288418029953,0.0024938221986134934,0.0
hog_5926,0.016988677959744125,0.0,0.013356087321507282,0.0,0.0037868962272373796
hog_5927,0.0,0.0,0.016586923580836244,0.0,0.0017277925012482154
hog_5928,0.029528509524654245,0.017801521235165874,0.00963039690885581,0.027757667611487458,0.029350254276567123
hog_5929,0.0011461026166230681,0.02781041381655136,0.00876738747676753,0.02331021163777769,0.005347431426165672
hog_5930,0.02618928018873512,0.0251563200894398,0.0332533204309049,0.0,0.017117986568845778
hog_5931,0.010075462663657442,0.024863854200342317,0.022922184758672692,0.016157116624775814,0.023619130330086113
hog_5932,0.003215523155864153,0.023273522136802782,0.03905773948586955,0.0,0.02281211226691071
hog_5933,0.017654229655363896,0.0,0.0,0.014870164946024333,0.006141130626647007
hog_5934,0.0,0.007660348288714758,0.013877937980707244,0.00399436944088194,0.002387696468662437
hog_5935,0.0033185661941752542,0.020051159156782905,0.0,0.0,0.0
hog_5936,0.008236291626883219,0.012855822603149214,0.004724161814063432,0.00038568893487989087,0.003842397885942761
hog_5937,0.013109434173068646,0.008849670938397836,0.017346808813300196,0.0,0.010568518768445001
hog_5938,0.0190320793820844,0.018301400455502215,0.02125756501284637,0.019662812590286016,0.037660786565945514
hog_5939,0.0,0.01896334942261224,0.007172443209955137,0.00604384686588455,0.005677250249274346
hog_5940,0.03411276607032865,0.0,0.010683159778051232,0.0,0.00724508165758686
hog_5941,0.022605616314339994,0.037773332584997155,0.008214606839997307,0.0,0.010142622958489556
hog_5942,0.0,0.0,0.0,0.0036647614176028576,0.0
hog_5943,0.0,0.0,0.0013129445982176247,0.0,0.0
hog_5944,0.0,0.006567288322886888,0.04089705982402192,0.0,0.0
hog_5945,0.017142668314627185,0.021741536198027545,0.0,0.014921692730337499,0.0
hog_5946,0.004390357837927628,0.023493370546507686,0.002259690429417205,0.02312810896524642,0.0
hog_5947,0.023508386076090737,0.004995615947642973,0.0008221125548579789,0.0,0.012450708216424244
hog_5948,0.009392494473467572,0.019483211320873828,0.017139804663799385,0.016504948720900803,0.003314815441481933
hog_5949,0.01463384260895162,0.003668906046208509,0.028344773466588702,0.0009354747000018815,0.005408060101172341
hog_5950,0.0031868696490071624,0.004360078370141185,0.04225047798437753,0.024721907488673533,0.0
hog_5951,0.05160002362900795,0.010988849415272561,0.02935260508940707,0.011129507552530837,0.028065187744893416
hog_5952,0.01427567864288437,0.002348637430128697,0.009870115208302943,0.013489253641648657,0.012049707689234745
hog_5953,0.0,0.0,0.0009618770150072731,0.0,0.005645805292028738
hog_5954,0.0,0.0007236821595593135,0.0,0.0,0.0
hog_5955,0.014692871816774034,0.004206087927043356,0.011178487498300083,0.012748430452171444,0.0034670251261164076
hog_5956,0.020266973835203705,0.0,0.027788281293900763,0.002476410202990831,0.015537973770725744
hog_5957,0.046089811649079104,0.02919268835177946,0.05627246231602112,0.02356341196633882,0.02378419059953174
hog_5958,0.0026301653239204636,0.005636739330501461,0.00758684032078083,0.012906872325424201,0.008444893604510062
hog_5959,0.011111602041964153,0.0070426121208211345,0.026100942459765353,0.01110778378972177,0.0037595392762985735
hog_5960,0.008291036772088756,0.04082005702943725,0.019352535115044756,0.0,0.014825183482699122
hog_5961,0.014780967005315615,0.026115518055216613,0.02444975803571392,0.016672254041691925,0.0029390019267432343
hog_5962,0.0,0.0032260401333277233,0.0,0.0,0.0
hog_5963,0.02670389761864178,0.0046593047040315305,0.02120948603822015,0.025244258455345614,0.0198431916712829
hog_5964,0.0,0.023863272599418117,0.019711167264276908,0.025099453337738886,0.013648618324523465
hog_5965,0.010209817304176472,0.013412671327947656,0.01580688066792213,0.0025005953578220996,0.012822039786409167
hog_5966,0.0,0.0,0.008657768254891618,0.010574570960822482,0.01061219234218691
hog_5967,0.0,0.007861174248469105,0.0036787750013518306,0.004279017502198279,0.008782146877031272
hog_5968,0.011097812362339532,0.013926407014069664,0.026214060896012636,0.007802620543126304,0.0
hog_5969,0.01895665417995218,0.0,0.0,0.0,0.0
hog_5970,0.00215574312957334,0.0,0.00012816698593987041,0.0,0.0
hog_5971,0.019229212036059984,0.015164116794398108,0.021547371303509033,0.005715653471915605,0.0015245470859492904
hog_5972,0.033270752871815246,0.031449370672143706,0.0,0.04708524076901699,0.012742358438345702
hog_5973,0.024081839981484165,0.022755875247044477,0.006905605285160599,0.0166676113775166,0.00016385614045066887
hog_5974,0.007438531415112193,0.0030998853360511003,0.0062910032342125,0.0,0.006580738924572893
hog_5975,0.014398976140787889,0.001010614604448401,0.030535630758928844,0.022797108577267577,0.004641216121217706
hog_5976,0.044277384948182785,0.0368953131783476,0.025567366010077697,0.04379830399373885,0.026610736209034425
hog_5977,0.014444762578139203,0.04670938012847814,0.04501517082670414,0.005653468395148797,0.0
hog_5978,0.02101510925591321,0.0,0.015912918183222713,0.019314721212126296,0.0
hog_5979,0.0,0.017899988360944086,0.0,0.0034579497447984053,0.027903560812652106
hog_5980,0.021269295751425776,0.0,0.005096816101364254,0.010095784787722328,0.0
hog_5981,0.0,0.01924917292113193,0.00530595275182244,0.028411595684526114,0.004161881229979958
hog_5982,0.0,0.0,0.021875356526044554,0.0,0.0
hog_5983,0.028757355710564703,0.03742599320221318,0.0441119623134647,0.0,0.010260349336858043
hog_5984,0.011889179248009363,0.016570273928550927,0.02050303538993603,0.0,0.0
hog_5985,0.01096256724611977,0.026294884052320944,0.02489726757029076,0.0,0.0
hog_5986,0.006198988825752316,0.005133478531948121,0.03429919808890847,0.003931802674664642,0.0010100017427534524
hog_5987,0.0,0.003959532362017404,0.03874417240693351,0.0,0.023295799147379892
hog_5988,0.003862660963723563,0.005053931615340623,0.02694017372873625,0.008497974077896764,0.0012036755117950104
hog_5989,0.009419511567877237,0.0,0.022941619633758625,0.006589250123341328,0.0
hog_5990,0.012944014003190896,0.0064996992971835255,0.007377847832238382,0.013029275963452935,0.01672141247254677
hog_5991,0.013035173538560763,0.020221565228870864,0.04634477667586778,0.0,0.003003892644055872
hog_5992,0.01739214079178497,0.010626860724108456,0.002994321353158469,0.008151629319130826,0.0
hog_5993,0.04124787227262039,0.022640285504215596,0.021119899565672506,0.010363856065890298,0.01997450362742348
hog_5994,0.02065286737722971,0.014261944232989654,0.0,0.0015789789886022643,0.0
hog_5995,0.01582208537574048,0.01625466589717206,0.009458672732128415,0.026291473654761033,0.00822107247103876
hog_5996,0.0,0.027317587641332075,0.0,0.01647054070775722,0.0092809892798984
hog_5997,0.0,0.0,0.023507025503184176,0.007754310353665916,0.0
hog_5998,0.0038154829824523784,0.0,0.0,0.0012707495442052519,0.0
hog_5999,0.006429915774799788,0.0016294892667843008,0.005971952543347481,0.0,0.0
hog_6000,0.028241013174132856,0.014114228320208255,0.025166885197583255,0.01460962916656694,0.0020402255693412474
hog_6001,0.0,0.007625510924695433,0.00709664637234142,0.0,0.0
hog_6002,0.004548852880434717,0.0035628020924360904,0.028460622433920557,0.0,0.00894854385540289
hog_6003,0.016161184612693447,0.04667880199636887,0.033534111433203284,0.007104966680943514,0.010085203574651702
hog_6004,0.0,0.011129200500345382,0.0,0.0,0.0
hog_6005,0.005396522959632222,0.006875912957411412,0.024340880296328304,0.0,0.017038603961613497
hog_6006,0.0059213929455050884,0.00817658814712896,0.02324912342330765,0.0,0.00798015620896897
hog_6007,0.0,0.0,0.0022076042923919736,0.002842751635128815,0.0
hog_6008,0.0003716436897422959,0.014324996339537321,0.015272354848331782,0.0,0.0
hog_6009,0.044501436141626716,0.02885683450379828,0.02183477680521384,0.012967800980102862,0.0010869848961547746
hog_6010,0.0050531102640729575,0.0025952143637779646,0.026851007616210065,0.0,0.007532087412686073
hog_6011,0.025072833897760383,0.030951804548409845,0.04246271693814352,0.03533443731995334,0.0005408048856891945
hog_6012,0.030258707812874874,0.00535555255259057,0.026509692479065317,0.0,0.0065870743550153765
hog_6013,0.031660473634829156,0.011215225950735208,0.012435250236673356,0.0,0.006257814956034169
hog_6014,0.007495631837786343,0.016253936711125183,0.0,0.00341389373369938,0.0
hog_6015,0.0,0.0,0.0,0.004649099956569813,0.0
hog_6016,0.024263380768882792,0.017591352032225505,0.0275821548066979,0.02239578026745037,0.026598676825257517
hog_6017,0.0,0.007007720541811757,0.02033260471045284,0.012253133610885536,0.005425727842572892
hog_6018,0.015909308876967954,0.0,0.018399850169153353,0.028814300714366414,0.00260315002065159
hog_6019,0.012256164693119631,0.01637426724253732,0.021608833261774096,0.0063361692464216635,0.009408572085506828
hog_6020,0.039321356328247514,0.027336752013313648,0.03400721012878716,0.0,0.029660099675283158
hog_6021,0.01063614454130346,0.030655611723295895,0.029951021409115874,0.009323028094258445,0.0
hog_6022,0.017008658071774096,0.0,0.024382184240461457,0.0,0.012082954180077543
hog_6023,0.0,0.0029848039742523813,0.001640370969637317,0.0,0.0
hog_6024,0.0,0.0,0.025334895330418217,0.0,6.182454063741183e-05
hog_6025,0.019449864713873666,0.03180526066263245,0.003171801888246506,0.015799752525289534,0.009734508610124815
hog_6026,0.0,0.030787657763602594,0.018019787126572373,0.0028257803023681305,0.0
hog_6027,0.0,0.006347151409085594,0.024650167553081026,0.0,0.0
hog_6028,0.0,0.02897520219233618,0.02318709406707775,0.00954270470784957,0.0
hog_6029,0.01802803331435654,0.017975055994579492,0.03647616671731546,0.0,0.028342895875287155
hog_6030,0.03661996768425846,0.020022905272463865,0.024094212830267914,0.005888764310073791,0.03287539329564515
hog_6031,0.0034519960613375034,0.001671588604065688,0.007652443304858814,0.017312128799870097,0.0
hog_6032,0.007544541622225287,0.028830189442419663,0.025914909456360657,0.012804522945756958,0.0
hog_6033,0.0,0.00554309807155029,0.03138861298129303,0.0,0.0013002857076769292
hog_6034,0.00817909592471544,0.0,0.020800697760609888,0.0,0.01208532912941318
hog_6035,0.017621656184772183,0.0011227639413946555,0.008781835527096993,0.0,0.0
hog_6036,0.0009480226433602468,0.011387548759750787,0.0006344509542566268,0.010205526284019939,0.0062872905428892345
hog_6037,0.006787118584720364,0.026236648628104264,0.025105632715560322,0.0,0.018791058551135054
hog_6038,0.01683605698389079,0.02754199587802919,0.024861665486307638,0.00041258860791959506,0.0018926893357946728
hog_6039,0.020648503486691228,0.025026080681336715,0.03800147936987375,0.0325352788116231,0.004105370280611975
hog_6040,0.009696942646737705,0.006460308249389035,0.027858482870313894,0.007987272108942012,0.006812324604176467
hog_6041,0.018403290497649438,0.021001546801919346,0.013084363906954444,0.01962174200458655,0.009573488709740285
hog_6042,0.00823358466828683,0.019943255624143008,0.0,0.002060115280531738,0.0
hog_6043,0.01135606528472044,0.019345820554544035,0.016100717408850773,0.0,0.0035130423675118205
hog_6044,0.02374844458876124,0.0,0.014468455951636372,0.0,0.03042271328716173
hog_6045,0.03948791199193513,0.009132192508858994,0.02990484863762144,0.0007538781149194484,0.009752320057025532
hog_6046,0.020365744112545547,0.03576465184284028,0.04220610720289497,0.0,0.00919924599109101
hog_6047,0.01189706978383942,0.017209040526620756,0.0035279854460190663,0.009775806505801121,0.01132326523288163
hog_6048,0.026140392369744525,0.010294522493253577,0.018870030461639153,0.01765367323570377,0.022333019367635876
hog_6049,0.030692582399080903,0.0,0.022385532398366603,0.02090814161687904,0.00570836600978919
hog_6050,0.004536958052667073,0.0,0.0,0.0,0.0
hog_6051,0.021040784781954036,0.02885989091631047,0.018681126241457457,0.02033396339249749,0.003808443744846013
hog_6052,0.013727561676292854,0.015075394851816304,0.034135527008379185,0.0,0.0
hog_6053,0.0,0.0,0.0029794104052949244,0.010132437721807497,0.0
hog_6054,0.0,0.009802885810716422,0.025826149593441095,0.0,0.0
hog_6055,0.0013471948221996932,0.0,0.021060395209396843,0.02965902445375801,0.004116896452851959
hog_6056,0.01351320766909292,0.020476341692425182,0.0021072027919257774,0.009120128223415902,0.0
hog_6057,0.010241308462886067,0.009823105893443485,0.013700809110971601,0.0010031505902878823,0.00554083727964283
hog_6058,0.0031860353992234636,0.0034776147349202535,0.02920789452089312,0.0,0.01381644148065364
hog_6059,0.014880632876141942,0.013012012628693226,0.013701695027692695,0.0,0.0
hog_6060,0.0,0.0,0.0,0.011887572049952722,0.00011860060187762755
hog_6061,0.018998525495202978,0.005560205458149836,0.008062738500979272,0.020327114077197894,0.0
hog_6062,0.0,0.022303790164299286,0.0,0.0,0.0
hog_6063,0.03308956900089255,0.03254899024485303,0.037130884336988634,0.016526223747289626,0.020580545742926448
hog_6064,0.009286594396592296,0.024470777956840273,0.026019582315366607,0.00710972268176735,0.016920639089184286
hog_6065,0.0018454035753980857,0.019515364187848272,0.029660977652685938,0.007272179456895289,0.0
hog_6066,0.0,0.0,0.0,0.0,0.0
hog_6067,0.03510491083109768,0.047309428578738766,0.038057150494092085,0.015480150524877168,0.016918110251308516
hog_6068,0.00473679242989089,0.0,0.015518427871715978,0.014500452410200149,0.0
hog_6069,0.0,0.0012966534272589314,0.00707796082027734,0.024086236898820834,0.0
hog_6070,0.03760626068479911,0.02290535837340668,0.014703371240855745,0.0,0.0
hog_6071,0.004647730765475311,0.016540489360294952,0.024851516473829438,0.0050506213414089896,0.0
hog_6072,0.005361745265736628,0.0,0.01956858033153175,0.0,0.0
hog_6073,0.017734881801819258,0.03690599039043585,0.035237682942578674,0.003563466931737036,0.0
hog_6074,0.017223101366574456,0.0,0.030086349070546747,0.001245527989965689,0.0
hog_6075,0.02897312396640106,0.0,0.03745604900367128,0.0007407277307012183,0.018494998145160757
hog_6076,0.0030286452670573727,0.02934870844763604,0.02479138453658547,0.006869847502152915,0.0
hog_6077,0.0,0.0,0.006721037350803982,0.0,0.0
hog_6078,0.007225862431434971,0.0,0.03322879563407244,0.0,0.006749852534468914
hog_6079,0.006580249820361539,0.0009066091749854177,0.016867154634688353,0.0,0.02621957611126402
hog_6080,0.02367578398391057,0.025132960512508795,0.026813476428035665,0.0,0.0
hog_6081,0.0,0.009325520343565374,0.007724109534993362,0.0,0.011271180898503763
hog_6082,0.013960523443275585,0.004898651535421461,0.034087926681131586,0.0,0.0
hog_6083,0.019655509682925176,0.0200509122886674,0.03752584743049514,0.0018026623384606033,0.0
hog_6084,0.017675738972193544,0.028576163497604057,0.021717128435444044,0.0,0.00562338515086358
hog_6085,0.02753759296955849,0.013138855726532173,0.060309301337760246,0.020155252937637202,0.009814095714258508
hog_6086,0.014781983913121577,0.029288593184395584,0.04372627178269828,0.03408811862220307,0.010178902222986341
hog_6087,0.025445826791243187,0.007456842536640806,0.02350206500162355,0.00143074135270016,0.01930628755020014
hog_6088,0.011640995763322115,0.010926525645898355,0.0576086829299689,0.020584206060261456,0.0
hog_6089,0.0,0.0,0.010733917916387892,0.008188450773881195,0.0
hog_6090,0.01453746661779709,0.0,0.019937753062733377,0.0,0.0
hog_6091,0.0,0.0,0.023477013862747365,0.0,0.0
hog_6092,0.0,0.0,0.005560957978977932,0.0,0.013118283210935555
hog_6093,0.006284335271558472,0.024328422278217188,0.007699505354236358,0.020797197944078194,0.0035743242221439875
hog_6094,0.022457032769616525,0.00826903451179306,0.007075712752869556,0.0,0.0
hog_6095,0.01611636290610008,0.013635508403981422,0.02298716886671759,0.00491012480188413,0.007840315890557337
hog_6096,0.01433823624628383,0.0,0.03303317993845711,0.017291740146617274,0.0007489284906090354
hog_6097,0.0242780734136685,0.008909707029573388,0.018840393276450706,0.0,0.011984787678321673
hog_6098,0.001010942532822412,0.0008110646756034345,0.0019275289575089172,0.007587471347022756,0.0013828960045867422
hog_6099,0.002966530088311048,0.0024812578780137873,0.014087150472752441,0.0,0.0
hog_6100,0.01808420581719572,0.01839770666733398,0.015806220511668245,0.004832992987620077,0.003747378817709368
hog_6101,0.013847878608473696,0.011607400832281511,0.01998151200524423,0.012255991892125895,0.0
hog_6102,0.011055472509731601,0.0,0.03234142290250808,0.008615987277946768,0.012267907658616517
hog_6103,0.009348603228158225,0.02306069284656087,0.01991183569817978,0.017197374729766013,0.015418107642456214
hog_6104,0.03365895539396013,0.026200745049036467,0.026534503975823354,0.03977983310187061,0.015161308209856506
hog_6105,0.0,0.03487810307174044,0.036964044415014774,0.018258691428418183,0.0
hog_6106,0.040196939556923494,0.01924938468748727,0.0025826787294482845,0.0,1.6333746432284357e-05
hog_6107,0.025331976384346255,0.002518686602416942,0.030258760427416265,0.0,0.0010953810285005972
hog_6108,0.0434178092305042,0.0,0.00470375995162553,0.02361836399791195,0.01656397580907032
hog_6109,0.021132300840084772,0.024071173669458323,0.0197768442015811,0.0,0.0
hog_6110,0.007765651482253277,0.0,0.04161006670969858,0.004212937564518349,0.0
hog_6111,0.0322661952333223,0.0,0.02443020106251348,0.0,0.004088146680798932
hog_6112,0.0058651739356019306,0.0,0.0,0.0019524943621176405,0.0232174836037351
hog_6113,0.0017037522178855458,0.03628878766440358,0.030417673610434237,0.008114821526145066,0.0
hog_6114,0.019489953183058795,0.004129400308062525,0.03640220006324113,0.02964797064412239,0.01987153491954441
hog_6115,0.021862021908981122,0.015250997149473644,0.0,0.023908524170833,0.01890036869955969
hog_6116,0.01526373046249585,0.0040737679689411,0.02613166911062703,0.0,0.0
hog_6117,0.029373245641711954,0.023617208159702807,0.04907368061742701,0.01164480381334898,0.0
hog_6118,0.037719307697070104,0.003134453761783673,0.03285390869042426,0.002633242968148153,0.012057397172370754
hog_6119,0.007992027108721489,0.0019362806896472406,0.013977385267136322,0.010770055676914803,0.0037236505764131067
hog_6120,0.0,0.0,0.02131733876555808,0.0,0.0
hog_6121,0.010358838853815833,0.0,0.005007526766442449,0.01380443748033544,0.0
hog_6122,0.0,0.011674991242571542,0.016632714524605463,0.0,0.0
hog_6123,0.0,0.00011586352506576247,0.05128984961804539,0.03172325426404199,0.022380759563886077
hog_6124,0.03051796347394342,0.031241879896112934,0.02565832797181211,0.010743639005933892,0.0024343156408070943
hog_6125,0.0,0.013187745421043395,0.0,0.0,0.0
hog_6126,0.004149027112746895,0.0,0.015622846700544146,0.0,0.0001247392024228411
hog_6127,0.0,0.0,0.0034660791749066,0.0006331317731977926,0.029187995623872753
hog_6128,0.023356124670823375,0.0012303869731247197,0.027584323307503933,0.03729653331265692,0.0
hog_6129,0.009568140999560715,0.02840482216095297,0.03489723985938431,0.0,0.0008716149486420743
hog_6130,0.011168151943853566,0.03406222345188881,0.030227395859397932,0.0,0.0
hog_6131,0.030095164400934626,0.011638605257524803,0.015141360742416454,0.01100994971145175,0.0
hog_6132,0.0,0.0,0.017115694951671534,0.007762086609334418,0.009084828064829464
hog_6133,0.014760571039251547,0.008855899007775614,0.017279242350202617,0.003423040603403038,0.012250741593932801
hog_6134,0.008664592152865636,0.0009522798478676098,0.033702253599023235,0.0,0.0016188844275291103
hog_6135,0.0,0.005453092616042765,0.01619872565352387,0.022552560491194917,0.027778287291238657
hog_6136,0.027500527459389357,0.00359619856235871,0.039521402582598286,0.026899298457943255,0.0
hog_6137,0.01279419152589334,0.02022179165526672,0.024306361792416853,0.015963209589350713,0.0
hog_6138,0.03403818470269404,0.022405905184488706,0.036811131157176824,0.006618124235862055,0.011313279905938778
hog_6139,0.01594570515628102,0.0,0.05571066726920826,0.014919504063495515,0.0
hog_6140,0.033935390569356905,0.00333248048658219,0.033985973090995714,0.002621027490465444,0.0
hog_6141,0.0377403708280335,0.009542374992170144,0.036707153485268096,0.0033944554513931635,0.005598815798617762
hog_6142,0.010273888770697237,0.014624674248058245,0.008770646904541879,0.0,0.0
hog_6143,0.00540980562747162,0.0,0.040812984274099184,0.01211108737391453,0.005968240235732614
hog_6144,0.0,0.0,0.05480090565646001,0.0,0.0051194157589429246
hog_6145,0.047209539507037546,0.03240192294888189,0.03857238131748253,0.011287605208382567,0.03303983992097059
hog_6146,0.015370471109926509,0.021168757552769923,0.006918106120561651,0.0,0.013665487742514859
hog_6147,0.031437451787456716,0.015571739884213232,0.0,0.002205477019111335,0.0
hog_6148,0.0,0.007541533379714638,0.02757458403423363,0.0,0.006195241849868749
hog_6149,0.02398503467377311,0.0,0.01525321680016889,0.013613114067919208,0.0
hog_6150,0.0,0.018747608333052668,0.014227750556699448,0.0039964452274903195,0.0012430785299339941
hog_6151,0.0,0.015918392201439868,0.017645787977410787,0.0,0.0
hog_6152,0.0,0.0,0.018186437550548273,0.0,0.0022877988464433674
hog_6153,0.016037006862983594,0.03484694918198583,0.030197587892414113,0.0058406784044438,0.007128100462888254
hog_6154,0.006223381383654303,0.009122619531710896,0.005885731923440662,0.03916895996473713,0.0
hog_6155,0.0,0.0,0.023554808105167302,0.0,0.004333183142353203
hog_6156,0.0,0.013199342659773183,0.0,0.002741987514918165,3.429103766428021e-05
hog_6157,0.0020992586522712298,0.009311076309342692,0.0211240524889571,0.0,0.012301591222368513
hog_6158,0.03600539863326069,0.015905066998797235,0.019554573728246538,0.0,0.0
hog_6159,0.01559264256423365,0.024125227269336635,0.023110954978298848,0.03136249027604565,0.0
hog_6160,0.0333288485705292,0.047223095172372,0.03507446470665987,0.0031262388645194594,0.0027957486026863876
hog_6161,0.016508665876296513,0.005503167399397935,0.009966889864275075,0.0,0.007519245591808277
hog_6162,0.0389619161915169,0.03081664922979055,0.029998635604162383,0.005455084282118383,0.024401862233989657
hog_6163,0.02267415646273263,0.03425794079768485,0.028456328024052624,0.012014080384699755,0.007142990505213609
hog_6164,0.0,0.009293053619037206,0.0017234876761711426,0.0,0.0
hog_6165,0.006646083719710649,0.002637088785551578,0.0,0.019330571029847476,0.0
hog_6166,0.0,0.0,0.04453049254235375,0.00836205605515472,0.0
hog_6167,0.0038418785394485067,0.0007375897476524784,0.03600321277011043,0.00936330890186432,0.0
hog_6168,0.006409239989363824,0.0,0.0,0.0,0.0034321769065255303
hog_6169,0.03899697701992144,0.02518342035375576,0.0360578146125341,0.0,0.01736575587424305
hog_6170,0.0,0.007573480936878818,0.009317355501027969,0.026311693223541877,0.0
hog_6171,0.0,0.009932573558714797,0.02912772603235303,0.019715437296928817,0.000378610656537548
hog_6172,0.008207215491306652,0.022254742082301382,0.00106606524036712,0.0,0.020017924259079445
hog_6173,0.024706513396840935,0.01924565438008141,0.022885314168362036,0.0015837760514281207,0.0
hog_6174,0.004036725363897542,0.0254036285628374,0.0060769953745971605,0.001619185830141534,0.009307846375945061
hog_6175,0.009272990358946132,0.0,0.0,0.0,0.0
hog_6176,0.0,0.007209921250183715,0.037554305653129116,0.007773136921067625,0.0
hog_6177,0.00808263929136288,0.005397879939828876,0.01518457574822385,0.014494508764032465,0.016888766710279057
hog_6178,0.015096893695737856,0.030874128701812387,0.017187965635093727,0.032416933250788205,0.04078446373490152
hog_6179,0.0,0.014243859208111331,0.03495355804803513,0.015944687956983117,0.0
hog_6180,0.008262802775754086,0.028254690433774154,0.012873993133537764,0.0,0.0
hog_6181,0.013262827464350258,0.024868978140637266,0.03338384296047625,0.011320277659647049,0.013155056408436616
hog_6182,0.03115642562791332,0.003044627583183246,0.007970651020360542,0.015332028047448043,0.001989416673061628
hog_6183,0.02903248782850021,0.027881169648481974,0.04848435699893794,0.03506557061411897,0.01195011682137248
hog_6184,0.00947124853213932,0.020930488323533503,0.024068604666613425,0.0,0.019848026973242172
hog_6185,0.0066205368526532915,0.05419140081156537,0.050569417638712144,0.0,0.0
hog_6186,0.016347663050222394,0.019496743175923648,0.03892068861550135,0.0042603972726993344,0.006116781308186603
hog_6187,0.022562233089531203,0.003806959943743582,0.005393916664542031,0.014495719893650394,0.02361573430384345
hog_6188,0.018522404649720547,0.0013132951549670313,0.034400600329353104,0.0,0.0
hog_6189,0.0,0.007969825211001202,0.04242145564751132,0.0035850965388306566,0.0
hog_6190,0.0,0.0,0.019941593836358962,0.0,0.0
hog_6191,0.043377431542700906,0.04064347986179562,0.041339502358943125,0.03945883924686955,0.019402705725800606
hog_6192,0.007569857094383847,0.009454700974887764,0.02392612065627331,0.03498178489534731,0.0006011224276245564
hog_6193,0.020836185732022505,0.03318686460543052,0.02943382164076569,0.00936796730660161,0.0
hog_6194,0.009745893826859975,0.0,0.0,0.0,0.0
hog_6195,0.00864229172178188,0.0,0.024944015581849666,0.014202333444887527,0.016221104759134963
hog_6196,0.02812032505791584,0.020672948890082754,0.02843342484082978,0.0,0.0
hog_6197,0.009310385283131106,0.004162431002858069,0.01996188769741769,0.004035093519434874,0.0
hog_6198,0.0,0.0,0.0,0.0,0.0
hog_6199,0.007457510455783911,0.03060111022331924,0.027944836136884366,0.023086290246438823,0.0
hog_6200,0.0031744601834726716,0.013086504619545636,0.049753059676836076,0.0,0.0
hog_6201,0.008346200737441967,0.007634168462363977,0.008302511334923324,0.008390219947689737,0.0
hog_6202,0.03103755736459135,0.00035502231217021674,0.031117078663789544,0.0,0.0030857430969877253
hog_6203,0.02983227474338057,0.0,0.06568518850760885,0.0,0.018135577846554618
hog_6204,0.030696059279803567,0.005545262058233691,0.012864819578060294,0.011247728864948403,0.0
hog_6205,0.0013919330867389057,0.03629634377082369,0.020058315288973283,0.0004557271483005554,0.02101645945404318
hog_6206,0.014916517038725985,0.008523546071666388,0.009111452927805574,0.0,0.0
hog_6207,0.0,0.019646091415096656,0.031862768239441897,0.0,0.011138907690330768
hog_6208,0.013246147385681306,0.011851944473103115,0.01676411868960237,0.003088306622397896,0.0011446668004551075
hog_6209,0.021408296040076102,0.003520178453297884,0.01565840596090018,0.0,0.0
hog_6210,0.030692592037490307,0.0,0.036943089590897094,0.004315873843925289,0.0
hog_6211,0.006000886135554939,0.0,0.034823888767782085,0.020932122397542496,0.022118337122359888
hog_6212,0.005826271406166761,0.013810658757184902,0.04912837995806196,0.0,0.040467037854339694
hog_6213,0.006289297794384918,0.0120073399976941,0.0305342635939696,0.0,0.019817417137754756
hog_6214,0.0,0.015224898689247812,0.04884101146251707,0.0,0.006378038273094022
hog_6215,0.0224366163134071,0.007872417968905587,0.05567804039806967,0.011480040501264055,0.0
hog_6216,0.0,0.010630660637531042,0.03404438815768285,0.0,0.0
hog_6217,0.007170055872214531,0.008241608784110399,0.05542313657670683,0.0,0.0
hog_6218,0.014037081674376672,0.00816048029004901,0.03556437331405671,0.0044899286785631265,0.0
hog_6219,0.005973933177031432,0.0074986628586537485,0.022019800065176787,0.0,0.0
hog_6220,0.009952532708753958,0.007522221593181833,0.01870413148397332,0.0,0.0
hog_6221,0.003913670786128476,0.000320432281519345,0.027260675752453833,0.0048642469664841315,0.020250984484918133
hog_6222,0.003422918050240753,0.001594180708629045,0.03518011431913015,0.008161814828127723,0.0
hog_6223,0.025933038515691287,0.0,0.037151694681992975,0.0,0.008568126118899677
hog_6224,0.00533689197697873,0.029590412694246337,0.018205416800289198,0.0,0.0
hog_6225,0.012383964536373249,0.0,0.029012196915900956,0.004007943952300863,0.01490660669537025
hog_6226,0.017308590126702716,0.02320942498447698,0.03602407680982145,0.0,0.0
hog_6227,0.011072901120392054,0.010325300234405477,0.031118647116790354,0.007743757089297976,0.0
hog_6228,0.021428801722052526,0.020133213784440773,0.04130619193299001,0.005042503583816416,0.009401517313372798
hog_6229,0.01760271860355167,0.007146397953335937,0.012021337355918815,0.0015109297509032782,0.0
hog_6230,0.02005021032250509,0.042843947028480045,0.033290513905349206,0.005575546657045072,0.004289466446988799
hog_6231,0.015378292525158876,0.001975305190227594,0.026479307106472838,0.0016374556672140717,0.0
hog_6232,0.011272745462036493,0.004627357250623909,0.022863776311975226,0.012450786171327,0.012010137155310074
hog_6233,0.01878600683179088,0.0,0.007973224132985735,0.0,0.0
hog_6234,0.0,0.0023366875782644403,0.018828944211885856,0.02274419141221129,0.0
hog_6235,0.026479030719667618,0.006825435943823344,0.014193956551273867,0.023062838903258998,0.0
hog_6236,0.0,0.0,0.0010645426762132537,0.0,0.0
hog_6237,0.015622824946044389,0.014818752880154884,0.013966499609965988,0.005201613702222607,0.0
hog_6238,0.04856521783145884,0.03444473105866108,0.046604760298674996,0.024248757219180517,0.02289067898834829
hog_6239,0.009004813050603966,0.020931247649563334,0.0019703411025497886,0.005274344192253366,0.00784928261827389
hog_6240,0.012163059994026115,0.015356182231266224,0.038541738635462064,0.01518006691334417,0.033245107906431315
hog_6241,0.014110856104250225,0.04225996751163397,0.0,0.0,0.0
hog_6242,0.02598704834442711,0.05227492109919085,0.04099797158212648,0.0141909716831774,0.010701782028815998
hog_6243,0.00026272139408733963,0.0,0.025719132330291883,0.0,0.0
hog_6244,0.0,0.015446580700493096,0.040725318276123135,0.011366898580742912,0.011974935866170044
hog_6245,0.0,0.0,0.02051419378961916,0.0,0.0013765056432648581
hog_6246,0.004355535063844229,0.045584790565531996,0.02848724087231802,0.024623983703775165,0.014680618080780805
hog_6247,0.0030967055967894286,0.02997619636317439,0.014484166704714418,0.0020862733061575156,0.013340408793624414
hog_6248,0.038520072879538736,0.02824145484187457,0.04323862078622254,0.012858697223276927,0.0
hog_6249,0.009685311046483847,0.007884071557619832,0.03225266459758003,0.022401914096733533,0.0
hog_6250,0.0029735444033607283,0.029827506439086937,0.0017097829984493718,0.015240062448792946,0.019158626887971764
hog_6251,0.021019682644773496,0.003253438234483097,0.008877490306698377,0.017264198570085876,0.025824614213616037
hog_6252,0.040611086421963316,0.04409512470510868,0.059285265298217205,0.04216404765539039,0.021718334197887268
hog_6253,0.016806314624427054,0.02199434056507399,0.047026078594365694,0.0,0.0
hog_6254,0.0019670284391517523,0.0,0.03750975189161587,0.0,0.0
hog_6255,0.017399477842051203,0.006989673753565295,0.02684447683447133,0.0,0.010244764304998544
hog_6256,0.02448529344743111,0.0022464238703396866,0.0,0.0,0.0
hog_6257,0.02991769801811084,0.004442482052998464,0.0,0.0,0.0
hog_6258,0.01815135424008152,0.043197309872053724,0.03914062124467188,0.01293220712426213,0.020432926652810934
hog_6259,0.03715319570909004,0.021800586317891613,0.014802409570146446,0.03438770875331154,0.01745028701064566
hog_6260,0.0,0.0033308211690090683,0.012386720314402355,0.0020000694627322346,0.0
hog_6261,0.0049321287229164845,0.01509455902597856,0.018021918515002344,0.01961675089637782,0.011208421874209451
hog_6262,0.0,0.008972525295758427,0.011561443991073617,0.0,0.0006663383449936333
hog_6263,0.0,0.02372168125471541,0.01829887399441965,0.0,0.0
hog_6264,0.0020299661287965787,0.008061603871305945,0.0,0.0,0.0
hog_6265,0.005052686944978069,0.0,0.0,0.0,0.003418004570924671
hog_6266,0.004002373827306949,0.0061541612076989605,0.04166234087245435,0.0030034140207124693,0.0
hog_6267,0.030081268744831302,0.00738920165989998,0.02767822491990568,0.0,0.0034070532206875725
hog_6268,0.009279233842874879,0.0,0.013367103329247731,0.003949332632452229,0.005610127923762143
hog_6269,0.00964098753788134,0.022429903074958624,0.05163596502238721,0.01749141518517039,0.031722678567563056
hog_6270,0.0,0.0029243536040661766,0.007306252093447263,0.0,0.0
hog_6271,0.0,0.00875166281118811,0.017923537991563876,0.005945652377071786,0.0
hog_6272,0.017839692389408635,0.010091242922209087,0.02988835518776778,0.0,0.0031773241104504635
hog_6273,0.006461584166914669,0.0062164260228385615,0.010346453675291967,0.0,0.0
hog_6274,0.014113410321097364,0.008684752305727406,0.02698422946648038,0.018685232382795514,0.005779344867532732
hog_6275,0.03708906012645263,0.041241494981074434,0.045789427150780826,0.0,0.01563165709655867
hog_6276,0.012265171143109876,0.015118502151626467,0.023587296419016468,0.0,0.012443816400840024
hog_6277,0.04731734544759281,0.009374051582430543,0.02000561918616217,0.025388794984225305,0.0
hog_6278,0.01968173564145581,0.0,0.019404144075472418,0.0004948146801664333,0.016519896729256578
hog_6279,0.010770089489973822,0.0,0.015160564230507934,0.03470427878800919,0.0
hog_6280,0.0014997795495026445,0.018039364314734962,0.035853466801473166,0.019808825322302104,0.002489063355743726
hog_6281,0.019720567925995525,0.0,0.019169282809456956,0.0,0.0
hog_6282,0.02586124315715166,0.01639777139944454,0.03234648795360395,0.0,0.025031767791830806
hog_6283,0.009089374517504467,0.0023595844271648847,0.0045054884810324936,0.0,0.004998367922558922
hog_6284,0.013186388355044265,0.012591972238748639,0.026617069219327272,0.021207710415383607,0.014963064174019935
hog_6285,0.012170864144851912,0.01939205583187187,0.0506571033868759,0.01563090856456717,0.0
hog_6286,0.0,0.011972892837880389,0.005879633251303584,0.0,0.0
hog_6287,0.0,0.0,0.032114961738345604,0.007854802527286653,0.005460348387821945
hog_6288,0.022197688428733597,0.012791931972826465,0.04025602693405328,0.0,0.008622989410370208
hog_6289,0.016640418191323114,0.0,0.056187281977323256,0.004559250113430613,0.02055064109918936
hog_6290,0.0,0.0,0.03227447977797082,0.0,0.0
hog_6291,0.025449055447446245,0.0054733706268363935,0.020281558721374937,0.0,0.0
hog_6292,0.023717414951258897,0.024078233315132147,0.022484050520050092,0.0,0.0
hog_6293,0.0,0.0,0.0,0.0,0.0
hog_6294,0.0,0.018401649262912434,0.018557600715186195,0.0,0.0
hog_6295,0.0,2.9258503088769316e-05,0.01838487858129434,0.013217584586497022,0.000710491534118729
hog_6296,0.004158554578806317,0.011007865199263778,0.03335180399770388,0.02098544723318163,0.017090048053235884
hog_6297,0.011170968100680634,0.021080143984259392,0.010888844790895247,0.0036109569704156907,0.016222317219643623
hog_6298,2.345147456650487e-05,0.0,0.012713258470806288,0.0,0.0
hog_6299,0.006269716785944235,0.0,0.006032478943055919,0.0,0.03465158920524436
hog_6300,0.0,0.0,0.0036934635819270145,0.0,0.0
hog_6301,0.006702651099407042,0.01339202636127479,0.024914692280329165,0.0,0.0
hog_6302,0.036491948021602605,0.02802396139129848,0.0652275792905852,0.0,0.0
hog_6303,0.030124500667506826,0.017411083537881344,0.030845483146813457,0.0,0.004703673413053666
hog_6304,0.042956897365831415,0.016699628486146034,0.02803164811576697,0.0227283692171818,0.019946212152891052
hog_6305,0.01478618329751158,0.006270916058946252,0.01803358581676484,0.00483730131059934,0.026884360364046955
hog_6306,0.03780826759629785,0.0027864983262355647,0.02790382547194481,0.011312652231853626,0.008464025110780815
hog_6307,0.015283772877081603,0.018542962404121566,0.053135091404124424,0.0,0.013379714764141903
hog_6308,0.014882279383413799,0.006511605793465103,0.0,0.0,0.013827282792702622
hog_6309,0.0,0.0,0.001191182280696923,0.0,0.0
hog_6310,0.0021360596105397534,0.0,0.004370263664354557,0.006944785329848102,0.0
hog_6311,0.0,0.0300943098924642,0.00510449238028432,0.017442895850280138,0.0
hog_6312,0.000974064091407989,0.011397073659914714,0.03285453653779746,0.014097569393878517,0.0055901695662321504
hog_6313,0.031377172754468496,0.0,0.048404625227298936,0.033191215957982134,0.0
hog_6314,0.0,0.0,0.007466412301041503,0.0,0.0
hog_6315,0.021970057746920624,0.026132739738041977,0.019067653291041875,0.01897982022544653,0.004379443733249833
hog_6316,0.0,0.0027621725457456225,0.02135738551264854,0.011929417148776267,0.0
hog_6317,0.02035032371990675,0.021926593102491232,0.03568069700507759,0.007272049466855002,0.019232771401316295
hog_6318,0.0,0.01663230269392657,0.005048290712747594,0.0,0.0027965339393642985
hog_6319,0.0,0.015100319601032863,0.03706659002875501,0.004910863150836553,0.01886539577897217
hog_6320,0.0112524954131763,0.011253920133475148,0.024181736096550388,0.0,0.017546894535908075
hog_6321,0.030637795041247085,0.005832192711215711,0.011188147067715981,0.0,0.0
hog_6322,0.021699695475418057,0.01635617449062221,0.03916452446307961,0.013059043095891898,0.016554272063291187
hog_6323,0.0,0.0011257010784613275,0.02109374604799874,0.006537588544251349,0.008282309412907862
hog_6324,0.0030635865799519824,0.00595060792327029,0.018976147262733445,0.0,0.0
hog_6325,0.011543295334083048,0.0,0.03702740299292029,0.0,0.0
hog_6326,0.025505967178983457,0.019230875246584178,0.02905917104088651,0.0025669855502625794,0.009986140056470694
hog_6327,0.015221824695005326,0.021874367850962306,0.014892138787194753,0.010619255336382194,0.01803281363557585
hog_6328,0.028092961770863845,0.006208333651688269,0.04376084328656371,0.0,0.00561778722214612
hog_6329,0.0,0.0,0.014276609314727073,0.0,0.0
hog_6330,0.0030864814404816254,0.009799709037568327,0.030593136513914043,0.004770188364022099,0.0
hog_6331,0.018362858894185985,0.0273837870178133,0.007940919889671605,0.0,0.0005050730084394939
hog_6332,0.0,0.0,0.0036559872331183296,0.0,0.029713743893981848
hog_6333,0.010682006781887354,0.008574645047321194,0.0,0.008323250760309486,0.0
hog_6334,0.011933091277457342,0.03034340042319883,0.038011440174941624,0.016446757539416712,0.0
hog_6335,1.7151406692228477e-05,0.01270081015113722,0.02252131274014446,0.0,4.043634252304251e-05
hog_6336,0.02120305310757642,0.05034334905892712,0.026307490802595535,0.019660686739946254,0.03644634960935944
hog_6337,0.011961609896443237,0.00549697580849573,0.020514438102944732,0.0,0.003689949887512922
hog_6338,0.014704917300990106,0.001311150565166841,0.01912012412198494,0.0,0.021848095940222967
hog_6339,0.0,0.012969110672333528,0.027072169978504146,0.0,0.03295349783751722
hog_6340,0.0,0.04736209100130773,0.023627110044590838,0.002871705267403879,0.024690649118253916
hog_6341,0.015506083814092797,0.026603116297908125,0.023088308647499556,0.0007950533653842129,0.02446881511950294
hog_6342,0.012404623295214634,0.0,0.005488333027020564,0.0062046706651011085,0.0031770949249534386
hog_6343,0.0,0.0,0.009853561079310236,0.0,0.0
hog_6344,0.01834401605943614,0.03377157548647047,0.024542998424281093,0.04230909203737965,0.016318682397416406
hog_6345,0.0,0.0,0.003039877504247279,0.0,0.02344711834347346
hog_6346,0.011644646756752364,0.0035196870018099347,0.03399460585747893,0.0020019909043857975,0.0
hog_6347,0.0018493250157691765,0.0,0.0,0.0,0.0
hog_6348,0.0,0.0,0.0,0.0,0.0
hog_6349,0.0,0.0,0.0,0.0,0.0
hog_6350,0.0005233129738411169,0.006856032409037871,0.009792477519938725,0.002979362622303583,0.0
hog_6351,0.014042690779906941,0.026579292468950966,0.022317823275403104,0.023811656062161513,0.0
hog_6352,0.0,0.004496306509468528,0.033232736886942504,0.0,0.03377687703354004
hog_6353,0.0,0.010930873519724882,0.005684438353522392,0.012326457413477154,0.0
hog_6354,0.01323924177792879,0.024362011981581277,0.0,0.0079245260752141,0.006847883224017304
hog_6355,0.016160715456499553,0.033663206658180345,0.03351445410108034,0.0,0.01455831735856572
hog_6356,0.021673167815065453,0.04009597460914116,0.046753954029796985,0.04747546804751268,0.02088237116423719
hog_6357,0.02898475356073016,0.04458810000124136,0.04219342751153987,0.024895533738185982,0.03965858291642066
hog_6358,0.0008950295446670253,0.008669202534314246,0.002034155171561025,0.02524486869361331,0.0
hog_6359,0.0,0.0,0.0,0.02878002842521532,0.02196821304300789
hog_6360,0.009733446831745152,0.007578353990872921,0.034297638567818645,0.0,0.03013696692276513
hog_6361,0.028208401065524136,0.03521007205274507,0.0261352059952753,0.02948034005290312,0.00936117855257712
hog_6362,0.03630508415892475,0.002555599459051594,0.023451040006298607,0.0,0.021420966900961513
hog_6363,0.012926913011369612,0.0,0.0010149911020109759,0.0037565958832621593,0.011975755004200561
hog_6364,0.0,0.0,0.0010019826563989476,0.0,0.001200298796889987
hog_6365,0.01917441110084117,0.0,0.004212787040975385,0.0,0.0
hog_6366,0.0,0.017739344339349206,0.0,0.0,0.0010805352737650598
hog_6367,0.006561092885258857,0.006379276894999508,0.0,0.00989367061408708,0.006969842992773589
hog_6368,0.0,0.0015641138688333722,0.0,0.002384692644755493,0.0
hog_6369,0.0,0.0,0.016729808186831896,0.0,0.017719248961454825
hog_6370,0.01123386321333264,0.005905493248152371,0.0018335485285687625,0.018962710871276878,0.004582268644852672
hog_6371,0.01784114201692244,0.0,0.020319024650282236,0.0,0.0
hog_6372,0.019031906818886668,0.010928111089455239,0.02160509495118168,0.014392431656965687,0.027313881122532857
hog_6373,0.03405743845145737,0.010840331383351165,0.0631131872953139,0.01989634463410006,0.004379859174592937
hog_6374,0.042811564607348584,0.022433814186544776,0.04856258465979835,0.015694875128526853,0.038298827748097564
hog_6375,0.0004839318305229767,0.014075363687586995,0.019084678350360207,0.0,0.006526194743846858
hog_6376,0.034129644996325315,0.01786784637121963,0.016686894022331478,0.0,0.0
hog_6377,0.018293076267956954,0.006313026910157227,0.02945406176769616,0.031193004868246277,0.04588461038574465
hog_6378,0.006986134021821799,0.0,0.004362825995691377,0.0,0.018093482862474364
hog_6379,0.02471193261708482,0.003131199454294409,0.012673471557594906,0.00668808146823352,0.0
hog_6380,0.002681588539354518,0.013201836411230294,0.008184624188056988,0.0203409483550816,0.012575864320302221
hog_6381,0.002212366211268302,0.0,0.024807973548486073,0.015916853323712177,0.023544879786567385
hog_6382,0.00796816139064549,0.04409673704262729,0.01137685720165904,0.0,0.0
hog_6383,0.00454490470452118,0.0,0.0,0.0,0.0
hog_6384,0.0,0.0,0.021391637900007643,0.0,0.009463271035840881
hog_6385,0.008010897856321142,0.014781946529287104,0.010524814794967474,0.025626949046150704,0.0
hog_6386,0.01699497003076811,0.0,0.0008125673825671864,0.004736509974251346,0.0
hog_6387,0.004726969901168054,0.014848394398767173,0.02261936575274226,0.008432183975203733,0.004617896041437586
hog_6388,0.012943024679722637,0.041609172884342405,0.024400207039292354,0.0013079271483471544,0.0
hog_6389,0.0,0.0,0.009785184256257295,0.0,0.0
hog_6390,0.010033109237499893,0.048411550462427844,0.033237999981029276,0.026617640723692437,0.02070394743000281
hog_6391,0.019796831597073128,0.010548715551135457,0.02441792388060038,0.0,0.020775898923304226
hog_6392,0.029647591680287855,0.021080856083600663,0.02224567216645612,0.012997695532851017,0.0015513260084738523
hog_6393,0.008370378585798477,0.008004681262518965,0.03864513594380847,0.030711304412944562,0.0
hog_6394,0.0002299268322680792,0.010350357387219677,0.011539523064685975,0.007452456492718973,0.0077683893198126075
hog_6395,0.027037702085711324,0.039423549911837386,0.0327275215012397,0.029400119045962514,0.019459802554687045
hog_6396,0.0,0.004377359466729125,0.020163865867074637,0.022762604298927736,0.018171544044927712
hog_6397,0.03144447812654727,0.04013888395752141,0.02291698003898257,0.0,0.016457592346594385
hog_6398,0.01743423883269446,0.0,0.01116659340434234,0.03413446702006184,0.01776608855899764
hog_6399,0.02057735527216087,0.006244696547709205,0.009803973060117599,0.0012158267883894958,0.01384486900842452
hog_6400,0.005439718670777305,0.016622578900609808,0.010670244957632358,0.0,0.02388728823887587
hog_6401,0.0,0.015245318576823763,0.013354916762957636,0.00895121107905239,0.0
hog_6402,0.0313354243644155,0.0234012740627918,0.02298864756461083,0.008920870455500607,0.0
hog_6403,0.030358294638460626,0.025094126921271886,0.03435692832853343,0.014016842007997132,0.005646536027673621
hog_6404,0.012477505496600871,0.013112350381984994,0.03336881664569313,0.0,0.0
hog_6405,0.014276505187310384,0.013902620107529406,0.0,0.011108302863901631,0.026543421946452872
hog_6406,0.029570585419851136,0.01352087362693255,0.0,0.0,0.028687231507037003
hog_6407,0.0,0.0,0.020435432428308697,0.003503933027388717,0.0
hog_6408,0.0,0.011751952369158047,0.00924765763890556,0.0,0.0
hog_6409,0.01980437701034332,0.01529248848453646,0.03672205045373844,0.011684353432730443,0.0035913365785529283
hog_6410,0.019885872020934947,0.013986637671644653,0.010883040375916364,0.0,0.0037388825770772183
hog_6411,0.0,0.01155085161576519,0.0,0.013093070579216048,0.0
hog_6412,0.004387068988649601,0.00929341210036383,0.01194889262554688,0.018688725184344834,0.0
hog_6413,0.011527143151059072,0.013150964334083914,0.008231205457799984,0.03804361293827463,0.02870365738560232
hog_6414,0.016808001833171327,0.017035466726471382,0.02245367318369529,0.01275008457658644,0.03571115923080703
hog_6415,0.0358195769011862,0.0,0.012528156882490649,0.01398671413516972,0.02217541280274271
hog_6416,0.006176255538575592,0.0,0.056917914692269145,0.01679424813361785,0.0
hog_6417,0.02002760175524676,0.019137138888404515,0.02109422681380768,0.011487065965878784,0.020984417756705565
hog_6418,0.019622439379751944,0.03286011263251143,0.002275416926892593,0.011044415858050272,0.0
hog_6419,0.012391184692055246,0.00924725978699703,0.025816151057313386,0.0,0.0004451686946098654
hog_6420,0.013937082863616945,0.0015143078503949692,0.003959130622160911,0.014125242341201272,0.00538142433568356
hog_6421,0.022329874566545005,0.02744774981155551,0.03717508578990869,0.0,0.0
hog_6422,0.0,0.0,0.016051085556815226,0.0,0.0
hog_6423,0.036230138834062675,0.0216534173833014,0.01826822854956278,0.020455698654968435,0.0
hog_6424,0.01679670402564848,0.0,0.015447095367675301,0.01844421734332946,0.0
hog_6425,0.00013646585931526012,0.024631674492287647,0.01118162935645639,0.029014802876493828,0.01841784252061207
hog_6426,0.0,0.006695389027958409,0.04551913707398092,0.022557594138042036,0.004667988465997697
hog_6427,0.010693186496841811,0.0,0.01218305692186994,0.0,0.01398159699507362
hog_6428,0.0023842218853562525,0.031359275216405136,0.020678067779130282,0.012804416769836457,0.0
hog_6429,0.0035506202220334515,0.000970379906256813,0.0,0.0005647733483189477,0.0
hog_6430,0.000243543590666917,0.015918948295089663,0.014914748066507055,0.030952309580040138,0.0
hog_6431,0.020395373864090294,0.00833855851434584,0.01360736772340565,0.0,0.001823355930582471
hog_6432,0.0,0.013705486788691879,0.015387303328183721,0.0032936468288091714,0.016513966659139845
hog_6433,0.022636572334798544,0.031355085035855046,0.002105019444810452,0.0,0.014265799764176856
hog_6434,0.02170523194193663,0.0,0.0009416441296494771,0.0,0.005361624914105523
hog_6435,0.002639861218595385,0.0026210181819019684,0.0,0.0,0.0
hog_6436,0.004450065049544927,0.0,0.01813120020220116,0.014815156526112316,0.0
hog_6437,0.0,0.0,0.010049017553040551,0.0,0.0
hog_6438,0.030427212755946842,0.005210895175776331,0.007556383100473907,0.0,0.01866212686022206
hog_6439,0.016970175604194893,0.002512878189308232,0.03640194652980866,0.0,0.0
hog_6440,0.013386992403758624,0.00793816667591507,0.018516704380102222,0.03284458626589548,0.0319603452588868
hog_6441,0.0,0.0,0.0,0.013913910465333634,0.0
hog_6442,0.022995607538102147,0.019287893756202212,0.02501378651004904,0.007172781724087418,0.018502498595807326
hog_6443,0.015803937236531507,0.010965247482013663,0.015985296785013148,0.0,0.0
hog_6444,0.03927177061114029,0.02802221187616305,0.010043912149328316,0.006119589575555917,0.012693353477969849
hog_6445,0.0097449931897986,0.0,0.008929336853611414,0.004099578336794529,0.0
hog_6446,0.011351984908397394,0.008059042823577167,0.015687720368082525,0.014977511351952577,0.013007878801962969
hog_6447,0.013437859705807575,0.0,0.0,0.006726403488705346,0.0
hog_6448,0.0,0.0,6.910644524071863e-05,0.0,0.0
hog_6449,0.0,0.0,0.014727789047069173,0.0,0.0
hog_6450,0.018238599314465587,0.0322889265595212,0.01946961479047804,0.03223525555175111,0.011537961761260096
hog_6451,0.00918972964007736,0.0,0.0,0.005396051325756934,0.0
hog_6452,0.011952432328041551,0.039895885350275995,0.04344857383534362,0.006226267736330726,0.010077955483107415
hog_6453,0.019641615094402765,0.0,0.014135665396910024,0.0,0.0
hog_6454,0.0,0.0,0.024771174845444666,0.0,0.0
hog_6455,0.011234863467746603,0.0,0.002913901506560679,0.0,0.0
hog_6456,0.0014360876782932852,0.0,0.014243417996784524,0.0,0.0
hog_6457,0.022719975616213084,0.011082771745276832,0.02101779011451277,0.013205806239254603,0.008051593561774206
hog_6458,0.0,0.0,0.0,0.015127932933295174,0.0008526827691270888
hog_6459,0.029841668825609347,0.0022992733517468444,0.011470234806197466,0.019364625881391984,0.01233532535337023
hog_6460,0.015042441917940685,0.0,0.0023686384758789814,0.0,0.0
hog_6461,0.0,0.016689048160225095,0.005663397500009992,0.009559257182109038,0.012389526746228174
hog_6462,0.005850182643202473,0.04474748707166021,0.007539755198853193,0.0,0.0
hog_6463,0.005962576449792589,0.0,0.02039851556366057,0.0,0.0
hog_6464,0.003017181619826781,0.02345892440562425,0.027939598754749717,0.02011483389000346,0.0
hog_6465,0.0,0.0,0.004122288857176137,0.004882309115586514,0.0
hog_6466,0.0032861975886850914,0.023019019178352362,0.02087957546553798,0.0019723600444045974,0.0
hog_6467,0.007101681640237167,0.03289738409954235,0.017760293589034637,0.008676279010009447,0.006305715453645888
hog_6468,0.007912281559569356,0.0,0.0037724019772005235,0.0,0.0
hog_6469,0.0,0.0,0.01303201829995948,0.017702916180029282,0.007377021379862514
hog_6470,0.0,0.001667498643028953,0.0,0.0017470132960868412,0.04240418552809455
hog_6471,0.002282747303128385,0.024264696340811298,0.021243187342121495,0.0014655208122229535,0.0
hog_6472,0.007734370248897227,0.0,0.011945029711277533,9.465716669487811e-05,0.011838138872651838
hog_6473,0.0,0.012991886061166191,0.028444206352351342,0.016956566158607078,0.0
hog_6474,0.010898246395448785,0.0,0.019237871527491235,0.0,0.0
hog_6475,0.0,0.0,0.010622735239415704,0.0,0.0015791043838100371
hog_6476,0.0,0.0,0.0,0.0,0.0
hog_6477,0.0027549544586884522,0.0,0.0,0.0034810512785354852,0.0
hog_6478,0.011905727039221103,0.011628796939031183,0.0,0.0,0.007903365532264228
hog_6479,0.016971698595614537,0.025978456874162115,0.03806126251512798,0.019852584287825437,0.014402967903576869
hog_6480,0.012024240480206894,0.005333615876635722,0.013974751891064674,0.0,0.006514944560728653
hog_6481,0.016315790671317387,0.012862151421328294,0.0,0.0,0.0
hog_6482,0.0072198195859749514,0.034082920158371666,0.012116880192207358,0.03724978448031813,0.020132333386888357
hog_6483,0.0,0.005949293966053482,0.007240323271131999,7.465645079074434e-05,0.0
hog_6484,0.01928856917319055,0.03492227587653551,0.012318177944423025,0.03895160122560282,0.029842376203548904
hog_6485,0.0,0.0,0.0,0.0,0.0
hog_6486,0.008950034272604102,0.0027747604963654915,0.006367584293475836,0.019796710336447587,0.007224798644629438
hog_6487,0.01478066656922894,0.014609978247280386,0.025350229786645917,0.015943653160779947,0.03145805902510723
hog_6488,0.015357762627410398,0.011393073259760689,0.010872206934148032,0.011420832231709088,0.0
hog_6489,0.013312151569989217,0.01447210300225521,0.008693056899548246,0.0,0.0
hog_6490,0.0,0.009973925431585151,0.0034347188270174023,0.022583828189355115,0.0
hog_6491,0.0,0.0,0.0,0.0,0.0
hog_6492,0.011688934664990436,0.03671331685029444,0.028463282953256286,0.04689193355102472,0.009395151694342463
hog_6493,0.026103294365700247,0.01514915119547422,0.020226512977661315,0.016854369666435165,0.029795859107261347
hog_6494,0.013433276996910992,0.02463818577154875,0.006999953886198229,0.0018173900389812925,0.0
hog_6495,0.0028596931973625672,0.0014456109368976566,0.0320650444340409,0.016527038029879426,0.032478361376817144
hog_6496,0.014023054885277997,0.015142187396735673,0.013524236384745647,0.01210360927609333,0.0061621230516502035
hog_6497,0.007812169579585415,0.0,0.0,0.022353615601467425,0.0
hog_6498,0.0,0.0,0.0042255013021346155,0.0206328303322314,0.0
hog_6499,0.0202301704913046,0.013769171188504181,0.02967434422799964,0.0030522408066715467,0.021190841672425798
hog_6500,0.0,0.0,0.0,0.0,0.0
hog_6501,0.0,0.015427935966498385,0.0,0.0,0.0
hog_6502,0.01916596169835305,0.025584616664940274,0.0,0.0033241480452141925,0.0
hog_6503,0.007493339468869875,0.0030363310681900124,0.0,0.0,0.0032147030434370727
hog_6504,0.0024905736864435646,0.0333579208054835,0.002771236451488246,0.0,0.0
hog_6505,0.0,0.0,0.0,0.0,0.0
hog_6506,0.01145862801727282,0.025454957283705282,0.029361199788895176,0.024729939924856392,0.012831468693691894
hog_6507,0.031817344988142926,0.024024720124738996,0.024207313286068066,0.04270277542780132,0.00644438878428355
hog_6508,0.006738910132265685,0.0,0.0,9.130634087206602e-05,0.0
hog_6509,0.021867627135568002,0.008257796114919058,0.03692924010694254,0.0,0.03232613017547892
hog_6510,0.02081238350548209,0.0,0.002373157221482902,0.03566354563408658,0.0
hog_6511,0.010841417117761543,0.00905478938851978,0.0,0.0,0.0
hog_6512,0.004377042051240121,0.001283049251337376,0.009736273501457227,0.008748636750952832,0.010201823522686393
hog_6513,0.021444487109099963,0.021659472177964156,0.017495422872621624,0.0062805014244997626,0.016388109862458533
hog_6514,0.03748740078553481,0.012085887808135576,0.030729199470569624,0.0,0.0
hog_6515,0.013379600964741556,0.004105980345118221,0.013958148894157363,0.0034997532715090873,0.004732851823928241
hog_6516,0.015644610597183695,0.0176239742239519,0.015777041862997443,0.0,0.0049096592739972245
hog_6517,0.0,0.0,0.010727713074311307,0.006504407765652198,0.0
hog_6518,0.0,0.005799742798665575,0.0,0.03329106914052882,0.0
hog_6519,0.0014100803347967261,0.02066010309320898,0.0,0.0023914594294964786,0.0
hog_6520,0.013364084744144522,0.01754953360490963,0.0340472449225091,0.01669374632158771,0.004152488943283572
hog_6521,0.018367486077273787,0.0,0.018398863430080015,0.009444519489246295,0.001948038525065865
hog_6522,0.0023883148341845573,0.014617005460846322,0.026483874804737795,0.010889962176810819,0.01326277836330858
hog_6523,0.008054457418380512,0.0073649323979527725,0.0,0.014099302949833081,0.0017999000884554306
hog_6524,0.0,0.010786328487719876,0.00665808918112365,0.0,0.0
hog_6525,0.037121368565123714,0.020920730470156856,0.024859324404694183,0.026710579049955552,0.017320246263469397
hog_6526,0.006093162721535927,0.009705028211152378,0.029461584375561456,0.0,0.014100570648054811
hog_6527,0.033432661803281416,0.03242731918971842,0.02456812012337184,0.019872721406391403,0.01932582938499916
hog_6528,0.009516968578377805,0.0,0.0074992715791737385,0.0,0.008756955929440036
hog_6529,0.02829688347552528,0.017691055996438942,0.0011300322669896001,0.004188212697114668,0.009883355847614794
hog_6530,0.009242698000114347,0.0,0.013344311299863243,0.011856672709324778,0.0
hog_6531,0.0,0.0,0.0,0.009299831952226612,0.0
hog_6532,0.051282363341775605,0.014473899989712935,0.034807834656236825,0.0,0.037556285776702
hog_6533,0.03634060739701983,0.028200271882216743,0.037996180756900255,0.0,0.0
hog_6534,0.0,0.018507244632210984,0.030877343492973663,0.017687228286051626,0.016256836126274044
hog_6535,0.0,0.025189825409737132,0.011984767700955246,0.0,0.0
hog_6536,0.0,0.015469192769282936,0.01785806870136386,0.03991010159376018,0.0031070045344849806
hog_6537,0.0,0.0,0.0,0.0,0.0
hog_6538,0.0,0.0,0.00671829757488851,0.0,0.005112742125037206
hog_6539,0.00920544019371361,0.016303137426514347,0.03376123621550242,0.0076263619377641145,0.0
hog_6540,0.03657133328294537,0.0,0.0,0.00940344431254947,0.0
hog_6541,0.010449978383637148,0.00938678305428442,0.013096903358694068,0.0,0.0
hog_6542,0.02183789585029494,0.0,0.005768293773374067,0.021385585853376243,0.027508807033333804
hog_6543,0.02469417912337346,0.015646574954681025,0.026083991743719004,0.0006098884631760004,0.0
hog_6544,0.020285778300416446,0.01007874391496899,0.0532589416933813,0.05161380377874902,0.011734574152075794
hog_6545,0.0030131748452051355,0.0,0.005304082938751842,0.0051470093284218255,0.00920067799868729
hog_6546,0.01861056994206134,0.006727877981244523,0.04574230991415118,0.0,0.010144148845650625
hog_6547,0.0,0.0,0.005585328449776661,0.0,0.005582185511366244
hog_6548,0.008218691235450715,0.009760923532154075,0.03990941297869344,0.025267612294488817,0.021233588044990093
hog_6549,0.013353309296421756,0.0012826771007756754,0.007232014916198848,0.0014954670535867187,0.00022531946412529535
hog_6550,0.01865283244192706,0.0064675441366282005,0.05934675794623123,0.02487666882042383,0.016500867527633467
hog_6551,0.0,0.01867594466994782,0.036636119000477585,0.0,0.014210755237624717
hog_6552,0.027207038652383053,0.02334891064547584,0.007647418513995419,0.01307028484492223,0.0
hog_6553,0.013775954787724531,0.0,0.0,0.002792183729767528,0.0
hog_6554,0.026759834725372578,0.012526046553973602,0.00535352271681,0.015145794171613325,0.0
hog_6555,0.0,0.0,0.019634731980051612,0.006012829835406519,0.0027102385099551096
hog_6556,0.052879069629692355,0.010365356903926148,0.0060084392580186385,0.038714947813778045,0.012933704790406342
hog_6557,0.0,0.01831951399922649,0.012021478230201943,0.021631731387869113,0.0
hog_6558,0.007693297603577731,0.016307562564868094,0.0,0.017940456357536716,0.040263958808035794
hog_6559,0.04831920428909542,0.033321284812446894,0.038922811693088866,0.019608292967751906,0.0052290878329006585
hog_6560,0.0,0.023627074742055276,0.015253202738186866,0.008475024411433552,0.008696866334161335
hog_6561,0.0,0.02450414074911067,0.023242019350434795,0.012152730269417766,0.0
hog_6562,0.009030189200434524,0.040990812889289296,0.015654825757775992,0.0012406656866530419,0.0
hog_6563,0.0,0.0,0.02193338557687241,0.0,0.0
hog_6564,0.007073047080352612,0.0,0.03238167606807818,0.010548589395180441,0.006419818860160298
hog_6565,0.034984673871450545,0.006586284431175704,0.012390908421613389,0.016936143178349017,0.010882130227014564
hog_6566,0.0,0.0,0.013399098185940206,0.0,0.0
hog_6567,0.0,0.0,0.0,0.0,0.0
hog_6568,0.03736224449008563,0.026178639146954952,0.02328207465588017,0.011624906941430035,0.0
hog_6569,0.057943906680480106,0.03721206418481682,0.028831962495524888,0.028448677023471758,0.03361102344974354
hog_6570,0.0,0.015540211484913025,0.020624341835311144,0.0026344067878658617,0.0
hog_6571,0.011738060885991386,0.06499333832207932,0.0030860512039134758,0.0,0.0
hog_6572,0.009000241909333129,0.0,0.0,0.005031259740646776,0.008889666356268089
hog_6573,0.0,0.009259685449508614,0.0,0.0,0.003929478099730099
hog_6574,0.002901379306538221,0.03157869766656818,0.0,0.0,0.0
hog_6575,0.027495267979201765,0.000971072782474991,0.0,0.0,0.0
hog_6576,0.006791993865759238,0.020006968827956273,0.007635858524860373,0.02854095289990033,0.005239620876936746
hog_6577,0.01972368963555904,0.014648114797200185,0.0,0.007563935306272418,0.0007230053882678611
hog_6578,0.0,0.02962232379437979,0.009119038585626793,0.0,0.0
hog_6579,0.009150254074977271,0.017045727386679532,0.01812916321853275,0.01881641821883373,0.013729524648069757
hog_6580,0.01032065769679913,0.026663435956995052,0.049095080794468116,0.025971562102803603,0.03360818994914894
hog_6581,0.0249056742500402,0.01159782450297664,0.01583084321249939,0.0,0.01924628600464895
hog_6582,0.006184224841083941,0.018309523897186653,0.026440331246449622,0.007333882567166716,0.0
hog_6583,0.01594278198357646,0.047845446877396336,0.02704883686980386,0.001534095888447773,0.019379491001161098
hog_6584,0.04229560556684975,0.023056330637303724,0.03285728591160475,0.0218994080243744,0.0
hog_6585,0.04020156396799224,0.033853916611132684,0.03961600577023883,0.01670903201045526,0.0
hog_6586,0.020878575611341432,0.032122250949423226,0.011510663888623096,0.0005989891442410578,0.01322137305287141
hog_6587,0.0009022678175372167,0.016922188400587013,0.043267281944997515,0.01693389854506422,0.00295447096400836
hog_6588,0.023656881207855696,0.018246614416852713,0.02938680553751416,0.021578799629040857,0.005130837323949589
hog_6589,0.013528609898151744,0.02622572863875905,0.0375073190884434,0.0,0.0
hog_6590,0.010811245977565775,0.0,0.0,0.0,0.0
hog_6591,0.0,0.0,0.022928564242744365,0.02228242759829402,0.0035729438776497258
hog_6592,0.0005138820390446774,0.00670921348716802,0.006720258203024132,0.0024412543865850456,0.009018193218644832
hog_6593,0.011037354796906484,0.0,0.007813624434776179,0.0,0.019101039294137978
hog_6594,0.03372411816775589,0.003538804784949612,0.0,0.003150158577632345,0.0049988687784956465
hog_6595,0.032611036115065994,0.01689747149801568,0.030076504992424313,0.009955601490750032,2.5087691407410517e-05
hog_6596,0.0,0.0008653887367413571,0.007156704523516355,0.0,0.0038435236276150864
hog_6597,0.012248042252479996,0.0073191154743854625,0.02653734696778942,0.022171220600926356,0.0
hog_6598,0.016322119429464044,0.0,0.02402318140943316,0.01374616287847541,0.007476001385618103
hog_6599,0.006132427167299559,0.0558753302507613,0.034400619604321614,0.034549568942931375,0.055133604709581396
hog_6600,0.020845786293508306,0.004192970807419094,0.009609769746000696,0.0,0.03154312534061621
hog_6601,0.0,0.009909490519371289,0.020433830335195413,0.03405499086311048,0.0
hog_6602,0.016119782105948,0.0,0.02928098799596679,0.0,0.02631375897285726
hog_6603,0.0,0.011606513277836461,0.007655879158098289,0.0,0.02263128693101013
hog_6604,0.0,0.0,0.027833624970070803,0.0009888733176073305,0.0027568849365906534
hog_6605,0.01871329024515611,0.02560494778689959,0.030252241975762928,0.022222973255889844,0.0
hog_6606,0.032788395412974625,0.026542333855560818,0.003959618215216842,0.03145642155408401,0.0002516477210137147
hog_6607,0.0,0.030927456835912137,0.01672962037150416,0.00010931094938637642,0.0
hog_6608,0.011915634867675884,0.008200489826099,0.023381518477591623,0.008300028853262864,0.026981862679957835
hog_6609,0.0,0.0,0.011172455491735844,0.0,0.010709518860206657
hog_6610,0.0,0.0,0.007860687591097149,0.0,0.0
hog_6611,0.026395081784615915,0.007727322814999216,0.0038433961190909027,0.005843395730179335,0.004057925676313134
hog_6612,0.006538823994264975,0.011455805252017726,0.0014405451722465656,0.0,0.0
hog_6613,0.033104930715446956,0.04498463555944432,0.05402745301977663,0.013985362744257657,0.002339312769550572
hog_6614,0.011070222643421612,0.04266222954284182,0.041687757608883436,0.005983800722074495,0.021640409646008107
hog_6615,0.017086807756534483,0.0197668608383732,0.01831328024575707,0.0,0.0
hog_6616,0.014599541127087834,0.02081662447849375,0.0040721332016884215,0.0,0.0
hog_6617,0.029429958776557408,0.027548240949613056,0.03079161944633002,0.03242470072718118,0.006877861707252242
hog_6618,0.0,0.023231192010818802,0.0017073498537247822,0.02213515834963875,0.0009196353951657077
hog_6619,0.048057245218783295,0.02785289078172415,0.000604198305824033,0.003460719519896349,0.0
hog_6620,0.030613042006522262,0.00733078573816992,0.017762230261139322,0.001516266767933372,0.0
hog_6621,0.0,0.033532333737906095,0.01002455278461567,0.008598827847204893,0.006177808103581706
hog_6622,0.033578569417952675,0.014511142913551378,0.009145957411673011,0.0,0.0
hog_6623,0.0,0.011555104656174153,0.027848333235740208,0.021798402594705113,0.010478125384984605
hog_6624,0.012140714847219902,0.013161022480302709,0.05837200273600951,0.026650014468645233,0.011587578290794154
hog_6625,0.018939508262727722,0.02335003742654629,0.0049043373263306655,0.0,0.0
hog_6626,0.0058967672735581456,0.007136664203069687,0.012220426607103319,0.0205917583964641,0.001966182038758646
hog_6627,0.017430446469534067,0.00755443064945327,0.009969690578816692,0.0,0.013034753283766243
hog_6628,0.0225923014404823,0.023680972524177557,0.030079423148599682,0.0,0.0
hog_6629,0.0,0.0,0.0279598769125331,0.0,0.0
hog_6630,0.007364535616326329,0.030278808244774025,0.015506322799965222,0.0,0.016725700974077773
hog_6631,0.006358327417857357,0.0,0.012623190538038509,0.0,0.0
hog_6632,0.0,0.0,0.026156103816688647,0.0009512981377071128,0.0
hog_6633,0.00024304585292633796,0.025495564635098722,0.01117586514905966,0.0,0.0
hog_6634,0.0011051100075047948,0.007442052019618117,0.01911628180768732,0.005592173918150589,0.003980825653841835
hog_6635,0.007266696256683636,0.0,0.03811014217833808,0.00487114703589131,0.0
hog_6636,0.0,0.005428868905463569,0.03164121458551561,0.01705440633902966,0.0013388321385485735
hog_6637,0.02076055073607419,0.0,0.000479175143158983,0.0,0.0
hog_6638,0.027705304484295645,0.0159026855791089,0.04815450490691808,0.013179223889654423,0.00414126637902168
hog_6639,0.028447939276680323,0.03985774015798871,0.014483295657915285,0.0,0.012683608394038925
hog_6640,0.007589768157355126,0.0005912172609510158,0.0026552056814326264,0.0054751339494825135,0.0189614800787965
hog_6641,0.01852326068852328,0.006382783881264897,0.03266501026172608,0.0,0.01972039018134586
hog_6642,0.0,0.0,0.0,0.0,0.0
hog_6643,0.02514877476821953,0.025758503962165058,0.04463299098558382,0.0,0.01685108613688424
hog_6644,0.004279885438472242,0.0,0.0,0.0,0.0
hog_6645,0.00863885708196932,0.0019077329943451016,0.003100481840412561,0.018981070487851026,0.020836413479236926
hog_6646,0.0,0.0,0.0,0.0,0.009112484669429488
hog_6647,0.0,0.004415841934308107,0.007862460494779677,0.0,0.0
hog_6648,0.02441619688321328,0.0,0.017549384433936055,0.0193043227491283,0.002682959698018905
hog_6649,0.05017833241387626,0.06409303115667231,0.024458441908907114,0.008322824704059206,0.0009690513245850241
hog_6650,0.001541761377198858,0.014862125239019974,0.03271717193600576,0.009402210972016434,0.0
hog_6651,0.03234900660565021,0.0027500095287400494,0.04170018799832209,0.003781443215613134,0.01761889187514698
hog_6652,0.03231160156391777,0.011575747363784528,0.022731753138209854,0.023659691207700506,0.0
hog_6653,0.007151943530310234,0.00017046713811930125,0.0,0.0,0.01015097035799406
hog_6654,0.002851631866263027,0.00042381745843389496,0.016981197825226113,0.024301942154055123,0.013486511736042983
hog_6655,0.029101809634325182,0.011037995357801256,0.011484946853003608,0.0,0.02114574485118581
hog_6656,0.030531288899040554,0.024376520771693944,0.03853593774744657,0.01825616364911853,0.03303903926946239
hog_6657,0.0,0.034388806775071945,0.0,0.0,0.0
hog_6658,0.0,0.021433112463459025,0.033002873268140887,0.004561138106390139,0.002981582716573783
hog_6659,0.02494998138140092,0.012662545187701157,0.027181617748342157,0.0,0.029349436001305573
hog_6660,0.0,0.0,0.0,0.0012429251860237578,0.0
hog_6661,0.006213371226205133,0.05203521116496068,0.044857262935907194,0.002030627941951302,0.03317474070989612
hog_6662,0.0,0.0,0.0058145835517133815,0.0,0.0
hog_6663,0.012927931011136318,0.0,0.0,0.0,0.0
hog_6664,0.0,0.021111233064428525,0.005811172885974658,0.0,0.0
hog_6665,0.016177251007431392,0.03622537311320717,0.04625115154735693,0.050795654713149396,0.0024517792113170067
hog_6666,0.01506837884696921,0.0,0.03688976782200393,0.0,0.011099908626253097
hog_6667,0.01853263692782381,0.0021070873164468207,0.0294461122737959,0.03543653315537387,0.030396503138183872
hog_6668,0.004480683813889108,0.0,0.0031485936917243773,0.0013864483050001208,0.0
hog_6669,0.021166544764974038,0.01903832509419212,0.028338245062179412,0.015540894082206824,0.014630912082414183
hog_6670,0.0,0.01509297216331662,0.0,0.0,0.0
hog_6671,0.0070029472892705336,0.0,0.0,0.0,0.0
hog_6672,0.0,0.0,0.0,0.0,0.0038116763898852213
hog_6673,0.014023697856350603,0.02327349502919085,0.00885009948516946,0.0,0.00652732544088086
hog_6674,0.025151130837118618,0.0007351368434138639,0.0,0.003749038227332857,0.006308768321063418
hog_6675,0.0018339820142267982,0.03587176288461058,0.02443737367683596,0.017631337121310597,0.040143443216662744
hog_6676,0.011970823790104168,0.002711385457661475,0.017782223179635626,0.0,0.0
hog_6677,0.0,0.0,0.0036398094525040836,0.005368172458592557,0.0
hog_6678,0.03674595992986074,0.009835576426528547,0.06816795947289367,0.007778907259966106,0.021314436492055
hog_6679,0.0069160913056183215,0.0,0.011608791467206725,0.0,0.009824497019302658
hog_6680,0.0,0.010614024222957763,0.017935007192838137,0.017184860235101684,0.01637803561131279
hog_6681,0.010312897507702923,0.017293124270334248,0.0,0.0,0.0
hog_6682,0.031503534007011336,0.000884793468075129,0.027052542571856186,0.02285705969472218,0.006201199944062097
hog_6683,0.005092409637668549,0.008007760722234192,0.010244731705266075,0.008925224707629686,0.0
hog_6684,0.00739268651829561,0.01854182773992963,0.03193120089886703,0.017318760823309187,0.0
hog_6685,0.00810367575681048,0.05774862690693228,0.018080789433980504,0.01099721107870244,0.010618884048589683
hog_6686,0.026896579145085697,0.0,0.007441441249561143,0.0006158402174210043,0.0
hog_6687,0.041979910267290865,0.035982963583051975,0.03013294015927115,0.03192257255487818,0.0
hog_6688,0.0,0.004604544968889623,0.008709568543515678,0.0,0.0287851087261064
hog_6689,0.0,0.013278647584417769,0.009420603805168515,0.03164564338285958,0.02851658663655665
hog_6690,0.019014013006005248,0.0,0.0327113236803247,0.009915557719745394,0.00927494847488175
hog_6691,0.012742154425785746,0.015581969982363608,0.0,0.0,0.0
hog_6692,0.012213980310578743,0.014131889410991194,0.013958645545140369,0.0,0.0
hog_6693,0.0,0.01924825459261381,0.0,0.003944756811969485,0.0
hog_6694,0.0,0.02311386078805877,0.0,0.0012382522450462563,0.0
hog_6695,0.009636644891731994,0.0,0.009305944068999539,0.0008925279075870929,0.008577051508464217
hog_6696,0.013820714464076955,0.033935908468313514,0.03596004526281704,0.00544748936892292,0.017757214613915995
hog_6697,0.0,0.0,0.011813301228570605,0.0,0.0
hog_6698,0.006291240568642387,0.0037321488421466764,0.01826640257783918,0.0,0.006435279225541546
hog_6699,0.0,0.0,0.005071044597817265,0.0,0.0
hog_6700,0.0,0.0,0.026923467068108442,0.01259045130311387,0.0
hog_6701,0.018148799807372606,0.011625327364782612,0.05329621889569891,0.012693880859668605,0.0011666765768387766
hog_6702,0.03130129775217072,0.016963430070346286,0.004816714873763672,0.015228401150885196,0.0
hog_6703,0.0038106016247749785,0.015947854398845163,0.013821336599816103,0.0,0.0
hog_6704,0.0,0.009278314627041206,0.03595395429577097,0.0,0.027503781839751218
hog_6705,0.0,0.007970519824119782,0.030393847485494563,0.005909089724528194,0.0
hog_6706,0.011563638698701473,0.029341623508592818,0.039071980743960344,0.01393806414287635,0.0012774106094410875
hog_6707,0.044922252087929104,0.03231150418394857,0.0367013558503948,0.0,0.02580556295966474
hog_6708,0.011852701676978494,0.0,0.019876928037066977,0.0074210104935732435,0.011335343563631195
hog_6709,0.010256873787025889,0.0,0.013984703633906248,0.009961062901943096,0.0
hog_6710,0.0,0.00958027466007283,0.01465639289041687,0.0,0.004074685075294404
hog_6711,0.020093874583848148,0.04959330112188454,0.04666797328137151,0.03604027528865239,0.011407402563743174
hog_6712,0.018422871430715748,0.003249893275062865,0.02012792842775535,0.0,0.047007541784411355
hog_6713,0.0,0.0,0.01045588137052178,0.0,0.005947761155959519
hog_6714,0.0,0.013839674369840571,0.025788546853349636,0.01551465310796174,0.004602411409356133
hog_6715,0.0,0.022636067025638917,0.02667523275569894,0.00214512297165248,0.0
hog_6716,0.03877339278114045,0.017613918386855776,0.016356317337280935,0.020123657184534238,0.0
hog_6717,0.012112566514981937,0.014564412964057416,0.023640254682950612,0.0,0.01095649498165785
hog_6718,0.0,0.009839137209455728,0.014326193232513607,0.004039755092228647,0.012837642564755392
hog_6719,0.0,0.03518274186152848,0.0,0.03454561332130113,0.033324132580802246
hog_6720,0.0,0.04103323952743687,0.021994281984477393,0.0033694890983020365,0.003828878419298354
hog_6721,0.002906597210777795,0.012280786192130355,0.039966437647995345,0.027507493221862855,0.0
hog_6722,0.00949155748153796,0.010085244865611909,0.009778605836642473,0.008807789637048868,0.0
hog_6723,0.030282252560283274,0.011271452296628848,0.032411209903450144,0.0,0.009823023934162345
hog_6724,0.0,0.0,0.011072564422814457,0.0,0.01969925978862941
hog_6725,0.010505461275634564,0.008543324677344089,0.024633955788148088,0.0073994923437725735,0.005998882784681081
hog_6726,0.0,0.0,0.0,0.0,0.0
hog_6727,0.0,0.0027462332309091675,0.016030854190719923,0.0,0.0
hog_6728,0.01690220761985972,0.01563206875597767,0.006735654459367302,0.0,0.0
hog_6729,0.0,0.009728202401743768,0.0,0.006580717354172982,0.0
hog_6730,0.0031019644748160324,0.0,0.03309727041198318,0.0,0.015082130885786249
hog_6731,0.0,0.0,0.012382477174634143,0.0,0.0
hog_6732,0.005411613970272455,0.0014399074583668625,0.022498166147080445,0.011703900201213147,0.0
hog_6733,0.03124497672510973,0.015356006281392887,0.04570700147729512,0.002875386226967036,0.0
hog_6734,0.006246144295867451,0.02986033121767573,0.04619781374708354,0.020827278959584472,0.016778099847380323
hog_6735,0.003244484355422239,0.012080560467869539,0.0,0.007824373251846817,0.0
hog_6736,0.015059661617131459,0.01293011224493501,0.02735457274433095,0.009120837714671426,0.0012663331697853053
hog_6737,0.007929644599896424,0.00908143019758545,0.022581305255235273,0.012910758476099904,0.0
hog_6738,0.0,0.013535689900131764,0.0,0.010877125403345289,0.0
hog_6739,0.0033434162686509783,0.014735063940525706,0.010310348580066409,0.0,0.0
hog_6740,0.0,0.0,0.01857116898217548,0.0,0.00014638123627630506
hog_6741,0.023196235375422702,0.02236457843111528,0.03420604379170289,0.013289028519548385,0.02650402037293298
hog_6742,0.023249568698845424,0.0021325348434777514,0.022175538854940946,0.0,0.007005934133775149
hog_6743,0.016366855221324528,0.019464729845349193,0.024437562164695725,0.0,0.0
hog_6744,0.00664429107911757,0.0,0.024928663524881767,0.0,0.0
hog_6745,0.02860721002629396,0.024494590163141927,0.04859776207339639,0.009789126009010385,0.01280902700553943
hog_6746,0.00744618071455716,0.0026064741442832773,0.02133732233847052,0.0,0.0004897428670589399
hog_6747,0.008289273211646853,0.00310025463453667,0.028064658587195535,0.010709886669273638,0.0
hog_6748,0.024223338140832773,0.0047366020359780325,0.02146124489607959,0.009919563309221946,0.007361019540283342
hog_6749,0.008206425805262985,0.0,0.022949545901725044,0.0,0.0
hog_6750,0.025762221851598488,0.011431505369614792,0.017806782933811327,0.03652764098084993,0.011035823225653107
hog_6751,0.0542601114432244,0.008292194999764524,0.04474310815124638,0.002971704838910405,0.0
hog_6752,0.03400835357761345,0.029856993919577635,0.014358681943732243,0.010037569937864088,0.02674202941514281
hog_6753,0.010535123655093459,0.00988052482086621,0.025544199147638835,0.007115955196396184,0.0
hog_6754,0.017951729559509078,0.010022358780203744,0.013308049227552798,0.0,0.0
hog_6755,0.0,0.019137344846600346,0.005644402705936136,0.0,0.005606857384777397
hog_6756,0.03319131980310153,0.01763631538469923,0.04814431607914971,0.022353966469485842,0.009609499272412059
hog_6757,0.0,0.014862551456468864,0.020081302435056347,0.009718892058786954,0.010281773844889708
hog_6758,0.021994711477463458,0.018260284305017915,0.034695751044574674,0.009974258336999942,0.0009686901277814464
hog_6759,0.038121752202200376,0.031253523796557436,0.015782930037492093,0.0,0.017206746558334096
hog_6760,0.02090299734886014,0.014467497595345602,0.03963190383733828,0.018146337264724588,0.018769750037697985
hog_6761,0.030896040438534778,0.013074706099330147,0.0,0.012456547508496119,0.009892668119787729
hog_6762,0.02243423314860271,0.0023153218978984036,0.026585656252992473,0.0,0.0
hog_6763,0.01403824316215907,0.0,0.0345270484822664,0.007133150302877089,0.0
hog_6764,0.006817693554909576,0.01216595429369205,0.04438059036281716,0.01225854501204271,0.004566150455152185
hog_6765,0.02332755024398092,0.0,0.014541737946720312,0.0,0.0027353204050608593
hog_6766,0.022067151416617747,0.009661848411828489,0.04690947497887343,0.0033721003938631533,0.022722194287542408
hog_6767,0.010085871455440598,0.004559910599530204,0.04527608780581205,0.0161929429262202,0.015667799758751988
hog_6768,0.01918130776439564,0.06315771306300366,0.03203600982531918,0.022704104136041847,0.0
hog_6769,0.0,0.0,0.00276746161712893,0.025074034552847513,0.0
hog_6770,0.023017046824005627,0.026750652372868222,0.05522274723231235,0.0,0.0229662032938871
hog_6771,0.0008722899901592029,0.0,0.02921408223531996,0.0024611969690344626,0.01859958574529097
hog_6772,0.0,0.0,0.002906983342978231,0.015191103344693868,0.0
hog_6773,0.0007577717306554987,0.0022161926252837194,0.005974144562346462,0.0025574811657584906,0.0
hog_6774,0.00012499948933708538,0.0,0.018195277936319698,0.015275326931640576,0.005825978691146538
hog_6775,0.020410601917907778,0.03043506291852771,0.04238669183036392,0.022323376835153397,0.019162171993138077
hog_6776,0.017499279709184856,0.005484852526828954,0.01974819036487796,0.0,0.0
hog_6777,0.04468714788261696,0.0329524863990196,0.05173258976189277,0.045610275345784546,0.0
hog_6778,0.025985244615435832,0.006924466013310315,0.00023765528960373317,0.0,0.0
hog_6779,0.00901418666264231,0.015175962780432206,0.022864975885674488,0.0,0.0
hog_6780,0.018117561519976455,0.005489041411007145,0.04182546186545655,0.0,0.011384994964800166
hog_6781,0.0,0.0,0.020282963487320282,0.0,0.0
hog_6782,0.0,0.0,0.02240047906299103,0.0,0.0
hog_6783,0.009695335598262522,0.012905720999002446,0.03683099755535313,0.004449680863236383,0.019768843439627704
hog_6784,0.0034968037379661254,0.01903494228884095,0.0255647733891744,0.0,0.0
hog_6785,0.038331848812154234,0.04514416362352236,0.054824438210814064,0.023725490711006936,0.041315180651668504
hog_6786,0.017716738086183348,0.0025761206654835167,0.012212960684538698,0.009077491299718687,0.0
hog_6787,0.03181981399730849,0.04455879986969058,0.03566605735541817,0.03223905464473886,0.018435940231724235
hog_6788,0.005355576543139895,0.007016921686537669,0.02375745643139293,0.016454264548630526,0.025256437715161617
hog_6789,0.02128412630112342,2.5309497557302052e-05,0.030154963603923113,0.009986798847315015,0.00356044856775406
hog_6790,0.0,0.0,0.022381037339910925,0.0005290764180783114,0.017908989004108866
hog_6791,0.0006770221977274726,0.0,0.009727159615194658,0.0,0.00945808180519836
hog_6792,0.018961659866390868,0.010035695518454402,0.0,0.0,0.014109994964339956
hog_6793,0.0,0.0122913141223846,0.0364947438733183,0.0,0.0
hog_6794,0.021993516088407494,0.02452914904251524,0.03718960713193997,0.0,0.0
hog_6795,0.007548980061814037,0.0,0.0,0.011648091841847119,0.0003532767321752228
hog_6796,0.003919358433380982,0.02429637026743614,0.042899783062440244,0.015297003732237968,0.0
hog_6797,0.012421068409542935,0.02197713462783657,0.026118618169733265,0.0,0.0
hog_6798,0.014737440857431672,0.010512171292330397,0.014018407424327028,0.006871593028451972,0.0
hog_6799,0.0040814728666280775,0.0033360821258332507,0.0184427357920951,0.016153329746265266,0.003628699920558809
hog_6800,0.0,0.009455007605177368,0.014020394220196186,0.03414028077207498,0.0039724865618562255
hog_6801,0.0,0.0,0.02894139379084648,0.0,0.0
hog_6802,0.0,0.006190939594522993,0.025098130238845995,0.010816948506246149,0.0
hog_6803,0.015330513095067833,0.018584947165913857,0.01558910383737011,0.025125340952907083,0.0
hog_6804,0.027993134882953408,0.0,0.023718260128153146,0.0,0.008095809040614688
hog_6805,0.0,0.004741519757118118,0.02893707214592034,0.0131912762047528,0.01809525243685428
hog_6806,0.0,0.011782838412386587,0.021965755785568142,0.01397684170130109,0.013374908480967118
hog_6807,0.05251673520997202,0.055650738320478954,0.046169331845963946,0.03528517225676331,0.031148257584134642
hog_6808,0.04675141170289998,0.015011735103868995,0.031104360408099163,0.0009962399734773086,0.0
hog_6809,0.0,0.001972364125291115,0.006395764053397368,0.0,0.0
hog_6810,0.014340593614056152,0.0,0.014380171090090155,0.0,0.0053736661716892176
hog_6811,0.013132432975091923,0.0,0.013729625688363,0.0,0.0
hog_6812,0.01559565187028955,0.02829522492753722,0.013563032169084499,0.015027456626805158,0.011613358324313872
hog_6813,0.01959680543736364,0.00600300235132134,0.016213390875537748,0.0,0.007221406905051797
hog_6814,0.017437003982276655,0.02257741967981719,0.03158606157678889,0.0007297153129137701,0.046292866621621354
hog_6815,0.0,0.013017518638145154,0.0,0.012914033280071013,0.004543414889480735
hog_6816,0.022795631595341037,0.0,0.04075281672008191,0.009070745654476076,0.0003783891802340289
hog_6817,0.019972494228092774,0.018739567928202305,0.011764227407071726,0.0,0.0025456891529158643
hog_6818,0.0,0.0,0.03759383574368802,0.005422903013862168,0.0
hog_6819,0.02834158802405784,0.01020885917781067,0.023171684218007416,0.0,0.015656156771137297
hog_6820,0.02194694747476378,0.0,0.0,0.0,0.008545919081717201
hog_6821,0.016705046062162276,0.0,0.033076058276503284,0.0,0.0
hog_6822,0.03342097811802969,0.0,0.01741299817146502,0.0,0.0121665476944679
hog_6823,0.024516102866647183,0.02612915085850953,0.03581424436142533,0.007684600340934322,0.0
hog_6824,0.0,0.010891058788470964,0.0044416794596005005,0.0,0.028833299841130478
hog_6825,0.016439101048559834,0.0,0.0,0.0,0.006111814612423938
hog_6826,0.04025449927242675,0.02585648529748341,0.02009594406886217,0.0,0.012697740542113367
hog_6827,0.020498851555160513,0.018104335511823777,0.009646271640832316,0.006269865012070497,0.0
hog_6828,0.006712861266516379,0.0,0.00585478526559724,0.008241354473657925,0.013661810499473015
hog_6829,0.031075286525081625,0.013852308429874505,0.0025929952448717764,0.0,0.0
hog_6830,0.004958145612772524,0.01757281671468025,0.03437462869784791,0.0,0.03442595954487215
hog_6831,0.0,0.021574768902224317,0.009719187701932919,0.0,0.0
hog_6832,0.0,0.022013865520659648,0.013148430816996681,0.010353961354570451,0.008278705261457242
hog_6833,0.03663946579911004,0.03205148769728994,0.022975674570649307,0.00776058311335226,0.0
hog_6834,0.0007300793517632798,0.0,0.019780429932745314,0.0032145931509950376,0.016461515754535583
hog_6835,0.027541374522005002,0.012453646930248308,0.0382722432008018,0.0,0.039563145174919656
hog_6836,0.0,0.0,0.0,0.0,0.0
hog_6837,0.0017656993835755141,0.0,0.019592935571879577,0.0,0.0
hog_6838,0.013404338209044298,0.03063925544496482,0.046292387520184386,0.0,0.011630622805864244
hog_6839,0.004260570399703623,0.015939992168411132,0.0,0.0,0.009290235111097944
hog_6840,0.0,0.0007280870238846049,0.011146266211075506,0.0,0.0
hog_6841,0.01664364798972473,0.04130487637252078,0.015434480689106245,0.0025325236686506436,0.0
hog_6842,0.04388238376128939,0.0,0.01836735662216893,0.0,0.018591079356138573
hog_6843,0.0,0.0,0.03213404755326299,0.0008009750230915103,0.006755194924921604
hog_6844,0.03300127184682644,0.027085363816947927,0.012653682364002217,0.010872635116554896,0.022718362826114724
hog_6845,0.0060797547505386795,0.018652441922173413,0.04425461193327451,0.0,0.0
hog_6846,0.020191543171434123,0.02351857222560283,0.030486483013352883,0.0069816222528458205,0.0
hog_6847,0.0,0.01852653875260102,0.007591591483706139,0.0,0.0024177243597724996
hog_6848,0.02168212210068088,0.03437850956715072,0.018252604406595374,0.00032992201855619463,0.012554338934398723
hog_6849,0.035266008724739395,0.04821163734318379,0.03256659425165198,0.0012965188117024518,0.008767491029260777
hog_6850,0.027376439964772903,0.02399933298393031,0.029135122440105965,0.02401883860086218,0.004704354410977274
hog_6851,0.0019407302404466087,0.019542261294991814,0.034983980752856025,0.0,0.0042428654739103955
hog_6852,0.00714370485978133,0.011542963106203397,0.033988470538718785,0.0,0.0
hog_6853,0.015233687103138882,0.029629372115427266,0.035528013312643436,0.0003888544485703971,0.018307180977439552
hog_6854,0.009131825720013476,0.012723627023868644,0.0,0.0,0.004584474601766031
hog_6855,0.023750545988301397,0.0016936761640924392,0.03393364740025606,0.020629722299974285,0.0
hog_6856,0.017012554497538357,0.015024463056308557,0.0343927256533918,0.020902217661755262,0.04119279513983276
hog_6857,0.022976553484294504,0.0,0.017409084861216284,0.0,0.0
hog_6858,0.026754082446130756,0.025078516735396406,0.031094627360882088,0.007123567453358737,0.005740965223717254
hog_6859,0.015544524759419698,0.048139343750489116,0.021347602100146856,0.0023115620130709225,0.0
hog_6860,0.01766714826267557,0.03629012932869169,0.04051003167933742,0.02667977293953938,0.0229781594895353
hog_6861,0.002012741708203869,0.0002054838055027819,0.0336875010727653,0.012592948805611348,0.008028044463921358
hog_6862,0.0,0.009501436743787561,0.004898337744403847,0.008431697985353148,0.0
hog_6863,0.0,0.0,0.03720294849845063,0.0,0.0
hog_6864,0.029488493372505697,0.015450499356191028,0.04810842768334056,0.012424292784283697,0.017042973079828716
hog_6865,0.015335304838166808,0.02179347867174153,0.03509419848621853,0.0024168556602501834,0.00536505887255867
hog_6866,0.01620200157877205,0.023265865294421317,0.025638305067472,0.0,0.014370049889573355
hog_6867,0.0,0.008361375479127409,0.003915231433697652,0.0012561448532613095,0.00564676131254882
hog_6868,0.0,0.00815499873616643,0.05591951444895549,0.025366415418363708,0.0
hog_6869,0.04165454922712586,0.031093644684195842,0.025266131607747155,0.019460143930041918,0.011674213250722154
hog_6870,0.004041914436120786,0.005877833291395573,0.011991000003301666,0.03192559707854481,0.0028992261096567606
hog_6871,0.00638505539183587,0.0,0.0,0.0,0.015686168833470626
hog_6872,0.050281063260539494,0.02070948582170229,0.02754537540025237,0.02437105298603348,0.0
hog_6873,0.007533372366459901,0.0037601560386153476,0.006365259594729,0.0058766042695455045,0.010427162419900382
hog_6874,0.024407041905432747,0.020717330992390037,0.03448072379022027,0.007235117663247692,0.008399699463333743
hog_6875,0.04346219911354354,0.007125042091643774,0.03645368582984054,0.028620241807832514,0.02892273729612116
hog_6876,0.0,0.0,0.03402034905179363,0.0,0.0
hog_6877,0.03501838354290343,0.009464931136973664,0.05072658067415059,0.0016389032159305206,0.004643991852722129
hog_6878,0.016252243380084685,0.0,0.044398053585637864,0.007205163684508742,0.0
hog_6879,0.019433012720393217,0.0,0.025281851765440955,0.0,0.0
hog_6880,0.003442402952072099,0.007405741419743261,0.026853988797764794,0.029658072698224514,0.015497384764143973
hog_6881,0.021747491906589866,0.0,0.0,0.008095161491385117,0.0
hog_6882,0.0,0.0,0.003788415229820652,0.0,0.0
hog_6883,0.015561003635812476,0.0,0.025669939015776633,0.0,0.0
hog_6884,0.018734623874254952,0.0021189708232232096,0.010581520324375981,0.0,0.0
hog_6885,0.008218690770197323,0.0,0.007919346486816137,0.010951328982151454,0.020002560523258994
hog_6886,0.029005927402057985,0.011534899895948136,0.013770788709008608,0.0,0.014302269300003445
hog_6887,0.01697913986707089,0.026607830583375014,0.013288316098031938,0.02262752397017609,0.029192941075246504
hog_6888,0.0,0.008286358910268188,0.019291350942045593,0.01660564282552701,0.0
hog_6889,0.0,0.00828080376909135,0.039734254191402085,0.012673410623205372,0.0
hog_6890,0.0007407859562060803,0.0,0.0051224296776744005,0.01973824169304028,0.002804237137960408
hog_6891,0.03001986304450055,0.006812751104168013,0.016934629188658956,0.02253278222195565,0.01757807936716005
hog_6892,0.012626616544221925,0.030999650539795365,0.01441820316818343,0.016259728546583974,0.013606177615722359
hog_6893,0.015602587975964921,0.0021656195842960635,0.0030783617666025886,0.0,0.0
hog_6894,0.003689309042596678,0.004822861895556141,0.01828836724826588,0.008999163845762048,0.0
hog_6895,0.0012378493495610599,0.0,0.026033501868435005,0.015536759355486929,0.0
hog_6896,0.04014528831945885,0.020113619515620407,0.0188788305825649,0.0,0.02285107398167252
hog_6897,0.0,0.020286192608776288,0.0,0.0,0.00023698631572033335
hog_6898,0.0,0.016835085637033842,0.0,0.0,0.0
hog_6899,0.0,0.015446515314260001,0.014043134468915142,0.0,0.0
hog_6900,0.02838787473052684,0.0,0.019218127159525755,0.00292105447969937,0.0008871092728286456
hog_6901,0.0,0.022186453194913414,0.007851108508119875,0.0,0.0
hog_6902,0.007970290083031628,0.030966784664485658,0.0238839206139152,0.0022603316386979877,0.0
hog_6903,0.0,0.03838562750966812,0.012544754978945694,0.0,0.028069626973411532
hog_6904,0.003628860567107761,0.030859373804331458,0.013093777154952413,0.0030117276953725014,0.010026778892823662
hog_6905,0.0148565439481525,0.007116279956713933,0.014652881399123574,0.018670300637952497,0.008444607942459825
hog_6906,0.01115748120825466,0.0,0.0,0.0,0.0
hog_6907,0.016220497274698653,0.00932616616935733,0.01913299358609888,0.004388966255653548,0.0009763387291801262
hog_6908,0.0012575524522473458,0.0406805608363765,0.029666878284623,0.015780233810399835,0.010818768125180789
hog_6909,0.0019132840929898531,0.010801880137421449,0.0024243700142925206,0.0,0.014592564284087173
hog_6910,0.010464695298957993,0.03277436319292204,0.023198491483882533,0.001440445919258737,0.003168271664941713
hog_6911,0.014069361413195258,0.027680935942712592,0.037161873356230224,0.017402385128447495,0.0004676320413767865
hog_6912,0.03646326778433884,0.009811776604796485,0.05540524040533157,0.0,0.002978238265218147
hog_6913,0.0009081362051017727,0.033014562346592946,0.025764101892565616,0.0077986336436493,0.0
hog_6914,0.00404839852455785,0.0025471639216050335,0.0,0.0031988343707933797,0.0070403693093608055
hog_6915,0.0,0.0,0.018890970820821806,0.003530877992898196,0.014040395208414935
hog_6916,0.0009636720412311561,0.02496143038116405,0.030352602710880028,0.0,0.0
hog_6917,0.0,0.0,0.0,0.0,0.0023090862075418883
hog_6918,0.0,0.022645210896345302,0.0020441153828423264,0.0,0.01804069958424459
hog_6919,0.015294474802312275,0.00773284707721289,0.022419362528842024,0.0,0.0
hog_6920,0.0,0.024902675109180317,0.009148467943091099,0.0,0.0
hog_6921,0.0,0.005265804500152571,0.04104078284230983,0.0004921469464063133,0.0
hog_6922,0.0,0.05110093556251383,0.011744945494821968,0.0,0.005908899093069131
hog_6923,0.0,0.026573899302712478,0.0,0.0,0.0
hog_6924,0.0,0.0,0.010078701775214194,0.0,0.010305295199818598
hog_6925,0.029151026144938808,0.01642692160847936,0.027379726735253573,0.009367042038475715,0.012574831637415462
hog_6926,0.006685294222799287,0.012959202188022045,0.03327545193967074,0.010133590664274994,0.004978292001747819
hog_6927,0.029280784050432107,0.011522098684493276,0.0,0.0,0.0
hog_6928,0.0,0.0,0.032784225466475414,0.006115927927329956,0.0015415640755447324
hog_6929,0.007937831837448783,0.0050203010839355855,0.0,0.0,0.0010567200221400785
hog_6930,0.01910885353580194,0.010007581350455208,0.02988215309205189,0.021617186487280726,0.010420279329895976
hog_6931,0.02044288716842435,0.02909893998623536,0.03808810901872772,0.017596465873860767,0.0032841655537863
hog_6932,0.0,0.0,0.0109283606410302,0.002355445368922071,0.0
hog_6933,0.003741867454011727,0.023478185476037305,0.0,0.0,0.01518441276590421
hog_6934,0.0,0.0,0.01322529008634521,0.0,0.016196278161062283
hog_6935,0.028072157373469908,0.0029269654979529047,0.027970587256510138,0.02102013678913517,0.016201606138008362
hog_6936,0.0,0.018817556985590622,0.01609698695387607,0.005862390542096252,0.016655973218695275
hog_6937,0.027903906686954416,0.04557459978400069,0.026122779915776606,0.01487039482189667,0.019271844067096033
hog_6938,0.0,0.01626851785162642,0.013168632083154996,0.0,0.0
hog_6939,0.01962062261570363,0.016522449803047845,0.030259844273466063,0.0,0.023453498464224953
hog_6940,0.0,0.022102551965977657,0.015137154536149167,0.0,0.0
hog_6941,0.00693917513122333,0.021268233604845754,0.0,0.02980868560947303,0.0
hog_6942,0.020030791585497365,0.018479270335971965,0.03316284596534036,0.005764387107039415,0.00439300152360711
hog_6943,0.0,0.0036854772206396103,0.011655041908616104,0.0,0.0
hog_6944,0.02965563030303553,0.009714667340283256,0.029556886225444945,0.0,0.0
hog_6945,0.0,0.0,0.002564721970005346,0.03240928115148689,0.0
hog_6946,0.026525369347089933,0.010714204300816599,0.04457407241314093,0.0009143901443848801,0.02843108264597749
hog_6947,0.02045684668883263,0.02601621044709801,0.06496725512815749,0.039111238760226597,0.0066945344619571134
hog_6948,0.01001092320691055,0.007861549252783373,0.0,0.00269326676296866,0.0
hog_6949,0.009304816264071869,0.0017803943397518562,0.029234434201450776,0.0035490050334638923,0.0
hog_6950,0.0,0.01534253190394086,0.008092479493699622,0.012438896224680862,0.0035175078774918322
hog_6951,0.013948647918006873,0.033275106429733414,0.0,0.009200054497538579,0.02824056755590898
hog_6952,0.0,0.00018193340991046192,0.0,0.007997302271939732,0.0
hog_6953,0.019048054832809358,0.017945015914506257,0.025729723804532645,0.0037182472104597686,0.019916602334622224
hog_6954,0.025162395823622674,0.015295279174177612,0.0,0.003518563733983626,0.008114615606303
hog_6955,0.011083121554719577,0.025805244577649766,0.03660245543460339,0.0,0.015893671085076555
hog_6956,0.013609792552372824,0.03677464013015985,0.0,0.0,0.00821701931085328
hog_6957,0.013849169169631415,0.02886741430276607,0.022727728096115563,0.0,0.011235383124910125
hog_6958,0.014832531410215122,0.007068685725026391,0.03256787304851061,0.0152142734135432,0.020428910331830252
hog_6959,0.0,0.0,0.017625275804470153,0.008209529281041572,0.002066426716589298
hog_6960,0.009722392147633485,0.009109717191747801,0.0009834810091688961,0.0,0.0
hog_6961,0.00972448762912137,0.005828930245789232,0.02722222574812183,0.008624078199108487,0.0013428526324656964
hog_6962,0.005064200272398622,0.04359619432288597,0.011382400192226694,0.01180075957146487,0.01866199508671129
hog_6963,0.021054064642266335,0.0,0.0,0.0,0.03340969457443177
hog_6964,0.014777634616354618,0.007746701303114056,0.023367407903752024,0.02505846196308892,0.028130890890953886
hog_6965,0.02037372159350226,0.0,0.013322382007091127,0.020639972194159695,0.018012987231821098
hog_6966,0.0,0.011632387130888766,0.006297393605506629,0.03139943268458811,0.013688070658487206
hog_6967,0.023484745058027556,0.015906254678659915,0.01622240989872248,0.0,0.0
hog_6968,0.0175300781054053,0.04474560885902079,0.04509002904259507,0.02175085227877216,0.017639877323522235
hog_6969,0.015363496437773128,0.0332441619306747,0.02896080686544078,0.018770930836818023,0.004813205498032103
hog_6970,0.002026638603147557,0.007268829175702152,0.03761842924300174,0.019562240674456888,0.0
hog_6971,0.0,0.0,0.0007584142079259948,0.0,0.00702991482622406
hog_6972,0.0,0.014333927505243649,0.0,0.0,0.0
hog_6973,0.0,0.01003309614042025,0.020418332001030715,0.0,0.0
hog_6974,0.015195653786205021,0.0,0.026377406974537054,0.0,0.0
hog_6975,0.002414897934104099,0.002758032353552764,0.02392632573902742,0.0,0.0
hog_6976,0.0023739579113455367,0.032183503432412275,0.03320852544414565,0.0,0.020105111561616873
hog_6977,0.010453844110703159,0.013984289908363534,0.005776064563569605,0.01008165713859488,0.0054773957079155
hog_6978,0.005062748351303936,0.015408927926219285,0.0,0.0006843525293047659,0.0
hog_6979,0.0,0.0,0.035344022374838024,0.012829548047304185,0.0268913299633744
hog_6980,0.0,0.0,0.0032373013739608325,0.0,0.015743353163618856
hog_6981,0.003739771972523842,0.014248747488720959,0.020609307811334965,0.0,0.007473638916737579
hog_6982,0.006263312784536401,0.00019116740003610744,0.022861207064319045,0.005048122784170994,0.0
hog_6983,0.022137762598199995,0.022659215149852585,0.021114279724802953,0.022898415907953495,0.025716170194983068
hog_6984,0.008038168414434166,0.008018360179061546,0.008747913360136472,0.0,0.010325023006442446
hog_6985,0.00011861281001834811,0.024567329466967047,0.03028065641073674,0.0,0.0
hog_6986,0.04455900615389741,0.0,0.034772698340382435,0.01906407899719853,0.012132843434791596
hog_6987,0.00182491360953696,0.0,0.0,0.0,0.0
hog_6988,0.021413274721525655,0.006432217233661053,0.006152714241966173,0.005404762852325717,0.0031576445265573128
hog_6989,0.0,0.0,0.0,0.0,0.0
hog_6990,0.010946046833308909,0.025061395173086254,0.008215751876150312,0.01013718248101636,0.006191594431049552
hog_6991,0.01182864785841975,0.03159583090173901,0.010115489680382339,0.0021944575326455773,0.0
hog_6992,0.019989131491972678,0.009968529938414239,0.0,0.0,0.0
hog_6993,0.0,0.01322446102588426,0.0,0.015986299881473043,0.0014167661768427209
hog_6994,0.0,0.0003414665547856188,0.014971722522496123,0.0017532762115854972,0.00019447215096368708
hog_6995,0.00441451797815251,0.011669375996534503,0.017452853105787147,0.023274653980627003,0.0
hog_6996,0.004392233350431818,0.0,0.010724453830637248,0.017132000148759596,0.0
hog_6997,0.002487737616117869,0.0,0.004452124221115739,0.006847363148793084,0.01089628660343478
hog_6998,0.0,0.01620791358522955,0.0,0.0,0.01179523177299413
hog_6999,0.015107522161177611,0.0,0.016328148742229542,0.0,0.0
hog_7000,0.016413177217488917,0.0008180907172099516,0.022235223148792338,0.013011293138498692,0.0331091517174289
hog_7001,0.0,0.0,0.0,0.0,0.0
hog_7002,0.00669361832212978,0.0256006116609635,0.0,0.023968945318957546,0.0
hog_7003,0.0,0.004762334536992929,0.03105656670124235,0.009462440920639414,0.01589245780378823
hog_7004,0.014192578187022908,0.006119049065015814,0.015932433346514063,0.005652752709690567,0.01495448024802526
hog_7005,0.022490680406993313,0.008805167613819442,0.03546789032236686,0.014289836986874693,0.04487618144598704
hog_7006,0.018355810695705577,0.005889757223494607,0.007589634178478688,0.012855008266863699,0.0035422901918100713
hog_7007,0.012673125325519896,0.006323217550544991,0.0,0.0,0.0
hog_7008,0.0,0.010933912228107134,0.007763532130447892,0.007347379642631546,0.005052705945646885
hog_7009,0.021989580384110807,0.02263506058499387,0.0011075585048463399,0.02420916167064946,0.011394475899549228
hog_7010,0.013161955419267901,0.018996250000798076,0.0,0.0,0.0
hog_7011,0.0,0.016457883868765677,0.0011985834374999005,0.0,0.0
hog_7012,0.012174270446033031,0.0069160386913325045,0.01333629593513308,0.0018006026951331577,0.0
hog_7013,0.03653084223681535,0.01829430383234798,0.005334824984987607,0.0019382070866627021,0.002219505284846379
hog_7014,0.0,0.0009235718985631802,0.0,0.0007627433242494153,0.02437464700814118
hog_7015,0.019831450358852143,0.011956636725324765,0.0,0.0050794080984131185,0.00937616160382726
hog_7016,0.02804928012356389,0.03060673483161569,0.020166786542920923,0.018567718268052147,0.03206635400854041
hog_7017,0.0244028311401856,0.0,0.008847928346194633,0.016717622859382164,0.010286588032864197
hog_7018,0.024586939073630187,0.02844059125711418,0.0113784098868972,0.012931831153422335,0.010322703804930722
hog_7019,0.0,0.02358531333592251,0.030508792609855062,0.00233743970921374,0.0054952004159845025
hog_7020,0.015431180033417258,0.0045311091388613445,0.01672482176167045,0.015913055342996474,0.0
hog_7021,0.011981622072581244,0.017209868528506034,0.010714679233152502,0.0,0.0
hog_7022,0.005035481106993478,0.001145603874002532,0.024038573806010488,0.003319376019807141,0.0
hog_7023,0.01579395823036034,0.0018428324711989852,0.019639695645833122,0.008594880118867998,0.0
hog_7024,0.004816077954983289,0.038714027110535065,0.03909387366027928,0.0,0.01677466478040146
hog_7025,0.0,0.013075594879775387,0.0,0.0084024679075414,0.012144295640965419
hog_7026,0.03738526604765369,0.02785598809766876,0.026214838285701036,0.022686996952719696,0.025199893827209774
hog_7027,0.0036241658524536202,0.043889888802932875,0.024282035859588547,0.0,0.0032321661038361427
hog_7028,0.0019248681263701606,0.015648861515438428,0.011232177009468103,0.011264158878095731,0.01806005830844226
hog_7029,0.0,0.0,0.0,0.0,0.0
hog_7030,0.005164091336050225,0.0,0.003254249130397291,0.0,0.008179299915341387
hog_7031,0.027812676579864526,0.02431928492035418,0.016555807457857563,0.008424814547659532,0.003368925663659539
hog_7032,0.0,0.0,0.01728615995631544,0.009710467724600935,0.0
hog_7033,0.04420636364385078,0.03364291860353674,0.0349034554721972,0.011764947353681166,0.015986818318973306
hog_7034,0.005545588923429934,0.009100325687476873,0.01104235901841455,0.02187759397195288,0.009392920032447183
hog_7035,0.012922070478510905,0.0,0.012995510034065516,0.0,0.018466875590777754
hog_7036,0.00939016396130321,0.023671979156514533,0.022700282915184555,0.0,0.0006066591702935664
hog_7037,0.0,0.0,0.008879766509321652,0.0,0.0
hog_7038,0.020438543952998378,0.014838059117769697,0.0,0.007134808600228526,0.004370809206764914
hog_7039,0.01800786553908207,0.032398688170707235,0.0,0.0,0.039848677947501354
hog_7040,0.00332557096286612,0.018038855460814407,0.0,0.0,0.011959773060310264
hog_7041,0.0,0.0,0.0,0.0,0.013357924522005238
hog_7042,0.0,0.006297843322571106,0.01668224754958425,0.022930474275359103,0.0335271890518265
hog_7043,0.021911657017287922,0.003923275317273767,0.023760552375532873,0.010310673516646496,0.011737213883437514
hog_7044,0.0009783279426975877,0.01433349391105998,0.008481887679989697,0.016729471916419936,0.0
hog_7045,0.002324296121358982,0.0,0.0081166195938569,0.019738076562885176,0.037331328131700925
hog_7046,0.022263157855830773,0.024336023213955116,0.025091600487948895,0.04983702541736279,0.011382827450297395
hog_7047,0.019634241159443455,0.001534671930648157,0.0,0.02375075313527719,0.01798128742895444
hog_7048,0.0,0.004627929873764369,0.011020583193620093,0.0,0.023569922855720904
hog_7049,0.0,0.02482804143409334,0.03170671381382295,0.0,0.015351829674392414
hog_7050,0.0,0.0,0.0,0.0,0.0
hog_7051,0.0,0.016079538857171505,0.020700017204019705,0.0,0.019562958565281452
hog_7052,0.020633234232596775,0.0,0.017694289677041564,0.0,0.0
hog_7053,0.022602152243918372,0.01956324422733191,0.0023089707230583567,0.0,0.008981879542763416
hog_7054,0.010181558890393738,0.009743555498110679,0.0,0.0002725005214025966,0.0
hog_7055,0.025375583348356434,0.008520070716161898,0.011150782068808818,0.019494588832251525,0.0
hog_7056,0.015171743501632085,0.030515989921778397,0.017860453129555198,0.0,0.0
hog_7057,0.0,0.006448449602634687,0.005432867061896829,0.0036406180189845205,0.010854107474084218
hog_7058,0.016249932068030493,0.02024566499959124,0.02963278590349816,0.02157758556532685,0.005187345193475856
hog_7059,0.0,0.014593626062466836,0.027900730572164356,0.02608098643033485,0.015153081434297944
hog_7060,0.0,0.02990717358232664,0.04103487970831177,0.0,0.0
hog_7061,0.0,0.0,0.006681465971617673,0.0,0.02642061676550811
hog_7062,0.0,0.0,0.0,0.02783461721755187,0.01338930398812721
hog_7063,0.0,0.021136412748726352,0.008267328716605515,0.001093182178619534,0.01374327018585042
hog_7064,0.03622407821419005,0.03525084448434357,0.0,0.0,0.007701358685174853
hog_7065,0.038409772767130645,0.048022695150536476,0.029180344158749705,0.035387364633530094,0.0064606043322741336
hog_7066,0.0031201197747536824,0.0028698721477922184,0.0,0.0,0.0
hog_7067,0.0,0.0,0.0,0.02772981678123987,0.002637529448413334
hog_7068,0.009300024336872825,0.02536421488606755,0.017785088890083678,0.031162457988414216,0.018280729685460573
hog_7069,0.018994003153309347,0.029549988692384455,0.0,0.016558429716982292,0.0
hog_7070,0.022609025879613665,0.03810621342550058,0.007506217035857965,0.006170742723755396,0.02536870135528191
hog_7071,0.016292666474086115,0.0,0.027015948648261068,0.012516620580786952,0.0
hog_7072,0.0,0.0,0.0,0.005351562176889368,0.005887505556050776
hog_7073,0.012031814478859149,0.02225868075271098,0.010771406531034922,0.0032948351491870476,0.0020598592586036357
hog_7074,0.04435820021730086,0.040584076686200454,0.011231115842254447,0.006427733539956737,0.0
hog_7075,0.021908812753171913,0.01986189145255368,0.011009109048846222,0.0110318074493021,0.0
hog_7076,0.026472674355505044,0.020293201239734326,0.023259430141735704,0.010812910522815633,0.0
hog_7077,0.025627958156548614,0.0004055834748637466,0.04103013006306733,0.030231491605414718,0.009069098268893239
hog_7078,0.01746849434188502,0.002268369486657873,0.016973324644758536,0.0,0.02921821825074078
hog_7079,0.03137301449074581,0.002889659783126053,0.0,0.006861601050891952,0.005389944716446715
hog_7080,0.020483180184170724,0.011283803026548078,0.007060969988443411,0.014692345731447176,0.010160668055315902
hog_7081,0.011258735690694355,0.0,0.005246860112497309,0.034468556075264445,0.0
hog_7082,0.03652605349434879,0.0327574704172251,0.030564798112289182,0.01673935070307775,0.021950672027706064
hog_7083,0.012043734280211105,0.024351167370696203,0.013243587497583142,0.02538596465189613,0.011313329006980677
hog_7084,0.006441403420250902,0.04988158366898521,0.04155549310363371,0.007614840866631667,0.003425280883486037
hog_7085,0.019500964780066576,0.03609372309551362,0.031869580971175315,0.021470546318975714,0.007838032707470521
hog_7086,0.00030300412727402026,0.0,0.0044957508646634725,0.0,0.00031280991439053274
hog_7087,0.0,0.022502447479236132,0.0017930815102085162,0.003699343834945523,0.021511624468122825
hog_7088,0.0020906866582670602,0.018396284309853517,0.012408297483839315,0.01927049781564616,0.03281817682217936
hog_7089,0.0,0.005920324063928506,0.0,0.009640700763559273,0.006458372816124713
hog_7090,0.04546761312990055,0.053814864081105585,0.04565056341655005,0.026292540530413078,0.027317822894463273
hog_7091,0.014061219276308545,0.05020563265159983,0.03274990688159729,0.014357699838323468,0.026230622042155538
hog_7092,0.01090539386859568,0.005728656627216333,0.04414493651503104,0.00430455157026044,0.0
hog_7093,0.007335421479413018,0.0059817740326719715,0.021897755829175303,0.0,0.0
hog_7094,0.016454054728166856,0.01938508152408347,0.010595147281155626,0.011449993847281403,0.013149412615371725
hog_7095,0.0,0.0,0.0002406294733885428,0.0,0.0148778915688621
hog_7096,0.008290865777577539,0.014468301238481418,0.004366877966896832,0.013419250005413774,0.0
hog_7097,0.0,0.015955624533184,0.024704772632799132,0.017299421283879957,0.004988238652319232
hog_7098,0.006136371996310119,0.02931954695238459,0.03970261976306211,0.030368475270960538,0.016848897707838262
hog_7099,0.0,0.0,0.0,0.007066004271970572,0.0
hog_7100,0.010324993692330864,0.012521602272840715,0.019734685860204992,0.0,0.0
hog_7101,0.008760879077906791,0.012900842796541134,0.009342090133409808,0.01674939228795469,0.00701272458305513
hog_7102,0.03333674970853773,0.021519706408065886,0.031614135554048906,0.01992038897917192,0.019037238642758414
hog_7103,0.020366862731843183,0.004871596953620383,0.002144306610265767,0.026509708257981712,0.022197839567277278
hog_7104,0.006378437233438783,0.019450760416284574,0.01617107119675909,0.026068409449014895,0.014051720688490255
hog_7105,0.0,0.0343912661458281,0.015762062199757176,0.02381774298022754,0.021484730379254247
hog_7106,0.0,0.0068658927471274556,0.0,0.0,0.005070077515947347
hog_7107,0.0,0.005286430834156919,0.0,0.0,0.002352979896013574
hog_7108,0.01388755139985376,0.0272657717172875,0.03749346571687484,0.024712018097081012,0.013593711071473447
hog_7109,0.022733707650815616,0.024234597776825906,0.04062528455891923,0.040899229670460224,0.01571742523248476
hog_7110,0.03525369314644067,0.026406860047079483,0.03549585493683938,0.03654709888661656,0.03992361978434378
hog_7111,0.020840392378028705,0.04360349131869801,0.021246141540413044,0.0046101879540152435,0.012571071066048045
hog_7112,0.0,0.017969315353334903,0.00900236537404231,0.02326707282508189,0.008587831315725047
hog_7113,0.0,0.0,0.0,0.0034346182968345573,0.0
hog_7114,0.03372455988535794,0.057421995265732884,0.013228025785074538,0.012839512941632769,0.029762198299053688
hog_7115,0.0,0.0,0.008705047729035353,0.00020391138703113043,0.0
hog_7116,0.0,0.03132206902688117,0.010947338346975588,0.02950304878597909,0.016196067009708104
hog_7117,0.0025351531989301623,0.027075240303673143,0.019083109397973752,0.03375427634866113,0.0016129674567044727
hog_7118,0.0,0.04032344504206242,0.008097438173435556,0.0013489718679771112,0.0
hog_7119,0.010697345924997714,0.014046316701591621,0.0029372919944719023,0.0,0.0
hog_7120,0.014958763423237098,0.03807565475334296,0.001321353847698159,0.011147231824180093,0.01644398914890499
hog_7121,0.006972044232121055,0.015687121827844708,0.010352581956057039,0.029623767838690362,0.0052501307602075276
hog_7122,0.0,0.023564718854877764,0.0,0.05280730671246592,0.011733013213014676
hog_7123,0.010062617119665829,0.022530106556347684,0.0,0.0035848574426093904,0.0
hog_7124,0.0004702548381936289,0.0,0.026791249357122515,0.004010888140436375,0.016347824099490316
hog_7125,0.03210039609560833,0.01254591183467535,0.03214483704629223,0.027154938301293452,0.005837181718948425
hog_7126,0.0,0.021232502342597215,0.0021959716335624435,0.009446001234563628,0.0
hog_7127,0.005180183799089688,0.011248894227838813,0.048372787221624414,0.0,0.0
hog_7128,0.0,0.023576623744118397,0.01692200292603263,0.01916391513380633,0.011320084764890437
hog_7129,0.04852956726126889,0.03869688047535336,0.04270548770342297,0.021213576145002744,0.016981377928947605
hog_7130,0.024838478485247784,0.012877124324058409,0.05083255316011237,0.015160124660740681,0.025443867820008848
hog_7131,0.0,0.0,0.0,0.0009588033059197976,0.004899180520325341
hog_7132,0.0,0.010353426781460229,0.004914449208112126,0.0,0.009498843374977417
hog_7133,0.0,0.012457295315593253,0.03332818138395144,0.0,0.0
hog_7134,0.0,0.015333634923129003,0.025972805191639248,0.03580117622536716,0.01272974492848955
hog_7135,0.02207260326861138,0.02935400865756721,0.034978140946148484,0.007153031579979929,0.013547893467502847
hog_7136,0.028351753610462715,0.012349604930059765,0.029843733717124676,0.027588505925740803,0.020771071802295094
hog_7137,0.021664441694724923,0.008562900417252495,0.0,0.02509774734507375,0.007030414953431041
hog_7138,0.017857488114924935,0.023017177780738418,0.016273843953052314,0.01201316684912257,0.022662840718908672
hog_7139,0.007789858153788298,0.0,0.02023437527463101,0.0076428068298382,0.0
hog_7140,0.008357261536545924,0.03054553212086608,0.010418514538093282,0.00434086694139757,0.017471070255700605
hog_7141,0.0024809955865086053,0.0,0.0,0.0,0.01974549299099504
hog_7142,0.004235899113111508,0.0269231997380297,0.015804750790391342,0.0,0.0
hog_7143,0.0,0.02896857838436606,0.04382053433743183,0.018038974389504636,0.0
hog_7144,0.0316154439871279,0.017158186487108207,0.02495981493312005,0.0,0.01081477199001335
hog_7145,0.004120016727768627,0.0037586087804959423,0.023530417812919868,0.03619445270845478,0.006144766167171634
hog_7146,0.014766570731071571,0.025410444765425755,0.024133625394766156,0.007320781920669539,0.005921478279755421
hog_7147,0.017758962656250432,0.05334821016878988,0.038410254362924556,0.024651935351861942,0.0316760290265663
hog_7148,0.0,0.03425907286396357,0.025607767892418032,0.013024608012356387,0.00982139886325073
hog_7149,0.015964288983812525,0.025637181324253744,0.005893599324376053,0.007625179878125055,0.013253040386410397
hog_7150,0.001903189475766176,0.0,0.0037532070177479504,0.0,0.018125151852914412
hog_7151,0.0,0.00628305148125019,0.023228588205832068,0.02532819168818956,0.0
hog_7152,0.014143880869287084,0.012622403760969458,0.025923398593795666,0.0,0.020647918573699187
hog_7153,0.000383548582818527,0.027470893465870283,0.022226279322365983,0.0,0.004612650936402396
hog_7154,0.003921253495018817,0.02304185744755549,0.010878778569907155,0.0,0.0
hog_7155,0.03614527340141116,0.010938462568563345,0.009127708688585479,0.01009245363376654,0.0037125964024125047
hog_7156,0.0,0.013460729304051844,0.019813728200518854,0.02431413418581796,0.0
hog_7157,0.008930724465347817,0.03484828290311981,0.021634734956145873,0.020386619668478767,0.01187518911018004
hog_7158,0.015134535408661387,0.032744977074899984,0.009391670464254043,0.004319163779705093,0.0
hog_7159,0.020790896849645746,0.029056480555417208,0.02663403218703775,0.022142136161666492,0.0
hog_7160,0.018291158960885845,0.01659499770669548,0.0032884333698213197,0.02831760256034732,0.002874714775402465
hog_7161,0.03311299786467825,0.007074804814792168,0.012400186278566316,0.0,0.0
hog_7162,0.015174803058276787,0.02132591746787793,0.04456417213035735,0.017991392651113047,0.012503084188435931
hog_7163,0.018498081049334036,0.04842346898658545,0.041712490899024735,0.0,0.01471669871923642
hog_7164,0.03153530013348771,0.0,0.033643567119125306,0.0,0.0
hog_7165,0.007121285708554526,0.011279755680769332,0.05544468504800082,0.005834912004521131,0.0
hog_7166,0.0,0.0026048439720633976,0.014240826830839604,0.0,0.0
hog_7167,0.01033671791163071,0.0,0.03259998450071078,0.00023602956647073015,0.0
hog_7168,0.0,0.02682078435576063,0.023819975176780694,0.0,0.0
hog_7169,0.00984758510989403,0.007727997539510589,0.006252332940967165,0.0,0.0
hog_7170,0.0,0.03139903341357453,0.025466044396289078,0.0,0.010182175055551967
hog_7171,0.039088703668101354,0.01722986580645114,0.0,0.011614397347149197,0.00017897265279587238
hog_7172,0.013749662000796192,0.009872256539730673,0.0,0.026687770154897095,0.006059413261440438
hog_7173,0.04469076684645801,0.03337848244383057,0.02678910012739899,0.013772438923797203,0.02445585684761631
hog_7174,0.0,0.013965569060467198,0.024762966607402515,0.0,0.02537943448548652
hog_7175,0.0023586233592325367,0.0,0.0,0.0,0.0
hog_7176,0.012778435733482807,0.006104214145540965,0.007848562104900703,0.0,0.014772589329008934
hog_7177,0.004990237808578435,0.010026233445742383,0.0,0.0,0.0
hog_7178,0.0,0.0,0.00969786731020128,0.0,0.0
hog_7179,0.003393749588444628,0.0210541938076918,0.024052910761655166,0.0,0.006007642115919198
hog_7180,0.0036169550718709864,0.04734085458894466,0.016370994647667114,0.0,0.0
hog_7181,0.01984579926566421,0.0,0.0295663041417491,0.0,0.004893760957395132
hog_7182,0.031406829846159834,0.03723208316850668,0.014885563461429552,0.01679685722381241,0.00717045843285069
hog_7183,0.0029103809941044556,0.016694585560852016,0.034113555537753415,0.010224652419457803,0.007457585530286748
hog_7184,0.023814617397290627,0.005779953351134903,0.0,0.013627731891339812,0.0
hog_7185,0.021170186756674703,0.020975317643434854,0.032803260022632896,0.013365485675837396,0.004153696030369192
hog_7186,0.004904935356458084,0.0,0.008986480416206755,0.01745934963919349,0.018593800908506264
hog_7187,0.02039824095912479,0.013264465664102998,0.021457232808076876,0.045460517564344105,0.026369783694578652
hog_7188,0.005310700682923608,0.02081785670291958,0.020583118504027054,0.02355843091843557,0.0
hog_7189,0.015819225713749052,0.031732029615827884,0.03122765644283998,0.0018510114420879908,0.0
hog_7190,0.012965313480379548,0.01757804515895245,0.01663800551046357,0.0,0.0
hog_7191,0.024022094691821483,0.00227122219753495,0.012906195826447808,0.017438213036932604,0.01906989998281272
hog_7192,0.001843888473436861,0.015840024062686364,0.020372165407860132,0.008831969107788273,0.01667023657263833
hog_7193,0.013821467675280585,0.007812187836182538,0.0017247155640716105,0.02824745550922536,0.016757901281357013
hog_7194,0.0,0.005689386156008558,0.00121843551421974,0.008579899602830121,0.0
hog_7195,0.031558246720109207,0.012268612391450606,0.03646822917708392,0.024789219796525153,0.006831489282991043
hog_7196,0.0,0.0,0.015016068111608938,0.0,0.0
hog_7197,0.017965646728480777,0.02583168500246269,0.0,0.0,0.013970681913898497
hog_7198,0.0,0.02433400984260814,0.00737524714161264,0.0,0.028328014796337397
hog_7199,0.025100689445573643,0.023169953193429738,0.030342185538704936,0.0,0.008792718518228382
hog_7200,0.0,0.0049319181200271345,0.015849382163120707,0.013943877507512026,0.013047999891190987
hog_7201,0.00019212515033051325,0.011425896339458674,0.024674593511095244,0.004965177052971059,0.007083482708566624
hog_7202,0.0,0.0,0.02239934794789611,0.003719688400050769,0.0
hog_7203,0.012451938933530027,0.020540382076705388,0.03779796476181607,0.01930070125391037,0.00933498565531643
hog_7204,0.028021376683032617,0.0157729547566392,0.012682767581384091,0.012819868919749622,0.0
hog_7205,0.0,0.0,0.008785419328255717,0.0,0.013837435236547568
hog_7206,0.0,0.0,0.01670426196432473,0.0,0.009757289920845569
hog_7207,0.0,0.004890052592391614,0.010440024927863778,0.0,0.0
hog_7208,0.0,0.0,0.01701847344064733,0.0,0.028539410942331145
hog_7209,0.0,0.024106225590684538,0.015352759552692774,0.0,0.005357203850045789
hog_7210,0.035200178852580644,0.03608971504503189,0.04251305832520935,0.0,0.011571033249577978
hog_7211,0.023663464171308712,0.0,0.03008745932039214,0.0,0.018011510023804966
hog_7212,0.03661685347697574,0.021704578577610878,0.027968951988151636,0.018878623059517485,0.013135585041801567
hog_7213,0.01038697436174485,0.0,0.0,0.0,0.0
hog_7214,0.026352621308062263,0.01894822634786375,0.012464894543635419,0.013037440194824335,0.007255102492843779
hog_7215,0.005166681387222205,0.027883187535596043,0.029501819848107624,0.013472870067761322,0.0074531771718937545
hog_7216,0.03918791890781015,0.039662888740040536,0.024756850734620084,0.014770075265169602,0.023532457688238972
hog_7217,0.034866702712768705,0.01312934610264449,0.0,0.0,0.0
hog_7218,0.033708857581709495,0.02074563020619924,0.01950397374343593,0.018610448811840374,0.016061874334922788
hog_7219,0.012265216260317624,0.020250156433172295,0.01622053215533814,0.0,0.0
hog_7220,0.015105447924078419,0.01748691420522963,0.008905619089802919,0.007845702004793287,0.004921598942822403
hog_7221,0.0,0.0,0.0,0.0,0.0
hog_7222,0.010599079671649525,0.006309036203242524,0.0,0.004438833575603374,0.00274253173027339
hog_7223,0.022785524052953754,0.0,0.016041906933673022,0.0,0.0
hog_7224,0.03227637054260457,0.03322304898548234,0.02012847168317733,0.02757519673100539,0.02356775249917198
hog_7225,0.021122943116855586,0.01066693477575087,0.029761352447125633,0.0,0.020916108780557163
hog_7226,0.0,0.0018562548557028435,0.0,0.00874316552108545,0.0
hog_7227,0.018022948422468543,0.029501153635926647,0.047359187269467196,0.02402157392622173,0.029668648461163682
hog_7228,0.013734680702332636,0.015673656790973434,0.011118957933145213,0.0,0.0
hog_7229,0.010548653542573172,0.0149968005553347,0.01776278296811329,0.0,0.0
hog_7230,0.0,0.003121514762880029,0.0,0.0,0.0
hog_7231,0.0,0.010364659093679895,0.0,0.006216776614707209,0.0
hog_7232,0.0007923903683673128,0.013689504925145535,0.029111326537639037,0.013372337284718094,0.018325291859383253
hog_7233,0.01796000000131981,0.012984682805676995,0.0,0.005525273542033027,0.0
hog_7234,0.0,0.02744047113240433,0.01997844334356902,0.0,0.0
hog_7235,0.0,0.02020210793907018,0.0,0.0,0.007469230485471545
hog_7236,0.017406228015589997,0.02102655596979952,0.008158565130812923,0.021578584223081343,0.01147966238258924
hog_7237,0.015557695479032407,0.030710542054265266,0.025066818989296635,0.029100125996356363,0.022271603848631027
hog_7238,0.0075693188302325964,0.040508973838344176,0.018196831777808953,0.011316198978579717,0.02253521934727787
hog_7239,0.0029227363453041555,0.0,0.004698791251213752,0.016601662158606922,0.016421366171975427
hog_7240,0.03060852610296383,0.06308059193631954,0.04878100576950106,0.0,0.013621516482682283
hog_7241,0.0,0.027682967733222874,0.031308975901642055,0.01909345387360606,0.011952942001607791
hog_7242,0.03230835020970124,0.0,0.0,0.027316549857337558,0.0
hog_7243,0.001429948859129393,0.01728848540302419,0.028654806306573466,0.0,0.0
hog_7244,0.0111456465647235,0.009889172806038182,0.037905402097871965,0.001409974158876448,0.005320941663593759
hog_7245,0.0,0.025279813270450147,0.006344144708613886,0.010303893979135337,0.011989050955632408
hog_7246,0.0037086066455478406,0.0,0.004754578403269427,0.0,0.0
hog_7247,0.03743056195785299,0.02162414091992515,0.031178022548193907,0.021978661700142288,0.03886100862651354
hog_7248,0.008770697789053372,0.010888313007757722,0.0,0.0,0.0
hog_7249,0.0041519903272317915,0.0,0.026970445696598677,0.0,0.015806469464918038
hog_7250,0.006084645746625483,0.004171058446857279,0.007467209844525868,0.0,0.009235975042912958
hog_7251,0.012598597281723967,0.0,0.015745479558588737,0.010101281611344604,0.0
hog_7252,0.0047314670608302745,0.0013455958317412087,0.03893153682604478,0.0,0.01822690988759046
hog_7253,0.02021449283406196,0.005831926088188277,0.02256538017536469,0.0,0.009854863842605033
hog_7254,0.0,0.033912898681648374,0.029530585786854635,0.02174982603171971,0.031140439810048992
hog_7255,0.01719296306657525,0.03129997683846919,0.026764011361322337,0.0,0.02157925552235418
hog_7256,0.0015311919542080332,0.017984600769887393,0.01556564942295302,0.0,0.0
hog_7257,0.0,0.013112535593062358,0.0,0.0,0.0016047991751300117
hog_7258,0.013288111597295371,0.010213505570213943,0.0,0.0,0.018870470522340144
hog_7259,0.010465300033398517,0.0,0.0,0.0,0.0027126085039284042
hog_7260,0.016040926190038496,0.043125172653728505,0.015024613269182474,0.01836773921880175,0.0004954687879634712
hog_7261,0.015193862825525706,0.040013620492578506,0.021959178110025013,0.0,0.025272620834679405
hog_7262,0.0,0.04998834389870077,0.01112033508523691,0.019339995526397757,0.02898999724666007
hog_7263,0.024778984528128767,0.03816691696800634,0.018303519396728474,0.01666765367335632,0.01122170817035606
hog_7264,0.01792137639797109,0.006306375211015958,0.0,0.0,0.0
hog_7265,0.01612107379855421,0.0,0.022328714194869814,0.006328958307252774,0.014247859059800305
hog_7266,0.009182328020522768,0.00249859898741156,0.028227335465747405,0.0,0.0011473854404051576
hog_7267,0.0,0.0019135624677431018,0.0,0.0,0.0
hog_7268,0.015871709100522047,0.025835187809543303,0.0026339008973572664,0.0012778134128763607,0.012867227407372228
hog_7269,0.02055665227942516,0.026217839772214813,0.0,0.020014332965289316,0.013998506477858275
hog_7270,0.01797060401979489,0.033461598700778694,0.03722245992333284,0.010122966697782676,0.016615499550851398
hog_7271,0.006479213067020817,0.007924806481316438,0.034036694791768296,0.0,0.02800926934483794
hog_7272,0.012655749628308177,0.0,0.024382341120628537,0.0,0.0
hog_7273,0.0,0.02277728277567337,0.0,0.00430365712740155,0.013107623498332499
hog_7274,0.024814270798119376,0.02374590632475826,0.028214645749939482,0.0,0.021778600887417232
hog_7275,0.0,0.005390523803436631,0.0,0.010009523317117797,0.0
hog_7276,0.0,0.0029663186901558447,0.005712837955603511,0.02322213989515598,0.0
hog_7277,0.01427368534848017,0.009041839696466658,0.004543112286382156,0.013679914291059525,0.00042898145585112957
hog_7278,0.003863250049652045,0.016927193433869947,0.025197813813969017,0.0,0.0
hog_7279,0.0032942816597874014,0.0072383908037254585,0.006671637914620554,0.0,0.0108694284526476
hog_7280,0.01305366350570436,0.017015678162966008,0.027758297808111232,0.001979548433807654,0.0
hog_7281,0.0,0.00969508039711453,0.005791048159449419,0.0,0.0
hog_7282,0.014283188434111471,0.028841882348020098,0.017741063328180262,0.0,0.00804661592222522
hog_7283,0.006395296011976637,0.008161521898835566,0.009675860296487038,0.0,0.0
hog_7284,0.013773062491482024,0.004743270054679005,0.03532547430565658,0.0,0.0
hog_7285,0.005478211739456285,0.008469673912903763,0.030391820977991424,0.0,0.004498443194969504
hog_7286,0.02301339067577124,0.005166995323985679,0.020725144850721078,0.01616703266869912,0.0
hog_7287,0.0,0.010364723425683842,0.016193314490162924,0.015324594731985997,0.0032806834174601285
hog_7288,0.017098109974790443,0.0,0.01965826206419541,0.026704277704886925,0.0
hog_7289,0.008515806220722011,0.009135303747527024,0.02378713248141273,0.016900238922001654,0.015313647880696113
hog_7290,0.02304048012920701,0.05156742385874402,0.0404510852203257,0.04519172990037945,0.0
hog_7291,0.0065966353081232665,0.008933541278031587,0.0,0.0,0.026146207667431254
hog_7292,0.0,0.009738159745465103,0.0,0.0,0.012537021614574151
hog_7293,0.01145089925560483,0.015889889959695314,0.0160413528495833,0.0041862203692364375,0.006216631306000808
hog_7294,0.0,0.0,0.0,0.0,0.021701927079782024
hog_7295,0.004086559453772232,0.011351982614816736,0.0,0.0,0.0010161312533543132
hog_7296,0.0,0.031261619958189435,0.008384449679162742,0.0,0.0
hog_7297,0.00945598082371868,0.012040748379219757,0.04493687613480124,0.007170833446003,0.0
hog_7298,0.009331147341327783,0.021667369588830754,0.010584047672774544,0.0,0.04497264565812875
hog_7299,0.0,0.038930228893170105,0.005757141876717942,0.0028359638791917163,0.013997197537370054
hog_7300,0.0017901334341248187,0.0061997753695091085,0.03146861932363465,0.026125328851391405,0.009595134368064695
hog_7301,0.0,0.00012065952031092841,0.006930173953767715,0.0,0.0
hog_7302,0.02612039748367767,0.0,0.022599039037680235,0.0,0.0
hog_7303,0.0,0.006449427697162058,0.0,0.0,0.0
hog_7304,0.0058633916172903255,0.011411710740977021,0.0156425633780648,0.005884274454184046,0.0
hog_7305,0.0,0.01086424665504837,0.004813074395319639,0.0,0.0008545908942039215
hog_7306,0.02972615685741875,0.021402011955329536,0.005520999771180923,0.0,0.008298534142893388
hog_7307,0.05051383937383713,0.05960334491212804,0.04556686376955432,0.015859030806593566,0.019190023241446363
hog_7308,0.01770257141799836,0.035694745314715615,0.0330057677448361,0.043723790749492286,0.013596666070489372
hog_7309,0.0060801945389250545,0.0,0.002044301573285834,0.0,0.010288600274241055
hog_7310,0.004950974110721873,0.008427086822357488,0.008216345055597207,0.004383446618956066,0.012351191831075692
hog_7311,0.027103760234372665,0.018522365516934647,0.039338592069664724,0.016774907355348256,0.016287241955794007
hog_7312,0.010421141097647801,0.008055627850361624,0.02152774585626216,0.0,0.009256262625189082
hog_7313,0.0,0.002688451896124988,0.0,0.008962196242348508,0.012016443728055881
hog_7314,0.018357925128001495,0.025057075209608204,0.04069595177299279,0.007115373670079306,0.00879733453007292
hog_7315,0.014170319847268242,0.0,0.03289920202046459,0.0,0.0
hog_7316,0.0,0.016722456960854837,0.04757279073528231,0.035887210712005624,0.007635353249352939
hog_7317,0.007158656426072385,0.005458437367003688,0.0,0.007554331396465219,0.0
hog_7318,0.023407181971887292,0.023737090409574835,0.020752766077201557,0.0,0.009179215565670695
hog_7319,0.0028798126079965236,0.01556509016798402,0.03433440827750944,0.0055835386895837225,0.009029220866883625
hog_7320,0.01444834411979179,0.01407164335744171,0.013139825048287257,0.03136447462625136,0.004008919204781858
hog_7321,0.008967164151438167,0.0,0.01366693273792019,0.0,0.026948539175223774
hog_7322,0.004186651846268097,0.003127723267782656,0.0,0.00924539899483312,0.008595796768806174
hog_7323,0.0008653352660230595,0.0,0.008721174226254513,0.0,0.011162665027120156
hog_7324,0.0,0.01103661355221175,0.004548324384930247,0.013253054704031264,0.0
hog_7325,0.018008155979865048,0.015608842064829043,0.0,0.0,0.0
hog_7326,0.005646236261418025,0.010280462637435095,0.01996050914022862,0.0,0.016281554417267197
hog_7327,0.024957845101311715,0.017536688682511903,0.02428500145719137,0.0,0.0
hog_7328,0.005396713288493338,0.038202808390931375,0.01227240598061119,0.008756454199027708,0.01988581337216666
hog_7329,0.024791969240064216,0.0003257851656799371,0.004740537444796633,0.0,0.018768114781045897
hog_7330,0.0172922388547192,0.03184788817937978,0.006820899766237343,0.0013473401243138117,0.019968917933294472
hog_7331,0.0394614918805829,0.01713859030225673,0.011440026176932072,0.015501971461876707,0.0034313158241463526
hog_7332,0.017170694933660302,0.000669724096147073,0.008423426526956268,0.0,0.02391171487555943
hog_7333,0.028209560344105045,0.024117792007982697,0.010601800210299217,0.0,0.032700558539942026
hog_7334,0.01684574169689479,0.018432874158957224,0.03567413494889715,0.030024974596390308,0.012938534849346928
hog_7335,0.0,0.014396867067651531,0.025548359300689105,0.0,0.008786657134851605
hog_7336,0.0014329932924590505,0.0005050675084479206,0.0405183631431989,0.0,0.0
hog_7337,0.00038610872155309117,0.005905452055745997,0.0,0.005268078006475774,0.0
hog_7338,0.0,0.0,0.0,5.70273293987178e-06,0.0
hog_7339,0.01948827604552572,0.024766076744371146,0.0,0.015222797184817338,0.03314344324504481
hog_7340,0.01693981127141342,0.0,0.012848583292214277,0.0,0.0
hog_7341,0.0,0.0,0.002776511250341507,0.025667120237464758,0.017620272672220993
hog_7342,0.03350485531779457,0.020625538533830756,0.026386428442440435,0.012306770450236648,0.03841678041622165
hog_7343,0.0,0.004503364510048069,0.002009082528821038,0.0,0.0
hog_7344,0.028824307335558963,0.0,0.008249582782505982,0.0,0.0
hog_7345,0.00703153562601222,0.030924584510243713,0.007076489838581113,0.011991246783202625,0.0
hog_7346,0.01369092387401638,0.0,0.029405789813341965,0.0,0.0
hog_7347,0.0,0.0,0.00751285749338404,0.008775495688001067,0.0
hog_7348,0.01210370893180035,0.0036431910562351177,0.0,0.0,0.0007462678255270028
hog_7349,0.0,0.02942348035266784,0.012406503763081167,0.0035169958719902805,0.0
hog_7350,0.0,0.0,0.0380939826253166,0.0,0.0
hog_7351,0.0025138717394090904,0.02112654565626304,0.008503448818506953,0.0,0.000660669775118361
hog_7352,0.007923271877669391,0.017735420056932405,0.026197915809593297,0.008139077843350995,0.01365799647386301
hog_7353,0.009262056352476122,0.009127991851276551,0.007271609929105249,0.011869550544791885,0.01083992540802381
hog_7354,0.014767450894663359,0.0026614658686139325,0.012083445439594609,0.0,0.0
hog_7355,0.02284438913816933,0.019298524193047673,0.015692209600133067,0.012658156599562043,0.0012980508930666712
hog_7356,0.031187611360199874,0.004180820623919335,0.04607721211140081,0.009399859798446819,0.004314619991568236
hog_7357,0.00019726923808449648,0.0112322748395155,0.01713488008861419,0.0,0.0
hog_7358,0.018045701987764007,0.0,0.009612108780667539,0.000495900268830729,0.0
hog_7359,0.0,0.0,0.03284372376682354,0.025981039074230106,0.019610921004919568
hog_7360,0.02899822832187482,0.015166484653210244,0.02710266430885233,0.015231665223352842,0.032008340656284995
hog_7361,0.01350269847102803,0.0,0.0,0.0034627251106558177,0.0025858654798569525
hog_7362,0.008425920401347042,0.005255055771296702,0.01800054431759235,0.006260481555844244,0.012278159903914121
hog_7363,0.03737529295703368,0.01867200145226433,0.029832230898754197,0.029387584403839373,0.023747367395829944
hog_7364,0.017462048148360276,0.031956697655967536,0.00810128653505604,0.0,0.010635203076200694
hog_7365,0.005837402856401219,0.011908057152502094,0.028616781177735806,0.0,0.008431475086109197
hog_7366,0.012786165123691573,0.00832428045116873,0.0,0.00037952854531631,0.0
hog_7367,0.0013857756057573667,0.0,0.021730398834854725,0.0,0.00440573359778873
hog_7368,0.012933325195094936,0.005460190326345815,0.011135827242411356,0.0,0.024623122751600057
hog_7369,0.005170966122371112,0.023555665363033107,0.04091487852370168,0.0,0.01788910831882795
hog_7370,0.012891181746252922,0.00984585641725122,0.012038843470892457,0.0,0.00927991430900943
hog_7371,0.0044887426400597175,0.007531692134344237,0.01182966791894069,0.0374292423165441,0.0
hog_7372,0.006002149699194215,0.0009366601821694243,0.01153952920233503,0.015630302407185992,0.0
hog_7373,0.007009291975458964,0.012813683024645695,0.02623993495857868,0.0,0.0
hog_7374,0.04123905065780353,0.011023500513474227,0.0,0.0,0.0
hog_7375,0.002381918573987507,0.031142400302777595,0.011012651987000632,0.007209620211936274,0.0
hog_7376,0.0033071858407520693,0.0,0.007494517925482391,0.0,0.0
hog_7377,0.035569602972522985,0.04001632819274481,0.034836284837529874,0.03368088589355556,0.04086671212795667
hog_7378,0.0046380621789881005,0.01088377624718806,0.018237646086923354,0.026786746079765944,0.02038035856846765
hog_7379,0.01551703415945016,0.018565805568653726,0.014452662994010268,0.0,0.014094722227684153
hog_7380,0.018280416100221686,0.01077967829973403,0.0048508199948185116,0.0,0.0
hog_7381,0.019928194529775345,0.024368307548006785,0.04861978989451776,0.0,0.007130175336666822
hog_7382,0.0,0.012167563483665322,0.0016486221039455629,0.00293686438220897,0.0
hog_7383,0.008322948939636365,0.0,0.01541614086210763,0.0,0.0
hog_7384,0.025564753948766672,0.0,0.007832829150101306,0.0,0.017760271289905205
hog_7385,0.0,0.0,0.01832231827775943,0.0020114544071527796,0.0
hog_7386,0.013051290067524368,0.0,0.01022100931932135,0.018836667155422093,0.02095031174833495
hog_7387,0.021640824708522688,0.0,0.012222494409858342,0.010223853643470004,0.0048561025949152015
hog_7388,0.006600792400508482,0.0,0.016407693485487984,0.010803449497729822,0.0
hog_7389,0.006854877717619168,0.01398611849067355,0.020148445236640278,0.012089157326898858,0.0
hog_7390,0.006867901375738894,0.0,0.0072221425078440316,0.0,0.0
hog_7391,0.0,0.008193511801789066,0.01741828395132461,0.011030330061021054,0.0010058160649861758
hog_7392,0.0006845178195808987,0.0,0.026427400086077135,0.0,0.0009442663868399759
hog_7393,0.0014432828295409816,0.01881064221493145,0.0,0.010088033542825059,0.027824767440929765
hog_7394,0.011935974766409174,0.045462677699499965,0.030980794531713318,0.0025310985993285406,0.0
hog_7395,0.001355267471422561,0.004219540730260096,0.013074854237241862,0.0,0.004330378043040817
hog_7396,0.0005486860247416736,0.0,0.02696363090175402,0.01221854769140407,0.0
hog_7397,0.0,0.015977447583499504,0.010006619056867283,0.0,0.0
hog_7398,0.01815606757461974,0.02857187643655612,0.0,0.046787159558507874,0.011628863744369555
hog_7399,0.025836222048443158,0.03271420535765812,0.026417668877359857,0.009119460488373088,0.008358511003684344
hog_7400,0.0054536918253687006,0.01679818992239035,0.019921015322366564,0.003777631414546345,0.0
hog_7401,0.03738352219109631,0.016606011635638573,0.01919343794234707,0.03531756440405931,0.011515226559953184
hog_7402,0.002278192969066506,0.023105297047877338,0.01408396444723814,0.014122517072312046,0.0022683506534137976
hog_7403,0.008153278998294766,0.025290987374186003,0.03275725466415991,0.0,0.0
hog_7404,0.0,0.019648608044831484,0.008264608498963932,0.0036106468077052867,0.02804664109541788
hog_7405,0.014203059287971831,0.02731742323990738,0.03345157232781748,0.002451446327580653,0.0007018650311312324
hog_7406,0.028540510852451906,0.03645685891848505,0.02342824173151703,0.005529786365749079,0.01826445538901389
hog_7407,0.03680738714965259,0.03519622456051552,0.010930107283080304,0.038236930805803926,0.011679606199675785
hog_7408,0.010710450798127269,0.012192227458613702,0.01782917433936193,0.007548535498330677,0.0020356513520638497
hog_7409,0.01769495695950485,0.0279515777585162,0.015120298213638694,0.024763680918846953,0.0
hog_7410,0.0,0.027434264211665838,0.0437688869302173,0.014434885390851804,0.02380483225240204
hog_7411,0.0,0.02169805093188093,0.0,0.019368039159352035,0.0
hog_7412,0.0,0.0,0.011627678319733326,0.0,0.017598045851944466
hog_7413,0.006607830805829051,0.012834486607507634,0.0,0.0,0.0
hog_7414,0.017823990726275163,0.01605209700913135,0.039602287921685964,0.008014800111923348,0.019680858793925893
hog_7415,0.0012737510745315372,0.06018296378637622,0.04148012939484991,0.0,0.021891607735966767
hog_7416,0.0,0.01652617616123897,0.003198333188845659,0.0,0.005548837255335615
hog_7417,0.026288516868439693,0.030082499595009526,0.05379542122416714,0.014619651386410748,0.0029876009117917324
hog_7418,0.005227497583563556,0.0,0.0,0.012454077080225279,0.0
hog_7419,0.00521838062629687,0.0064544049940247206,0.0,0.009865750408770246,0.0
hog_7420,0.016699806733269096,0.003284148182092661,0.0,0.0,0.0002587325579237465
hog_7421,0.013075425250673511,0.008919249177618882,0.011553773777085885,0.0,0.013550109569101076
hog_7422,0.0,0.0,0.02023708914331923,0.023748074317354595,0.01654771639155017
hog_7423,0.03510949301454169,0.0430645802221028,0.02950334157423895,0.029897315977120975,0.0008635276873489861
hog_7424,0.0,0.031185245636879966,0.02576888034710323,0.0,0.018435677505483028
hog_7425,0.0027080967924837385,0.011986765454149895,0.019177916148885643,0.00729150086629593,0.012210805602053787
hog_7426,0.0,0.0,0.0,0.0,0.0
hog_7427,0.002438496613848873,0.024349012682211013,0.020091186550546203,0.0,0.02715280399768849
hog_7428,0.0,0.0,0.013730663744672578,0.0,0.002070623033811003
hog_7429,0.023166694402334986,0.02057746283266737,0.020158867031829564,0.005606413879869487,0.01579203817329322
hog_7430,0.019782705244317356,0.004174810099540238,0.01663123589651705,0.0,0.0
hog_7431,0.0,0.014764476790255054,0.003988261583625752,0.018284325516552125,0.0
hog_7432,0.023169460499265604,0.0045753949219091705,0.019448832394384885,0.0,0.004588639311294829
hog_7433,0.028770799792037227,0.004789029252880717,0.01355755597865227,0.020885313774847925,0.03335218796164674
hog_7434,0.008834591683318349,0.04601403141132798,0.011442959948579023,0.016031778411340625,0.01373577680388216
hog_7435,0.004286936953256548,0.01594846991961929,0.0004311832652530434,0.0,0.03456936337079353
hog_7436,0.0,0.016383630055168075,0.029321639753373985,0.01770591080026329,0.02434395395171962
hog_7437,0.005498047543824658,0.0,0.0,0.0014489961779404759,0.017246578905670162
hog_7438,0.003358778083126568,0.0,0.0,0.0,0.0
hog_7439,0.013983194734985327,0.028872496210697873,0.01524401298465694,0.009196561331624276,0.01255533068435355
hog_7440,0.0,0.0,0.0,0.010537749268275887,0.011888093760399565
hog_7441,0.0015474805721114038,0.026210906748213247,0.0036066604514317646,0.0,0.0
hog_7442,0.018663549923619627,0.027346282082197026,0.046462704953224465,0.02143095516200022,0.04274183733458359
hog_7443,0.04974087579400588,0.030509765882092532,0.0,0.02529545714281567,0.007040184085442824
hog_7444,0.0,0.012867910769248425,0.0,0.0,0.0
hog_7445,0.02725363843398032,0.023294997323567435,0.021568913479711904,0.010650808880692919,0.0028226245191371735
hog_7446,0.016397857059705645,0.0,0.0,0.015025072368906267,0.0
hog_7447,0.0,0.010393124731858494,0.0020543629796112572,0.0,0.0
hog_7448,0.04521667896952719,0.00431047395669748,0.006745721875795141,0.0043860247381375395,0.03824768272715229
hog_7449,0.021999230865994868,0.007439098259443,0.0,0.0,0.013740294947325316
hog_7450,0.018128974278093457,0.022731418488309618,0.02795849912217241,0.0287858769376359,0.0008486452421114787
hog_7451,0.030782226556338887,0.030332190665402825,0.011446795306793156,0.021726933493830813,0.0
hog_7452,0.002995644887417992,0.014409541325439923,0.02184343966921265,0.009967806455547956,0.014607224178225353
hog_7453,0.03236160539412114,0.006063377006489512,0.0072624919473816,0.0,0.012630379111541856
hog_7454,0.0,0.013668584207146672,0.010923331681065518,0.0,0.0
hog_7455,0.0034156889977194904,0.0,0.004856564498330718,0.0,0.03956673394903931
hog_7456,0.006057945235418805,0.03471534444142055,0.025075991920876284,0.0,0.03939339822488974
hog_7457,0.009024500976535066,0.004943332888670771,0.026776079495425043,0.017320739251626582,0.03364781160154551
hog_7458,0.009483517147059084,0.032454818603482316,0.03528200106281676,0.03446920012659138,0.016710608394350457
hog_7459,0.0,0.0,0.02762934509117221,0.001956167524272967,0.006493030622475082
hog_7460,0.009280177382940069,0.02321839254831537,0.039102190530521996,0.0,0.026939825719439092
hog_7461,0.020522946780908935,0.025838284055556215,0.030089403301728268,0.003959749678058344,0.020528135355694532
hog_7462,0.0,0.012193480233217313,0.020842358218499335,0.0,0.007367082672444791
hog_7463,0.0,0.009547334070789892,0.02618205781501337,0.002181269710896494,0.022192786064462844
hog_7464,0.0,0.0,0.005817651147442593,0.0,0.0
hog_7465,0.0,0.0,0.018536127650575995,0.0,0.012285701999546594
hog_7466,0.008947641105025328,0.006417382060848187,0.030276831235561907,0.0,0.0006245876703647735
hog_7467,0.0,0.00715047337429664,0.0,0.0,0.0
hog_7468,0.03057706024785123,0.04520134363498851,0.023726217704616248,0.0059790927637159985,0.01063432867340941
hog_7469,0.030083977728528888,0.009070410258706696,0.014098599138433698,0.0,0.008283985709883535
hog_7470,0.011806091962978549,0.011254782876590985,0.01078732179482178,0.01026030932959654,0.020296865299271882
hog_7471,0.014106323459086134,0.0,0.011928501196884378,0.0,0.0
hog_7472,0.00984663782120121,0.018111946181122773,0.021059365276506092,0.0,0.0
hog_7473,0.0,0.0383766614403096,0.023224961245141174,0.011062053011979156,0.0020123752300273967
hog_7474,0.0,0.03458986237290307,0.0,0.009500406427354724,0.0
hog_7475,0.014339825168566245,0.019467039164063227,0.026567187524225044,0.008927179686191833,0.0
hog_7476,0.021076402072008227,0.0,0.013370286274920096,0.038731783748557014,0.015077118993438665
hog_7477,0.002684415063320511,0.022358435423672995,0.02611029712483126,0.006595794917832576,0.0
hog_7478,0.009382577713654694,0.0,0.015429043443702106,0.02080690197884727,0.005467737342821133
hog_7479,0.025545696748380697,0.02016331536930216,0.021328980096271488,0.017565779395183778,0.009532068349116463
hog_7480,0.0,0.0042584847752442645,0.0023451052234784164,0.018942317078561643,0.0
hog_7481,0.0069095606484839145,0.004942120481857826,0.0,0.021428704715553692,0.0
hog_7482,0.009466838896551533,0.016927038939333894,0.021709586412684834,0.0007149421396583922,0.02239001361055437
hog_7483,0.018892443146348636,0.013742057310916378,0.0,0.0,0.01649721330861542
hog_7484,0.01286016794559841,0.0007970699254433722,0.004233810934262561,0.0,0.0
hog_7485,0.03759055908223963,0.03888452912240892,0.0206435358947743,0.0,0.0
hog_7486,0.009717044402935082,0.0,0.006263269152803286,0.0,0.0
hog_7487,0.001506687926428496,0.0,0.013929892101423036,0.0,0.0
hog_7488,0.016427848181981952,0.002863963534346814,0.02864245361627682,0.0,0.008990027907004317
hog_7489,0.012048783514203576,0.016542241590907336,0.04537568699289962,0.016709441648607992,0.014474179026659373
hog_7490,0.004409082820406196,0.020763861201977152,0.032044553542509124,0.02160620498681043,0.006742493549438455
hog_7491,0.020848957429923765,0.014578271873005644,0.020231922319198015,0.018480982505626686,0.0036824449916150748
hog_7492,0.0,0.0,0.011904767574494324,0.024420313784236924,0.0035044036065232653
hog_7493,0.0,0.010673278693977162,0.0110044133331475,0.003269711881409787,0.01912889462333256
hog_7494,0.012761323847936046,0.013234036664813598,0.0,0.0,0.008353185956998743
hog_7495,0.0,0.01376316426941937,0.026752676666467412,0.007809686797428217,0.0
hog_7496,0.019001749506512233,0.015874153624368725,0.03699256893645564,0.010772633980196566,0.018586992659044288
hog_7497,0.0290404695426818,0.021362808658060617,0.017791269741610716,0.011579525589588524,0.020909006143465136
hog_7498,0.027154574484897998,0.010431099090722373,0.0,0.0,0.0
hog_7499,0.014609896483805507,0.011418130466271048,0.033143279023884364,0.027815444567657055,0.016284760888069405
hog_7500,0.0,0.00985739998695534,0.022176114078529707,0.0116025437566456,0.016918837596442415
hog_7501,0.000999967226554821,0.0097247658364501,0.040687412565489245,0.0,0.01505831862195306
hog_7502,0.04218474374957348,0.02685016861247047,0.014562952919543903,0.02156547429599409,0.020235007523037973
hog_7503,0.0,0.00866003620752731,0.0317229383885127,0.025038322788537792,0.0
hog_7504,0.016466638179839954,0.020006417490226802,0.015611960333820951,0.007634086982910349,0.02231492808852198
hog_7505,0.006346838676643873,0.025718997374806207,0.01700131313204989,0.005267587279882191,0.0
hog_7506,0.01678502992127462,0.02049927574873056,0.02565045968625146,0.003862519165760192,0.0013707868830887815
hog_7507,0.007394805629803436,0.016378699905984284,0.012300760290222756,0.0,0.029127053852058937
hog_7508,0.0,0.017571857796317092,0.026837281782910782,0.033145222312088274,0.02224849971064402
hog_7509,0.0,0.0,0.0,0.0,0.011832313986415599
hog_7510,0.023004283867025466,0.037040005512142926,0.0,0.0,7.958951375974799e-05
hog_7511,0.009164665779114234,0.011479177907729454,0.0019841823915807133,0.005240722988588464,0.0
hog_7512,0.02639621949663229,0.02716121764619528,0.02278938569913369,0.015526240443638262,0.019979906813112125
hog_7513,0.020334956850548203,0.001593400331148409,0.0,0.0,0.004267190617720962
hog_7514,0.013745291647575764,0.021367121119457932,0.03185941766925793,0.009347535293930287,0.0
hog_7515,0.004745349469594373,0.01259094033828756,0.008959895170864707,0.011257496465260308,0.0
hog_7516,0.0,0.05321961915902085,0.018119575473596106,0.006382430653129045,0.009721934743165184
hog_7517,0.027981225838452417,0.027751481988698368,0.018709012436774808,0.03833810853908526,0.021727599061861502
hog_7518,0.0010444356794983012,0.0,0.0,0.00597620333119786,0.0071649095829293685
hog_7519,0.005060104301259694,0.015049636647292086,0.01902307419661553,0.0,0.024326359186447544
hog_7520,0.011933823704521895,0.003771730341535884,0.015430260725700196,0.01528170900712178,0.0
hog_7521,0.015264531934783943,0.023894061309869707,0.014307904022468065,0.03760478065578998,0.007597615245552802
hog_7522,0.021531512633639283,0.03552046884038518,0.02915451779969791,0.02665889982926961,0.02678826178388838
hog_7523,0.005107073336542811,0.010429316399207744,0.0,0.004642070921179409,0.008195153265484034
hog_7524,0.00530388325146669,0.022257085738248472,0.006953814785852108,0.012148473195314757,0.014682780824021968
hog_7525,0.012324274643009225,0.016964063985826616,0.028883962520843687,0.0,0.0
hog_7526,0.0,0.0,0.0025760614800458548,0.024469364946076988,0.0019942658592393414
hog_7527,0.02533979668980857,0.0,0.008664958266677125,0.01749535570291827,0.0
hog_7528,0.011782124330133703,0.008773162805547186,0.00648674891475487,0.023831940104345417,0.0032685793433744337
hog_7529,0.0,0.0,0.0,0.007862584923461924,0.0
hog_7530,0.0,0.005601899180633252,0.007285186733938298,0.011127246484473163,0.0
hog_7531,0.005608581896612508,0.0021312211558657257,0.0,0.0253893148408304,0.0018061863296419123
hog_7532,0.0,0.0,0.0009160900176845566,0.009029296946266419,0.0
hog_7533,0.013499246221369443,0.01883242297983534,0.031912862646914064,0.008616836089484714,0.008339782906844784
hog_7534,0.0,0.0,0.020465024285807543,0.0,0.030964120045086307
hog_7535,0.03299105277790848,0.018648056347340125,0.0,0.022897486413195223,0.01905798463054742
hog_7536,0.007776192266165882,0.0,0.0,0.0,0.0
hog_7537,0.015680362019731442,0.014420986056581153,0.02459246122636327,0.013457766818296912,0.0017783129279502763
hog_7538,0.007747904819424223,0.0,0.0,0.04229412717993686,0.0
hog_7539,0.009109797532281583,0.0,0.01548503724063588,0.00674226910068465,0.0
hog_7540,0.021802379100395175,0.008138214551770107,0.03145807797208011,0.013196996479919676,0.018231783121849254
hog_7541,0.002668511519041905,0.012350184469629433,0.013765891936780017,0.0,0.005614309010532503
hog_7542,0.01923809425010603,0.043695195917962115,0.027927173509432413,0.012759981036857493,0.0
hog_7543,0.009222185030940855,0.033080222359324285,0.023211883837051195,0.029353268647877906,0.0170560156849211
hog_7544,0.01643862693700382,0.0348810109476243,0.005638089574623084,0.0212760788303632,0.01946937347221467
hog_7545,0.012391221334319802,0.024268382382305553,0.0,0.027879901436314247,0.010206021861174142
hog_7546,0.018579495376454203,0.03242513854799722,0.016455799744355293,0.030907431251147477,0.0
hog_7547,0.0,0.016922193469677493,0.0,0.0,0.0066967195388463185
hog_7548,0.020859776734335478,0.021052309728194274,0.014157036634798947,0.018509188188893688,0.022721649707822422
hog_7549,0.015713055021174593,0.02333921932645633,0.03509190415621566,0.026414905710689718,0.023087729468459495
hog_7550,0.015388934529629639,0.013742543855479683,0.011258812448845967,0.0,0.024932336667859767
hog_7551,0.024543096301687495,0.02594274419452125,0.006466381137690602,0.019229032361994136,0.004788039273555755
hog_7552,0.0,0.016032254323042228,0.017641127193290362,0.0,0.016237086350366914
hog_7553,0.01719412603349557,0.03146612970675977,0.013055277680389166,0.00999681644164263,0.0
hog_7554,0.0047865856572053556,0.019508022784380907,0.01740979403529952,0.007644291312310925,0.0
hog_7555,0.01092565202553275,0.026699686746002982,0.038986943479253355,0.017177317423580085,0.0030317241846442577
hog_7556,0.0,0.0011526801065320225,0.006409485837090667,0.0,0.011231623335968388
hog_7557,0.01814411028587637,0.015748050152676996,0.003346780004696459,0.002133652125339447,0.024787411089359557
hog_7558,0.018951298162253938,0.008738462974504424,0.02621222635346032,0.008198866672697092,0.0
hog_7559,6.245882698596716e-05,0.0,0.02438838331023163,0.007257561531252454,0.015230951923525193
hog_7560,0.016619130321247955,0.0031896429948807814,0.0,0.0,0.0
hog_7561,0.011822522555274606,0.00828496557904268,0.009938194178174653,0.0,0.0
hog_7562,0.027231074452140458,0.01957264615243748,0.0,0.0,0.001777137268292428
hog_7563,0.0,0.0,0.0,0.0,0.01188813448355086
hog_7564,0.015966434263988694,0.0,0.008426618976998812,0.03249811395365887,0.0
hog_7565,0.0,0.0,0.0,0.0,0.0
hog_7566,0.004107621776796133,0.016494161315673717,0.0026532411526754007,0.00035963074522582517,0.005765289949466901
hog_7567,0.00120153851813809,0.0,0.0012019371845783944,0.0,0.007027804444130981
hog_7568,0.030781629970997537,0.023968185545351073,0.029352422678385892,0.0,0.0
hog_7569,0.012400292084605136,0.03262753316339517,0.0,0.012931416664797801,0.015632022905693654
hog_7570,0.008088639246659701,0.018996687223288733,0.004254788677279686,0.010877386852391924,0.010801873968733
hog_7571,0.015816827112715037,0.0,0.03183870658762267,0.0037070331339814633,0.0
hog_7572,0.0,0.0,0.030830850993231795,0.0,0.0
hog_7573,0.004913778305012606,0.0,0.014684423434507154,0.0,0.0025965777338727847
hog_7574,0.0033232082216709813,0.0014975260919960487,0.014166631454661571,0.0,0.0
hog_7575,0.0,0.0,0.0,0.0,0.0
hog_7576,0.0,0.024248876930296204,0.0044081652039424934,0.0,0.0
hog_7577,0.0004866486998433839,0.017419407944045506,0.0,0.0,0.0
hog_7578,0.0074606933632686,0.013641353675639234,0.0,0.0176994272724198,0.003781026600832238
hog_7579,0.0,0.012059394969557324,0.0,0.0,0.0
hog_7580,0.0,0.0026629958366617412,0.0,0.014711639103930807,0.0
hog_7581,0.0030589935422706827,0.0,0.005761340525874514,0.0,0.02238959845323274
hog_7582,0.0007172249583804469,0.01042538583053787,0.0,0.010051470821643926,0.01626517348848533
hog_7583,0.0,0.0009202638516765393,0.0,0.020638030420946807,0.030290700603699205
hog_7584,0.01889759209357944,0.012746880244614678,0.016947876839117804,0.01050972028278907,0.025601673994311458
hog_7585,0.0,0.0,0.003782278013862106,0.0,0.031599062342456685
hog_7586,0.0006113759462813562,0.01870842531841621,0.0,0.02663602251282704,0.0019949479157388428
hog_7587,0.02271433411672885,0.018923856517579773,0.0,0.019216040461148776,0.0
hog_7588,0.012770050604955951,0.018859293811853473,0.026740959542493448,0.0,0.01873923220242002
hog_7589,0.011720850549059358,0.04064063411794128,0.0,0.020516454746449142,0.011395617512187428
hog_7590,0.0,0.0,0.008142991156468105,0.037487138838083744,0.005548618252877446
hog_7591,0.0,0.0,0.0003142462406693358,0.0,0.00548081268071865
hog_7592,0.0,0.004130003021237227,0.011021791607761289,0.014811404588274124,0.027218413594029878
hog_7593,0.012488380390249798,0.018427043151391764,0.0036653185314738934,0.003778363892805725,0.012565406212694086
hog_7594,0.0,0.0,0.0,0.0014006945694475803,0.0
hog_7595,0.03571793871845785,0.042916285708262336,0.0051171811412729085,0.014190988130790672,0.014945565339239408
hog_7596,0.028498960604176782,0.05772628461525442,0.024590330930771565,0.037608650514570297,0.01763575207662549
hog_7597,0.022760911916202442,0.016112778953302875,0.03256164099029668,0.01203032442602292,0.0033243145062591406
hog_7598,0.0,0.00509845491336125,0.01037212826048739,0.0,0.002030515207463557
hog_7599,0.0,0.016856415258997615,0.0011758636123906374,0.002487319068285254,0.015140561309237688
hog_7600,0.017865003420151515,0.018740934480694582,0.0,0.0018500943740891174,0.0
hog_7601,0.025673910911867104,0.01574626702142301,0.03248575033181633,0.03968024322604791,0.0
hog_7602,0.025539746187151602,0.04670956558635653,0.05106111418948078,0.04898297265652074,0.019347179290284844
hog_7603,0.015540641677771916,0.0,0.028403797422353882,0.0,0.013603324711740195
hog_7604,0.0,0.022746626428052696,0.014587230201153156,0.013857099206447732,0.0237705996445019
hog_7605,0.03647489423115635,0.013339487448542409,0.0010720831916526397,0.026723578790310176,0.012945724531286285
hog_7606,0.03578836365856897,0.03400734890709711,0.0153754358726379,0.012844191823675022,0.020666823709479365
hog_7607,0.011822304013066942,0.0,0.0,0.01789739648794786,0.0022228390046981072
hog_7608,0.016907754603099123,0.01845017838445928,0.0035256779269949856,0.01445532837282304,0.000690084804533031
hog_7609,0.0,0.02448592089119095,0.0077745150256771645,0.0,0.0
hog_7610,0.00960503175764127,0.027528630230678308,0.017645649081525994,0.024844399230125713,0.004420794818725149
hog_7611,0.0032090255293630854,0.0,0.0025241873841921336,0.028915425294980146,0.0
hog_7612,0.019919514630076574,0.010824328919766035,0.0051989535550893695,0.023945912285813886,0.0
hog_7613,0.002482206649590646,0.03990180521280684,0.032164638012010416,0.0,0.0
hog_7614,8.905793736979639e-05,0.007469889786426487,0.0,0.014341548986190222,0.015312168194999032
hog_7615,0.006553967229312674,0.008869018206363988,0.012242298987807931,0.009415838037521773,0.03644586635666469
hog_7616,0.02641797236480614,0.0370061866397573,0.008715859090293376,0.026501214750324964,0.00020494334118814628
hog_7617,0.004068592093229517,0.0,0.013134096285337016,0.011647380057010492,0.01308241681017952
hog_7618,0.0,0.0,0.00421627995625351,0.0,0.004712263387504967
hog_7619,0.0,0.010876904797681775,0.0,0.0074546480016071115,0.00286653806357573
hog_7620,0.00504894322260907,0.0,0.0005538411163144019,0.001259911635507427,0.0
hog_7621,0.034561948224647754,0.004497318679464346,0.012382056098125815,0.012589352781414709,0.004338761242351552
hog_7622,0.007271311644688971,0.03892318785299809,0.013719884558916595,0.0029458710582215275,0.0
hog_7623,0.015602308797107778,0.052148076693473655,0.019910595196918512,0.026753268063620217,0.007406274631279741
hog_7624,0.0,0.00852097378094352,0.0,0.005859803311291767,0.0
hog_7625,0.0,0.03650321666075973,0.0,0.009982601291252946,0.01128949416786762
hog_7626,0.009762451386885695,0.0,0.026336516910442143,0.022175471572876804,0.0047707281341260455
hog_7627,0.0,0.011743493192853505,0.0,0.0,0.003940114968573827
hog_7628,0.011433494056345639,0.024087740486852915,0.019205555096347693,0.008476125648609889,0.0
hog_7629,0.013627881135186648,0.0,0.0,0.021351324254873294,0.005125228398684234
hog_7630,0.0,0.0025345653698851667,0.0035769653917883115,0.0,0.0
hog_7631,0.015409411273465734,0.03346008106444698,0.02003225438384204,0.021340650994234434,0.00998509558733951
hog_7632,0.0,0.02436442992597021,0.0,0.01395081549004118,0.003801904872242412
hog_7633,0.0,0.018205027668257046,0.0,0.01937160574670327,0.02632487385004345
hog_7634,0.033060748799029316,0.01708322018673658,0.010578730020778027,0.013882470941310121,0.02835925724209476
hog_7635,0.012398950460352554,0.006285350239720433,0.016251155405789364,0.0,0.018887967395798233
hog_7636,1.922446975255454e-05,0.0011816829155897324,0.019757453229175548,0.013929974276455148,0.010149890599167266
hog_7637,0.039424358598549425,0.040238702474211685,0.018070552140304397,0.015323876388581681,0.0
hog_7638,0.015387601704649922,0.009664107178634307,0.0,0.024185944069445187,0.0
hog_7639,0.010423337796825471,0.02789792743766495,0.04032901766497332,0.0,0.025017604239340407
hog_7640,0.03284636753830528,0.03539002214426268,0.0,0.015491948823972423,0.009637110318730935
hog_7641,0.019107793728827982,0.03509449750698246,0.0018109906452463687,0.012168427107593471,0.0
hog_7642,0.01421735871403551,0.034704602600978296,0.0015161393659333111,0.0,0.0018187568099259366
hog_7643,0.009331151263628268,0.042033404551767184,0.01563212376435774,0.017078363600900204,0.006424276664782402
hog_7644,0.0,0.02136475405958027,0.008707688550990467,0.03111900323962269,0.020173901296103525
hog_7645,0.015322517978851868,0.045653009286587,0.0005429556969398508,0.02887941407645145,0.03235029632964137
hog_7646,0.025051205019396283,0.0,0.0,0.0,0.0109881700205543
hog_7647,0.013231799318826232,0.019561547358650122,0.012536760464890495,0.031107661654620422,0.0
hog_7648,0.0001088889666407411,0.005600042827383911,0.0,0.007556155844193002,0.01329888198476592
hog_7649,0.006408367018351235,0.023410935620322704,0.042465248349385476,0.03469257438131934,0.0
hog_7650,0.012311182835820444,0.008770877997576587,0.0,0.013828642222654342,0.001387827042454104
hog_7651,0.0,0.03655693245605862,0.01736224751623161,0.02665279566562284,0.0
hog_7652,0.02683004700030578,0.045070788153993346,0.030332316298406603,0.04914732441657854,0.014930974633658334
hog_7653,0.0005408431094808819,0.022238306543648445,0.0001078290464902043,0.0010898883739798304,0.0
hog_7654,0.0,0.024775503864348236,0.027234805931850348,0.013697677958805166,0.0
hog_7655,0.012457981211347668,0.0028549833980031636,0.01674968594798898,0.03664096685192919,0.0051373702746650984
hog_7656,0.0,0.027214535240762228,0.037394227468483976,0.047596262704014736,0.015364887053521459
hog_7657,0.0,0.043834250365494265,0.0,0.00765750668004328,0.015041409469014333
hog_7658,0.0016622513709818598,0.03859952839809733,0.02305005531172144,0.018864366039186287,0.014881786198315927
hog_7659,0.0,0.010731753773218777,0.00018994506332203898,0.0,0.0
hog_7660,0.014822022180299266,0.015060294384253936,0.0,0.013318057395084626,0.029355714027023527
hog_7661,0.026211098789964415,0.012999189210158635,0.002024054654128138,0.026120634520278907,0.022839101098113712
hog_7662,0.0,0.0,0.0034689253809121467,0.01556453345683173,0.0
hog_7663,0.018040670546283,0.03153207074855513,0.0,0.0,0.01059365790718858
hog_7664,0.012021602988730118,0.0,0.007161972802156358,0.02284857115944816,0.0
hog_7665,0.024296911004066057,0.04170473084820414,0.016850603173179657,0.024587421942282583,0.01969254113840413
hog_7666,0.0165667987085647,0.0034284041998904335,0.01635327578405965,0.0036088697120675306,0.029020468446871117
hog_7667,0.0011672486450109432,0.01692109921296492,0.02589560692469517,0.009028828158272884,0.011737711444748777
hog_7668,0.03661652143069505,0.02679949477378707,0.03304624899894004,0.01172936697934035,0.032305058730404124
hog_7669,0.007833087221577717,0.01073531514823478,0.01606718084906067,0.04514626015975076,0.019446054508541755
hog_7670,0.018499255257618197,0.04620639496368706,0.013164586248420651,0.036916555234135506,0.024369980375261724
hog_7671,0.011922187367525039,0.010297968021922843,0.0,0.0,0.026193265024756496
hog_7672,0.006908298872150054,0.024474804284430496,0.0,0.026146615756074576,0.0032744448888932798
hog_7673,0.004142372061449073,0.012586222265928093,0.0,0.0,0.023074836529109577
hog_7674,0.02346502258068006,0.023061530004760078,0.02180508430093475,0.02130976274947516,0.032578889077929496
hog_7675,0.025482772095527295,0.0,0.010379406423055348,0.0,0.01685036945038143
hog_7676,0.0028153023733112903,0.002113925849048126,0.018765779319856124,0.002922270656729564,0.0
hog_7677,0.010693684146367843,0.0471848357664586,0.006407270280121891,0.002869819534640161,0.03634014691654541
hog_7678,0.005377389432095203,0.04676262103343021,0.016814387076364845,0.007339949222911146,0.0
hog_7679,0.020186754960756614,0.008359532946228931,0.01561307618394614,0.01900045604847911,0.03663647064325093
hog_7680,0.012957228350701344,0.03357513456959316,0.018081023298689214,0.04866396659209671,0.017822554269592006
hog_7681,0.0,0.02289102736974713,8.426375494408056e-05,0.0,0.0
hog_7682,0.0024894523516685307,0.02724809851041443,0.018975408017370743,0.008593750442055459,0.0
hog_7683,0.01652418796794297,0.03251358046613961,0.00750515130316054,0.00427178336391032,0.004656153822466758
hog_7684,0.027362012646642953,0.0282382368443026,0.03756689811937197,0.004447510414637312,0.0008986056592006353
hog_7685,0.014918573452297634,0.07134450335236209,0.03486222468275346,0.013017986137437765,0.0
hog_7686,0.00170868023727766,0.03328379658917946,0.029567117511508645,0.012133137461892263,0.0
hog_7687,0.0,0.02370939349988488,0.0,0.00789666470139827,0.0194692485334218
hog_7688,0.0,0.03194035359840841,0.008525125599927463,0.020438008978803657,0.044783787572875156
hog_7689,0.0,0.0,0.027075562893143168,0.00411358016881791,0.0
hog_7690,0.0,0.02131572253508862,0.01224148639663869,0.0,0.0
hog_7691,0.013347404890431624,0.012100321393341051,0.0,0.012479059580232876,0.013037756244903997
hog_7692,0.0,0.008497145385635951,0.033354182859256065,0.04010180622136894,0.012768510726183901
hog_7693,0.00962646437261605,0.029649158282729404,0.010459489641013286,0.0,0.003028598317685871
hog_7694,0.0019411247938940779,0.04104997331695448,0.03361866488617804,0.04093310277047557,0.0
hog_7695,0.0,0.038472609724393925,0.01516146792823414,0.011724615835235985,0.0
hog_7696,0.02569375470658186,0.021778480590616045,0.0,0.0,0.015644899335240492
hog_7697,0.011089364344437636,0.01597801823640177,0.002428303547741484,0.0133335541087376,0.0
hog_7698,0.008817229785946346,0.014059299550454929,0.030598203333305207,0.021185834094925138,0.014580861414066781
hog_7699,0.0,0.019295202827082747,0.0,0.005464813955333492,0.0
hog_7700,0.0,0.0,0.0,0.0,0.0
hog_7701,0.010044845230203991,0.012406371721090936,0.0,0.006499367433668857,0.01251244722965783
hog_7702,0.0,0.0,0.0,0.039535463374314794,0.0
hog_7703,0.011799030058042614,0.0,0.0,0.02325220622060531,0.0
hog_7704,0.009369740233138302,0.04702786961829086,0.0,0.036836193046734245,0.008168202799983204
hog_7705,0.014031089912870165,0.036927372007170334,0.024259607787431303,0.0,0.015685098981532697
hog_7706,0.0,0.023447946085884075,0.020458767879808493,0.015581143022645572,0.009729531221211785
hog_7707,0.0,0.0018956838894930161,0.020417894451992602,0.0,0.0
hog_7708,0.023256367694574065,0.016655086343019043,0.006622607828678406,0.015601429295709401,0.006366958046221782
hog_7709,0.01217480332772336,0.0037232724577382914,0.019292621332331672,0.01673669701462388,0.00283348997131716
hog_7710,0.0,0.006358841016225192,0.00024013705153902443,0.02652909625410138,0.01163403173062294
hog_7711,0.029762120854261553,0.014919177527378924,0.012296397424874872,0.0059724896516701875,0.019316264024994645
hog_7712,0.050326188993172316,0.03758566416768816,0.014742737157558361,0.0,0.008826621163648074
hog_7713,0.043740768184405976,0.05512108888786216,0.009963571734269872,0.02404353209836918,0.03858353890590127
hog_7714,0.0,0.004891823168783338,0.008822888252159267,0.0046140304946360455,0.015202728658694875
hog_7715,0.0,0.0,0.0,0.010546126399953115,0.0064910067175874
hog_7716,0.010656350812684678,0.015237925721202972,0.00016039065992878854,0.0,0.0
hog_7717,0.005936126580754042,0.02039731041970949,0.006360726434450958,0.0,0.017747814488956237
hog_7718,0.030126037871657685,0.0,0.0,0.0159141117351127,0.010676775158352303
hog_7719,0.0433246605608264,0.0032468594505037363,0.0,0.006319712932468358,0.01252312165149494
hog_7720,0.020199133907857325,0.046403140117095454,0.023104096499781512,0.0033218497620803866,0.006302352695833013
hog_7721,0.006380322900710889,0.0342266636363775,0.0,0.0,0.0
hog_7722,0.05004968115350095,0.04439444041961682,0.03331389787871397,0.037452163230201174,0.036347660116126335
hog_7723,0.0,0.015423443328595576,0.0360649919444227,0.03503079741533499,0.011818417183521834
hog_7724,0.0,0.012654481143826057,0.0,0.03254894821632526,0.0
hog_7725,0.009049048145114202,0.002516927356822185,0.010706004779749367,0.02299020912751093,0.005763315145620673
hog_7726,0.011798409034575075,0.020317993917356558,0.0,0.0166719994427047,0.0
hog_7727,0.020508879420741755,0.03613924749699948,0.0,0.0,0.0
hog_7728,0.0,0.0,0.018679988152235927,0.021948662413591835,0.024751896082283453
hog_7729,0.0,0.0006884541260379073,0.014944743709409014,0.001922452479397263,0.0
hog_7730,0.024506084907954584,0.05044099219883669,0.01062938542740155,0.01397544528122907,0.02030852228733515
hog_7731,0.006912726396135049,0.04301385031103111,0.01936102462568301,0.035062628326249845,0.012879330058517269
hog_7732,0.0,0.02184725138083099,0.006422925507830746,0.0,0.0
hog_7733,0.038819393856242446,0.0,0.013365977495525705,0.024202087597261057,0.0
hog_7734,0.004529644666939614,0.03516110555012131,0.025173509049954967,0.0,0.004329704846360416
hog_7735,0.005806144850346362,0.004705522311581056,0.005415302270828981,0.0,0.007209156375469039
hog_7736,0.00384764561440476,0.007221794662136016,0.0,0.0018612195263645326,0.0
hog_7737,0.010086006216742938,0.004891142194272335,0.0,0.009940439739630769,0.0
hog_7738,0.011058684915262296,0.02567086984336764,0.0026068985142828627,0.004133053230708672,0.01066400240187515
hog_7739,0.017469326148506603,0.022043253567898047,0.015046229651749288,0.035226220154882304,0.016052580691582774
hog_7740,0.032669811703267104,0.03570373371275304,0.012597930547725511,0.030795707473181055,0.022497919462288962
hog_7741,0.013114305021696193,0.03264189557883679,0.0,0.0,0.0
hog_7742,0.03010004772618191,0.007897381660215919,0.018581792554987153,0.0060350342645039134,0.013641366006346578
hog_7743,0.010059645147839857,0.0,0.029561037215678043,0.0,0.011816211993692427
hog_7744,0.04015580182285494,0.03231394182571856,0.03175422077820844,0.02341742112286238,0.006866007606637803
hog_7745,0.006377990648689158,0.026614338392914938,0.014603482914359978,0.017891133220924837,0.0
hog_7746,0.020405573998876214,0.01532669914596596,0.005108167324776147,0.010900409046639581,0.03373388190083082
hog_7747,0.032605546574905775,0.012904760708325913,0.031245293906638105,0.015423903812905815,0.032047296268894465
hog_7748,0.004930511191839182,0.0,0.0,0.0,0.002490922491006353
hog_7749,0.02328781738993002,0.012502122031244678,0.011736804223606345,0.0,0.0
hog_7750,0.011733519484563804,0.018024656305458464,0.03209411063316514,0.020672479097209262,0.029786761405135254
hog_7751,0.015008126453470938,0.00938917975541842,0.03224481718622951,0.02189479560248242,0.013978479197838345
hog_7752,0.011781482702792001,0.007334835876044998,0.0,0.0,0.03346829952865149
hog_7753,0.03414442611273483,0.05361537134024541,0.013207798712878693,0.00254427820560843,0.012890008081413606
hog_7754,0.007088933096763839,0.011449752599389962,0.006393976374502897,0.015630373239714723,0.0
hog_7755,0.0,0.004899155106835362,0.007087209869594435,0.0,0.014934867434951427
hog_7756,0.02864246456006292,0.04223094774271785,0.046512633578520646,0.01840881999137589,0.015788586709895913
hog_7757,0.005656702045068185,0.010290574936176355,0.029592884779418238,0.033169240583977855,0.003960799704712414
hog_7758,0.0,0.01155871280793419,0.01654171348047906,0.02570067931093445,0.001877487523717969
hog_7759,0.02580518644419527,0.004889783018792393,0.018162256365465312,0.0,0.017485570189829547
hog_7760,0.0,0.0,0.0002108145707986342,0.0,0.02320197803793378
hog_7761,0.0028332021039003674,0.0,0.0,0.0,0.0
hog_7762,0.02132707022224345,0.01615154129778551,0.01256144853527874,0.022851825685556326,0.0
hog_7763,0.0,0.015546212244314184,0.01875040246306514,0.020515919491968404,0.01581569233479474
hog_7764,0.008442535977263299,0.015276042331943573,0.0033992887704406005,0.020076693342409024,0.009514065338348976
hog_7765,0.0011979120613099248,0.01587659432430244,0.0,0.0140626490108684,0.0
hog_7766,0.057791667133268776,0.02035744551599805,0.008807392061290331,0.0181886196205574,0.0029845678121274144
hog_7767,0.0,0.0,0.017664199479540565,0.03900939903244738,0.0
hog_7768,0.0,0.025272648118420005,0.020889332757609624,0.01541248234378445,0.025287131139783092
hog_7769,0.01740922527709432,0.016528644990139618,0.01566994286080936,0.02677042254687101,0.0
hog_7770,0.0004520176954050381,0.0,0.002378890245584575,0.01658773378637468,0.03240868813493103
hog_7771,0.02131605490871391,0.05075566739815329,0.014143761039473235,0.054771034109436956,0.01745021428341964
hog_7772,0.0,0.0,0.01281071981016102,0.018401519047749337,0.010486511606605964
hog_7773,0.0,0.003707890557370641,0.03230111559965709,0.02016241358161497,0.01653110231411592
hog_7774,0.0,0.03578987485026164,0.0029701172358125305,0.018015577413397432,0.020616249751101323
hog_7775,0.0,0.03486366922706052,0.026998697011530792,0.010689197852248977,0.0
hog_7776,0.0011842744239538572,0.017106777207432255,0.0,0.0,0.0
hog_7777,0.018546088384808534,0.04259360464068118,0.04510045763113579,0.02590803613133441,0.018421146051875947
hog_7778,0.04283109472243973,0.02397169770677321,0.023732795244585825,0.03323944003076651,0.022767647983068073
hog_7779,0.037108373948800955,0.010253248939651183,0.021875772684410988,0.012895991861411993,0.015179946837863278
hog_7780,0.007516217597087094,0.0016157544925248235,0.0,0.01693103902881865,0.0
hog_7781,0.0,0.0,0.007897915508431774,0.0015506837789716066,0.01762245922574701
hog_7782,0.0,0.0,0.005846679566563928,0.017727251798370425,0.009317412430160932
hog_7783,0.0036859715717048047,0.028124805736903236,0.05458373879617473,0.014939371134204293,0.0
hog_7784,0.05300204005452036,0.04373625973306816,0.0,0.004409492876619847,0.020729536010883676
hog_7785,0.0,0.03741231486418539,0.02898814686873874,0.04181554342019389,0.016155519018903552
hog_7786,0.03756369019994854,0.015011966402682209,0.004248064865913559,0.018956330934625676,0.020478466522543703
hog_7787,0.0,0.007181558452789005,0.0,0.01263379489269667,0.005444151203820136
hog_7788,0.0,0.014513777027357788,0.0,0.01589111145645261,0.00992495293143203
hog_7789,0.02877567082092969,0.02647702081022607,0.015108751547392663,0.013716361004805888,0.009202009546472434
hog_7790,0.011617894958315,0.006587084265739618,0.01993773493270501,0.015678049104472347,0.014715833725896355
hog_7791,0.0031803394611276126,0.004175411903720505,0.004516882826066659,0.0,0.011530260346133803
hog_7792,0.0,0.003828511658302558,0.03977456142938762,0.019866569738771878,0.007693118098270224
hog_7793,0.013392287535305414,0.02421960451328764,0.0062607398585128315,0.0,0.02970639968298716
hog_7794,0.0,0.007570223699129075,0.0,0.02425001321937237,0.0
hog_7795,0.034719517308887005,0.03698697855443167,0.0014905452360680638,0.03703554273948462,0.01472830609998299
hog_7796,0.0032413882168009778,0.01809924186770817,0.0,0.023898546092833373,0.002041738047875663
hog_7797,0.0049388432385595316,0.01486694722076698,0.01500587603243786,0.02646798392501437,0.032495780494814275
hog_7798,0.026986540633828326,0.015321230405486164,0.02710919892454,0.030010554032434023,0.004589885400762217
hog_7799,0.0,0.011321596150330349,0.003322365810114025,0.005091434594801214,0.007260423823007622
hog_7800,0.0,0.0046699225760422625,0.01757786592222499,0.015928881410465445,0.0
hog_7801,0.0,0.041582473535545894,0.01099595522425667,0.0,0.0
hog_7802,0.007297371823591803,0.02891019436965836,0.0,0.0,0.0
hog_7803,0.002363498561061661,0.0040286380416934,0.008131821260187744,0.016636003017389545,0.0
hog_7804,0.014726258204545983,0.0,0.0007572808991715974,0.029752765184316132,0.019472095845362247
hog_7805,0.004915466317860995,0.021208759207032468,0.0024196652585095624,0.017729465837846847,0.018902616320636056
hog_7806,0.0,0.0,0.0,0.0,0.0
hog_7807,0.0,0.01505292939335634,0.012338303022473074,0.012966768569531162,0.0
hog_7808,0.0,0.007192496540145088,0.03692478530815513,0.018667895684129743,0.0
hog_7809,0.015482169562617498,0.020008732756598313,0.0007334562469329953,0.029091221628726682,0.0
hog_7810,0.0,0.04010273202895487,0.012818217825115719,0.011156395619590365,0.0
hog_7811,0.01376333701671717,0.004558126298473519,0.0004642896496416249,0.0,0.016996622644027903
hog_7812,0.0,0.01828474526724877,0.019628235711655062,0.005925932591386074,0.0
hog_7813,0.0,0.01048297541111931,0.0,0.0,0.020162188841369444
hog_7814,0.005304754244570109,0.004640537090864205,0.0,0.011096167182123029,0.0
hog_7815,0.0,0.00010571762694833176,0.019333266474514277,0.026827023360711966,0.002668170055472041
hog_7816,0.04511361592950314,0.00999027076000214,0.022059017268943437,0.03341982461175519,0.03303713105233541
hog_7817,0.0,0.0,0.0,0.01025507637517098,0.0
hog_7818,0.008524297053579266,0.0021282545813532394,0.009769709300939677,0.006589996361751949,0.015227117623886954
hog_7819,0.0,0.0003910033353744513,0.02096878327315843,0.0,0.0
hog_7820,0.01622867380242532,0.03894137574386325,0.0020287007279911062,0.0,0.007506978228569494
hog_7821,0.011914971724764412,0.023444684110293545,0.025253042361450984,0.020419794310406303,0.019051397443163642
hog_7822,0.0062682888425587,0.016860938615031573,0.01543524687454445,0.013456261205163411,0.003054782451012983
hog_7823,0.0,0.0,0.0,0.004156112459767769,0.0
hog_7824,0.013866699948198224,0.02068225851715022,0.020993154054882,0.013497802972158413,0.013836421266672838
hog_7825,0.02904681749173399,0.04528365174686044,0.027032110143683674,0.03126122000681919,0.026839313071014725
hog_7826,0.019769254972477945,0.01509928465524868,0.03159492362776728,0.0,0.002922060418205197
hog_7827,0.005264581244664335,0.0,0.0,0.021127405512475272,0.01117732449936204
hog_7828,0.0,0.01388019771900817,0.001361743259044923,0.020283178962359427,0.0
hog_7829,0.047708478035858315,0.02649210952345027,0.017781500150326535,0.0028233547446707696,0.02015772032529828
hog_7830,0.0,0.04433281663565003,0.021102082737677552,0.051160655228905894,0.014160961922096149
hog_7831,0.0043177554969360266,0.0011672796160242527,0.02438566975471379,0.02161602766127979,0.007407191988269002
hog_7832,0.008765345595268315,0.019995692483440797,0.0,0.03261365106961733,0.014588658219913286
hog_7833,0.0,0.006044110374551215,0.001957210900309647,0.031070027850498727,0.0
hog_7834,0.027137006449065026,0.06387984480691089,0.03439040358297718,0.045768446696466514,0.017827378678959338
hog_7835,0.008205605328470922,0.0,0.01972775279468353,0.007927574573732166,0.001750301140484689
hog_7836,0.02176376966892213,0.00013607656079273056,0.008348047246502954,0.020924567615676404,0.009322987212521117
hog_7837,0.023110867657301304,0.03406046396349516,0.01840243773562955,0.0,0.0055696939179921134
hog_7838,0.010603197485503202,0.027903404810796006,0.005219776853264246,0.022274585373408762,0.0
hog_7839,0.002749675759213588,0.006252538566815957,0.02283318388565747,0.02087511140642495,0.030338037992678757
hog_7840,0.0,0.024707969021616982,0.01829978129093668,0.0209543716089986,0.02267576212662159
hog_7841,0.01568558780683671,0.012466041019585816,0.0,0.03393908288784808,0.0
hog_7842,0.0,0.0,0.007015307293234407,0.03830798972168359,0.0019487484727362947
hog_7843,0.016909258371395897,0.018998934308740223,0.03393024705533065,0.042181573933876226,0.05013279858876474
hog_7844,0.007369122897042946,0.0,0.0,0.0002255597991867031,0.0
hog_7845,0.0032566671630009925,0.024293897031638645,0.010414237394308579,0.01189262386134704,0.016318298721218705
hog_7846,0.023119047487324407,0.030939641773483073,0.0296312987464038,0.009223649181854698,0.03685921641328638
hog_7847,0.02703360753751305,0.030800077251088576,0.015144584711736853,0.008039174498686075,0.012329430956746767
hog_7848,0.0005171835716990536,0.02304705509772198,0.020836866166139334,0.0054176161464862815,0.010524627741754555
hog_7849,0.0,0.007970916265138683,0.04218030328871869,0.0,0.02308985305973721
hog_7850,0.0,0.019258887034049543,0.0,0.011430912550488781,0.0
hog_7851,0.02212934706246683,0.0,0.012918938632133337,0.0,0.0
hog_7852,0.031070093543398736,0.029884959835425162,0.0,0.02585164402244189,0.00878195237906887
hog_7853,0.020128858901879765,0.0,0.016701413410786792,0.010821174827955193,0.023263661150327408
hog_7854,0.012082050432490998,0.0,0.012362906310911637,0.0,0.0017778633208900274
hog_7855,0.026901416748671414,0.007888398203732772,0.017700935424745712,0.005870575016812429,0.023662416245297413
hog_7856,0.02146365111671633,0.002061242970596844,0.0,0.0,0.0005848247301156739
hog_7857,0.03294639451004966,0.025159372393928736,0.0059508957376690486,0.006794323715730188,0.013871771558906731
hog_7858,0.03665771514333538,0.029696396011232862,0.05450355486673519,0.030498730144953523,0.023100533978375193
hog_7859,0.0,0.007501698581745764,0.0,0.0,0.0045676176066982155
hog_7860,0.0,0.0,0.042473196264626756,0.0,0.016256121917452182
hog_7861,0.033097687936692655,0.0205389047421205,0.0205546472908269,0.019242838219418967,0.03017445662650431
hog_7862,0.010168941189191205,0.021550400246913126,0.02868412663860087,0.00467471376684081,0.015949811985492834
hog_7863,0.012300534000467156,0.01887939440188302,0.012757423195539186,0.03624502553082398,0.002908386460860113
hog_7864,0.01754229065282753,0.015032732006140748,0.017004207683218864,0.018162575257590907,0.0
hog_7865,0.0,0.013138187811224666,0.030602761785674115,0.0,0.0
hog_7866,0.009306514350066353,0.016893324858126446,0.0033784119219708586,0.019112553135504307,0.022662116900404206
hog_7867,0.0,0.00517083496759696,0.0,0.009794665739471187,0.0008823232138215342
hog_7868,0.0,0.004851010684209012,0.0,0.0004381373618032036,0.0
hog_7869,0.0,0.03570071565943911,0.012193950666606002,0.018000854278359846,0.035964358048213185
hog_7870,0.0,0.0,0.0,0.01758572629248034,0.0
hog_7871,0.0,0.0,0.014128306921990186,0.0,0.0020391352439335098
hog_7872,0.0,0.0,0.0,0.0,0.0
hog_7873,0.0,0.023035303804751273,0.00730297639182087,0.011692537213235488,0.0020668843588536046
hog_7874,0.0007722645178636078,0.04892624684311242,0.012229234958061719,0.014102019730938942,0.007055606867547803
hog_7875,0.007245257611295353,0.011609087309539357,0.0022646269922894646,0.011590521871766013,0.0
hog_7876,0.01758138111495411,0.009287798369317368,0.009167619869135724,0.022958075445305592,0.00381930305651923
hog_7877,0.020757861589366877,0.0,0.0,0.01341650819731699,0.004816987532407557
hog_7878,0.0,0.0,0.0,0.020186413405136827,0.011347493237020112
hog_7879,0.008061391392896855,0.017764395900122354,0.0,0.0018436173142417633,0.010763523727243873
hog_7880,0.0,0.011603931768143783,0.0,0.005548085006822356,0.004980983273477957
hog_7881,0.01951304640927698,0.0,0.0,0.00012501284426824633,0.002961230077910715
hog_7882,0.034105063558272475,0.0,0.048632475647003126,0.04244976163850689,0.011184594379924917
hog_7883,0.00929860559215756,0.012390294010409253,0.0,0.0,0.0
hog_7884,0.000833205357870348,0.014098064544045164,0.01900928833814719,0.004398376177609187,0.0048392467466380484
hog_7885,0.013969668450299011,0.034488330867778805,0.02784794247548028,0.017471131741311874,0.006385460949102084
hog_7886,0.012453562961407316,0.02718915227288976,0.0074121582258830365,0.03874092741184976,0.018854868619603726
hog_7887,0.0,0.0,0.0097125890387737,0.0,0.0
hog_7888,0.02005151187934251,0.020133655049463295,0.002317387636785906,0.029211068848377764,0.02338684709888783
hog_7889,0.00892948865096943,0.0,0.0024924917504263178,0.014069638550241681,0.0
hog_7890,0.029365477148932673,0.0,0.0,0.006066903985462835,0.0
hog_7891,0.017166099471993546,0.017060479079084034,0.008157936218454065,0.0,0.01102108368135668
hog_7892,0.02169830848030574,0.014856019839400991,0.02934285090197508,0.020102140273573932,0.011245654006511563
hog_7893,0.010677664300660972,0.028914629855607332,0.04492683696497135,0.01845720190042499,0.02718195305993243
hog_7894,0.038445028835945916,0.005824579261437535,0.014732085913650605,0.012827765197203078,0.013682475690313334
hog_7895,0.020266984984768532,0.018506782962756096,0.01746802518213375,0.03558742673879167,0.005875060256191
hog_7896,0.0,0.004083378019254846,0.011300675067966504,0.02272832397840774,0.0
hog_7897,0.05435967084914006,0.03871990028013461,0.0,0.014528613368639531,0.007085181250976014
hog_7898,0.0,0.026811406623347578,0.04177022860586721,0.04278923284088698,0.028046747059055965
hog_7899,0.02147322325390766,0.005656174625015442,0.0,0.0,0.01426928870345856
hog_7900,0.0,0.06600182167876989,0.021802790519516835,0.0,0.011120222091274501
hog_7901,0.0,0.02260668480086836,0.02385300790951783,0.0,0.013242478906573707
hog_7902,0.027215277451982045,0.007597853811885713,0.0005280270192660197,0.02617663989827057,0.019536951313834816
hog_7903,0.0,0.0,0.0,0.0,0.0
hog_7904,0.00878601224356812,0.0,0.007235492341551186,0.030083732307701005,0.004685017713594197
hog_7905,0.008735623279707339,0.0016270777672338088,0.0058907844025541944,0.009425159253893423,0.0
hog_7906,0.016406846964863053,0.026837022160891566,0.022939289939905905,0.044020124726851684,0.03022746405565946
hog_7907,0.014863183166838434,0.005611350294995265,0.008512984870736817,0.011849389842030877,0.005979614315577031
hog_7908,0.012966719564375007,0.01921380030763431,0.008887310445955254,0.019006665297453207,0.027610958704792576
hog_7909,0.00180117335704022,0.029031316837937693,0.0,0.020223882255299586,0.007749435114616565
hog_7910,0.013053649878458806,0.027959401514777715,0.023516135518341086,0.03526270267743992,0.0
hog_7911,0.0,0.03773885887420647,0.0,0.04507501628331889,0.00952982925417789
hog_7912,0.013900102897312028,0.020485610022196177,0.06007966729223324,0.027472560488801534,0.022100818498237862
hog_7913,0.011801621544995422,0.02957556068777678,0.036449703208190964,0.03647620672195928,0.022577882775058677
hog_7914,0.02807080020258046,0.01768759057594993,0.018116107078244514,0.01864231275282191,0.009945330171910793
hog_7915,0.0,0.006746800361262517,0.0,0.012270571257794405,0.00982971809543387
hog_7916,0.0,0.01972806071750899,0.0,0.011000943340838232,0.017871666318717727
hog_7917,0.0077828547505067736,0.0,0.0,0.032026197940285606,0.01319736323154519
hog_7918,0.009819779514585125,0.02992806226646505,0.0,0.028318471291887137,0.02810784055890081
hog_7919,0.005884209906173554,0.04606914287575692,0.02203489671781922,0.022322235042250504,0.04009985835884389
hog_7920,0.001279660524098336,0.02071566293006022,0.016865734371346752,0.02026358362345726,0.01528192897227032
hog_7921,0.030805990781708426,0.019635089836204767,0.017213116902401016,0.003501835854480939,0.009793661039805723
hog_7922,0.028573497643199497,0.010560107045118894,0.037536956764899765,0.03553933021288547,0.03789973578322292
hog_7923,0.03917201935620307,0.04967482562685288,0.018626998900468372,0.007107884879108406,0.03614650462479241
hog_7924,0.02465732183046243,0.02370462460938283,0.0209494141335842,0.0,0.0025167691495997513
hog_7925,0.02719198632194919,0.023667137789878945,0.007669886271494564,0.016610441276774912,0.005511892096797366
hog_7926,0.02093729098595687,0.0,0.013821810105375976,0.005598004776134813,2.0327771954598006e-06
hog_7927,0.017118155111398803,0.012193325381987474,0.02384442597910863,0.0,0.0
hog_7928,0.03764498639389546,0.051502868235814736,0.024770869496185677,0.0010430779102836851,0.015973405519182693
hog_7929,0.05008228865710462,0.05566033304118667,0.026694710335844363,0.026748461218424113,0.0
hog_7930,0.01805861349437965,0.03950181207161085,0.03920137933091916,0.003960272938015041,0.0
hog_7931,0.019839944828509815,0.011847363611111605,0.03381428124921193,0.012825149732540897,0.00777219256022299
hog_7932,0.00834260378123819,0.0,0.01227977409777603,0.007568690704935266,0.0
hog_7933,0.0049134870150677745,0.028938127776322542,0.024903042952766352,0.01736480058245271,0.0
hog_7934,0.0021590077466704383,0.012846222501913473,0.01635384209276558,0.0,0.0
hog_7935,0.030359754388980864,0.011841105870194157,0.0060549580265492065,0.01605031852255956,0.02124691370788323
hog_7936,0.0051396657579425575,0.017434615501772832,0.0,0.0007764932944414049,0.017111396580438365
hog_7937,0.0035483998809624495,0.018949487083175676,0.03193562972547137,0.0,0.005995842556305142
hog_7938,0.012395173803235515,0.025732818552230308,0.01647167872410571,0.026568423646770922,0.01572335589192142
hog_7939,0.027198505610900092,0.0149431355524976,0.0,0.0024323740133402882,0.004702964650527441
hog_7940,0.006850056794648118,0.01531557056119004,0.01623008348921373,0.020851847160076264,0.0
hog_7941,0.007781533417777986,0.010911020172147179,0.014915448521514385,0.014257806400747253,0.01421958321520278
hog_7942,0.01782858927678843,0.014553386646709132,0.0,0.01971947803035512,0.027847095792433274
hog_7943,0.0,0.0401344945614428,0.010700934205482238,0.025778441024060683,0.004908802230314757
hog_7944,0.0,0.002016176088642352,0.0073263545513595485,0.005028867393847891,0.0
hog_7945,0.0,0.04469409383756062,0.016871670506395597,0.0,0.009842235340094208
hog_7946,0.03192641507382055,0.053160112341739785,0.0,0.03221985044325959,0.0
hog_7947,0.04892288384366794,0.04226916852095308,0.002324567637048025,0.030294325470251016,0.03078271722923631
hog_7948,0.0,0.03604967539193371,0.011568793149759449,0.0,0.0
hog_7949,0.008938208393006741,0.02481441029153708,0.01868387842215191,0.023532747219149552,0.0
hog_7950,0.0,0.0,0.0,0.0,0.0
hog_7951,0.0189749823154024,0.003987865018017178,0.0,0.004000181298197569,0.0010998775094936963
hog_7952,0.00024243473634744106,0.0,0.007928118858480993,0.0,0.0015907211755088468
hog_7953,0.0,0.0,0.0013375775574617776,0.006077387053981642,0.013144802705679526
hog_7954,0.0147798448418901,0.010959005720188264,0.009165456251418735,0.02618984871277963,0.0
hog_7955,0.024428952767679535,0.034295717586415364,0.0407384120448433,0.023052381033446645,0.0037404165339616213
hog_7956,0.047208468610342225,0.03516578053329855,0.058250208531010816,0.03181789873718377,0.0314606778994575
hog_7957,0.01721514305504468,0.018260289670569696,0.03521235638257525,0.009872176638935803,0.021600438092118646
hog_7958,0.0009180675390754178,0.0,0.01847784238099104,0.0,0.003932515204907006
hog_7959,0.0036011679287411003,0.01939370119618844,0.013009085632075479,0.0,0.012162699127068688
hog_7960,0.0,0.027254336478809593,0.010755942805659169,0.01295283286914617,0.0
hog_7961,0.010402647949607324,0.008727165531346115,0.020029459436885277,0.0029621724711850206,0.0
hog_7962,0.01316196812197723,0.004344146298011831,0.0,0.00837157246369924,0.0
hog_7963,0.013040181024011055,0.014691935168613446,0.027612657158987197,0.014649475639553211,0.014813628888541652
hog_7964,0.01428683110718243,0.034202924851411964,0.018286515036191497,0.0,0.00864420557457457
hog_7965,0.0,0.0,0.023014795156561574,0.02017467149054486,0.004352907688870422
hog_7966,0.0,0.005458372621285568,0.0,0.0,0.0
hog_7967,0.0,0.03883761203021319,0.01651720323931949,0.01530538765644307,0.008364722914439238
hog_7968,0.03711393709066302,0.02929636737169461,0.03376331534767485,0.019614254724771074,0.00248702440834081
hog_7969,0.02350545501776402,0.029399822633231043,0.02757270289133351,0.0,0.008825514967274461
hog_7970,0.077131660671937,0.030056795450268625,0.005029566756727055,0.03151643663483106,0.031308139135822755
hog_7971,0.004695430260253097,0.0033897530322590796,0.011959986035645631,0.014318187073688815,0.0
hog_7972,0.0,0.024761200858069987,0.0,0.0017909786532086525,0.0
hog_7973,0.021328137570986394,0.032175767057436744,0.019186044779892608,0.02188732249837755,0.0
hog_7974,0.0,0.020437593410891797,0.0,0.015291766583197308,0.0
hog_7975,0.0,0.0331188778365441,0.010476894433917971,0.0,0.0010292574053918369
hog_7976,0.0,0.01621996910673884,0.0,0.03188935301190221,0.0
hog_7977,0.0,0.0,0.0,0.009171565392106285,0.0011975563683335189
hog_7978,0.002581212486896689,0.0,0.0,0.0004299344885791978,0.020510118951641898
hog_7979,0.0,0.007673589108291079,0.008305629492688205,0.0,0.00864463654533143
hog_7980,0.0,0.0,0.0,0.0017987007105633168,0.0
hog_7981,0.01418264975469441,0.04037180358988546,0.030519041642405043,0.012898935074183271,0.022997892416444454
hog_7982,0.007286682378816245,0.03320586448393659,0.0024356882761082943,0.015045942060483153,0.0071048853738837625
hog_7983,0.013431518445527368,0.025439127496957425,0.03555840818570366,0.03552645057564918,0.0
hog_7984,0.0024666230905321385,0.0,0.01512312246184222,0.02056138105604055,0.0
hog_7985,0.0,0.0,0.0014914749993055754,0.024776663150599898,0.0
hog_7986,0.021686572288159844,0.017315463394197428,0.02578688692864617,0.029791178733240775,0.016783264937892062
hog_7987,0.0,0.01665859927295088,0.0,0.017313450805998443,0.01795127315224998
hog_7988,0.0,0.0,0.011383383321492246,0.025792111119138372,0.0
hog_7989,0.0,0.008216702167678891,0.016395947515523757,0.01532055326982995,0.012472942156573241
hog_7990,0.017701799778937932,0.031161530030580975,0.0,0.013438131000176101,0.00824011392165791
hog_7991,0.0,0.004138265663138352,0.02307255031103872,0.01648038211441527,0.0
hog_7992,0.013931270065289603,0.002435345275869194,0.02671634009967705,0.0,0.021222066191432187
hog_7993,0.0007729335034531992,0.0011017766520182715,0.030040094017317776,0.0,0.0
hog_7994,0.009215301406278575,0.04113553467026887,0.027124074979090418,0.009373790367177781,0.00808452320343589
hog_7995,0.0,0.0017984597733402552,0.03448777136627612,0.0,0.008017279031813151
hog_7996,0.029462200823373585,0.011873210317497662,0.0,0.0,0.0
hog_7997,0.0,0.007608263716541108,0.0101698987864689,0.0,0.0
hog_7998,0.007513228103641634,0.026551428559922652,0.006125930237510957,0.01950577779021101,0.023954064366576322
hog_7999,0.0,0.007431437177588984,0.015460818761177997,0.009969721484379912,0.0
hog_8000,0.015137810300847265,0.021237243033760178,0.006825028277076095,0.005741289071204969,0.0009168152840210997
hog_8001,0.004126216395864413,0.009444030661185376,0.01007747304235429,0.011058613116207372,0.0071117926922337205
hog_8002,0.0,0.0,0.0,0.0,0.0
hog_8003,0.0,0.0,0.018646054434748205,0.007082944680821601,0.005466884146064777
hog_8004,0.0,0.0010260868481244412,0.0,0.0,0.0048559610909451045
hog_8005,0.0021317397199345223,0.03670689606912614,0.0,0.006215142219690328,0.0007824825782667411
hog_8006,0.008336243573985103,0.0,0.0,0.010950902126799944,0.0
hog_8007,0.002611066575968213,0.015489190163920252,0.033509063250100946,0.026816154642663736,0.024656759615483415
hog_8008,0.036303301827939505,0.0181824286535055,0.0,0.02090418865702981,0.012231540620542658
hog_8009,0.012353371185518824,0.023293858385550648,0.0,0.016414546719252465,0.02085057907600585
hog_8010,0.04468961045978359,0.056921891539111646,0.027404804504782332,0.06957596037271552,0.04614316912147065
hog_8011,0.021314224174733276,0.007375330454596707,0.013092761677024223,0.018811276248231312,0.005744775624855869
hog_8012,0.0,0.00428979927816342,0.0,0.022395347877588456,0.013307410527301666
hog_8013,0.008325453875176914,0.0,0.0,0.005000775775958921,0.0
hog_8014,0.009885099858923274,0.022055893110080715,0.02387473424706088,0.021000261433919976,0.0
hog_8015,0.0,0.023880691685397304,0.016125987312389567,0.010641563137707921,0.013910969039867549
hog_8016,0.0038841266258071716,0.02114303031763587,0.0,0.0,0.011592898600736312
hog_8017,0.011668294321331985,0.007088877380957648,0.0,0.006831517236295603,0.0017401239198295837
hog_8018,0.0052922534730370785,0.0376286915147781,0.02221983046706022,0.0343703867813232,0.007121214987252822
hog_8019,0.02407263204423038,0.04482690053234184,0.041163505597675565,0.028172937499964856,0.04246858692507849
hog_8020,0.03743468490733348,0.027091447908510036,0.013425673868247445,0.024553520088226755,0.027065123091992715
hog_8021,0.0,0.012687171663752217,0.027132800439738425,0.02131483938754042,0.00597577913762759
hog_8022,0.00943830991042649,0.0,0.008944252239510897,0.004171327626775634,0.0
hog_8023,0.0,0.034524721154165716,0.0,0.0,0.0
hog_8024,0.017419424777701753,0.0,0.004895836617434757,0.019692173804928936,0.011148365873371091
hog_8025,0.016627098450317845,0.0035085708819477812,0.0,0.036974884111018014,0.0
hog_8026,0.03897342188645214,0.007246330500885634,0.004653710012007872,0.03420041782049865,0.041426940486214425
hog_8027,0.033013565501866626,0.038241842944146454,0.0,0.0,0.0
hog_8028,0.0011231322950910894,0.0,0.003677658898088909,0.013067130246835923,0.0014292018382930927
hog_8029,0.0,0.016846209734568962,0.030402672291681032,0.0,0.002996874964009022
hog_8030,0.01948263302014519,0.0,0.012763863835376421,0.026030464642058826,0.020576991417411428
hog_8031,0.02989171687052994,0.028550620916244274,0.0400464594048886,0.033197340474866666,0.007177699372505009
hog_8032,0.0378923459192293,0.056460126210203354,0.024665451048288878,0.03840876617276834,0.018947046607319384
hog_8033,0.010304366069425308,0.015302592651954994,0.0,0.0,0.0
hog_8034,0.0,0.0,0.0,0.0047742832804209545,0.0
hog_8035,0.0,0.019445797085007044,0.01666371114318066,0.0,0.0
hog_8036,0.0,0.0,0.016960405927553657,0.01008511474249918,0.006207600887306652
hog_8037,0.0006457652664684232,0.026172711600511045,0.03711708460089391,0.01756776505710289,0.006794532192462732
hog_8038,0.0,0.03043576915513513,0.028511973102393062,0.0188242373583285,0.007929403900470033
hog_8039,0.002840716910522456,0.0,0.0,0.0,0.0
hog_8040,0.005574490344138372,0.014759563342789273,0.024308117045340305,0.0,0.0
hog_8041,0.012712137434993886,0.006650873826219428,0.005561298533553138,0.012868800880584397,0.0012701359537807821
hog_8042,0.0,0.022322435588669753,0.0,0.005995361581849545,0.0
hog_8043,0.0008732358621588165,0.02884126948632515,0.0029709355227800494,0.0172660568308729,0.0
hog_8044,0.0,0.017641184538071508,0.0,0.0,0.0
hog_8045,0.011736533215359835,0.015545178845538077,0.011004920256717954,0.0,0.006014474597562547
hog_8046,0.003929639935259299,0.033928115217544574,0.0038440601913078964,0.004073149988236935,0.012102920626507752
hog_8047,0.04857169288651608,0.048102227293107536,0.017433346506987357,0.021774569516249898,0.0
hog_8048,0.0,0.02985104441288855,0.009609360430223424,0.0,0.0011229955125227065
hog_8049,0.023517251801868255,0.0005853234944146468,0.019107512512029023,0.0,0.005043972994424495
hog_8050,0.0,0.0,0.0,0.022890350181663077,0.0
hog_8051,0.011392232723724138,0.0028453232839575904,0.008423175859474163,0.0,0.006378969697068193
hog_8052,0.0,0.0,0.0,0.0020765818567340943,0.0010427324195232401
hog_8053,0.0,0.039877801669128354,0.005345945968161736,0.013210245205429905,0.0035000676263332586
hog_8054,0.00726538009793587,0.0248221754896909,0.009522039064429944,0.01556774875810385,0.05723268558533734
hog_8055,0.006739339150793944,0.047846782603576665,0.014178950941252877,0.03578129929262741,0.0128016029769622
hog_8056,0.010468978661026807,0.0,0.0271572338190893,0.032156047796127796,0.0
hog_8057,0.00222345327666007,0.0,0.0,0.0,0.0029994272478042205
hog_8058,0.0,0.0,0.0,0.0,0.0
hog_8059,0.005484412136281591,0.0,0.0,0.021966135507448303,0.010339051034381708
hog_8060,0.0,0.00970834393388098,0.0,0.028996361132080484,0.0
hog_8061,0.002288723021474981,0.018351224879919137,0.0,0.011869815296134956,0.0
hog_8062,0.01009114665701305,0.023847825484077045,0.0,0.0015727756576808805,0.010654732196584193
hog_8063,0.01022879560173573,0.017431957908669693,0.03015606255635639,0.00878682887726967,0.030023960438580133
hog_8064,0.027426395477694543,0.013208370161047256,0.0178700905939142,0.04462217267751467,0.0013571686735671662
hog_8065,0.0,0.03051125001304089,0.0071323071088946755,0.0,0.005177122699528081
hog_8066,0.005697673067110776,0.008051590741406933,0.010904459088629137,0.008136137526321141,0.003209384701065243
hog_8067,0.00820652403802935,0.008826187749729097,0.035800701749446384,0.005223750183026565,0.023079087694165334
hog_8068,0.0,0.011998313718875497,0.01694599664356633,0.029899607832091668,0.0
hog_8069,0.01099921639714685,0.014890937003160243,0.010606358474732458,0.010941980545807306,0.018377821175305176
hog_8070,0.0171006162373859,0.015720318707534986,0.012328574499884004,0.008935419578885773,0.006432550424231076
hog_8071,0.0,0.00742689265412988,0.008694847385613658,0.0,0.0
hog_8072,0.04118256865704861,0.019045775823793187,0.029937741238134752,0.01615245734556292,0.011288361775577904
hog_8073,0.025535433875335523,0.005075725715909307,0.0,0.04077988784512576,0.007777252713654814
hog_8074,0.0,0.026226007399555495,0.0,0.0,0.0007861293103454958
hog_8075,0.018699494152709883,0.0014666597847583507,0.02861396542367456,0.0,0.0
hog_8076,0.0008890194191712997,0.011604342917451937,0.01564565013012964,0.0,0.0
hog_8077,0.0,0.0,0.004093025656680682,0.0,0.0
hog_8078,0.0,0.0,0.00888743997958108,0.0,0.001969536124688309
hog_8079,0.0014423038156807788,0.0,0.0,0.024206603154297346,0.0
hog_8080,0.00021765753981295433,0.0,0.0,0.0,0.0
hog_8081,0.0,0.008526782075454653,0.0015782773484505075,0.0040727652368461875,0.0
hog_8082,0.011325785908984365,0.037142340710829336,0.030513206963008965,0.04437810871534387,0.006000110149630311
hog_8083,0.010872242676423172,0.024980779470787473,0.008241477559064903,0.029655029829745994,0.0
hog_8084,0.0,0.002531206052443391,0.0,0.022755810225176365,0.01283027100721923
hog_8085,0.0071614622541142925,0.0018135694548033765,0.010839084381053743,0.03169310157988514,0.01802914455430704
hog_8086,0.014900289646959664,0.008482948466329798,0.018520209424311096,0.004198801247342621,0.016467771459445224
hog_8087,0.0055615170604190745,0.017745695728973,0.0,0.01687743234083494,0.0
hog_8088,0.0023612459846231726,0.038868144727741694,0.005940248462653841,0.0,0.00711018141712616
hog_8089,0.0,0.0,0.0,0.0,0.0
hog_8090,0.0260846249970057,0.030363134516075307,0.009946469632878818,0.009571008823324734,0.0
hog_8091,0.016524628086175497,0.02677656625486069,0.0,0.052210798027099825,0.0018989804402933519
hog_8092,0.031313246276979845,0.012606904708485356,0.0,0.0,0.0
hog_8093,0.014588655501679204,0.024869559194997004,0.005415689914184618,0.029017499966355498,0.017505155349528234
hog_8094,0.016541072635563037,0.0,0.029692123171053852,0.03535690819564907,0.0011640822606804324
hog_8095,0.03229204187524015,0.0030399559155649403,0.010189744735521922,0.010532872426120887,0.007392784751061976
hog_8096,0.0,0.0,0.0,0.010386966179460888,0.0
hog_8097,0.0,0.0206690954938904,0.0,0.013701336216519922,0.016204390598927976
hog_8098,0.006964722036234772,0.007847316306046848,0.033859109572304424,0.008290722106595538,0.0
hog_8099,0.0,0.005964827242761039,0.014880148213346489,0.009213164410209362,0.0
lbp_uniform_00,0.03872594356995829,0.12086387289001865,0.06360273333428013,0.05001214963395162,0.09756431279904265
lbp_uniform_01,0.03548459530441472,0.02349384544832689,0.04476451204315679,0.045349512812286275,0.03268923285905734
lbp_uniform_02,0.008910469296202317,0.047465735699045775,0.05818559239807697,0.010076471862269898,0.0
lbp_uniform_03,0.00872266832162305,0.020959965009820003,0.00972207252677837,0.051273853505659384,0.05769921386680621
lbp_uniform_04,0.01735895677850441,0.09566029470687187,0.0,0.09668245353019156,0.07548301310865124
lbp_uniform_05,0.029785370719015658,0.09508011492193469,0.05489979995416161,0.04914010724885021,0.08864792090663087
lbp_uniform_06,0.07814570047496328,0.04311322834773179,0.10079885922205745,0.027021343346166127,0.03488215696940511
lbp_uniform_07,0.05179205271526999,0.042458282422522364,0.01565015509890655,0.12627572735372183,0.12582621488345413
lbp_uniform_08,0.019303249640919118,0.07058072854361752,0.03411460707280578,0.12825127286628502,0.0734328183102455
lbp_uniform_09,0.0,0.11253312102558,0.04016357422740646,0.0780654222666477,0.10660270671468175
glcm_contrast_d1_a0,0.02311611620654319,0.028263331914753165,0.005976978703455593,0.023372218125702338,0.018452877779342458
glcm_contrast_d1_a45,0.01799709700908858,0.02837809193675045,0.010659605979307818,0.05481511107021575,0.04937558565167577
glcm_contrast_d1_a90,0.03143615990912707,0.03642774582747399,0.03390756173749132,0.07593509390315889,0.05873748695663816
glcm_contrast_d1_a135,0.0024977379422144175,0.026625039497365943,0.022511871832741726,0.058644415726540444,0.0693328129039843
glcm_contrast_d2_a0,0.008146402888753679,0.01685801176552748,0.0,0.05108779212924319,0.01350108703750097
glcm_contrast_d2_a45,0.01799709700908858,0.02837809193675045,0.010659605979307818,0.05481511107021575,0.04937558565167577
glcm_contrast_d2_a90,0.015917892103481712,0.012287131362037407,0.017358775598341758,0.04541597935175279,0.018101011632436048
glcm_contrast_d2_a135,0.0024977379422144175,0.026631417048386563,0.022511871832741726,0.058644415726540444,0.0693328129039843
glcm_dissimilarity_d1_a0,0.0,0.01937380173669556,0.0,0.05629028804963787,0.02791642857570742
glcm_dissimilarity_d1_a45,0.03534284258059772,0.037456511351895205,0.0169792622616467,0.08935031758918077,0.01175401135519416
glcm_dissimilarity_d1_a90,0.0,0.014656333975403557,0.0,0.0724998850787506,0.03048485599384798
glcm_dissimilarity_d1_a135,0.04016496773405209,0.027339921515840082,0.021781627700829143,0.07409983315257751,0.00862284201863095
glcm_dissimilarity_d2_a0,0.013192699122404727,0.011756348887610901,0.0,0.06209973009074865,0.0
glcm_dissimilarity_d2_a45,0.03534284258059772,0.037456511351895205,0.0169792622616467,0.08964793663679971,0.01175401135519416
glcm_dissimilarity_d2_a90,0.02414613812753874,0.002404810870244578,0.002167213043879457,0.11205417453758715,0.015095472415810107
glcm_dissimilarity_d2_a135,0.040834610591194975,0.027339921515840082,0.021781627700829143,0.07419903950178353,0.00859095426352896
glcm_homogeneity_d1_a0,0.002478639571305452,0.01829465391887486,0.0312753348751611,0.04725425680003581,0.03572892126099503
glcm_homogeneity_d1_a45,0.009189736704920293,0.015855847588606364,0.015184010141198856,0.0864982952124802,0.008343747630804144
glcm_homogeneity_d1_a90,0.0,0.008701923531818867,0.0227414801334207,0.05787971474970055,0.015681072933928064
glcm_homogeneity_d1_a135,0.0,0.003960231076911791,0.011911399078984308,0.11498490316164345,0.0
glcm_homogeneity_d2_a0,0.012227465801742499,0.030453563873270362,0.05584377783018635,0.059918758549047046,0.025453105137910992
glcm_homogeneity_d2_a45,0.009189736704920293,0.015855847588606364,0.015184010141198856,0.0864982952124802,0.008343747630804144
glcm_homogeneity_d2_a90,0.008587461849756783,0.0,0.020972282404773113,0.08671314437521627,0.0060843684649671825
glcm_homogeneity_d2_a135,0.0,0.003960231076911791,0.012089970507555448,0.11498490316164345,0.0
glcm_energy_d1_a0,0.0,0.018639036257430464,0.010885751778396457,0.08934472996409482,0.0
glcm_energy_d1_a45,0.0,0.01261506087013431,0.03237143451553015,0.10986796020807854,0.00620647363447957
glcm_energy_d1_a90,0.0,0.010824308404106864,0.017050090510133842,0.10296097574565688,0.0
glcm_energy_d1_a135,0.0015795901013457847,0.006502001062878016,0.02181263116542831,0.09800666634735555,0.0005533332799139146
glcm_energy_d2_a0,0.004698911164331188,0.01522236143896305,0.04265538801994739,0.10584065993794023,0.012659491613232543
glcm_energy_d2_a45,0.0,0.012694425949499433,0.03177619642029228,0.10986796020807854,0.00620647363447957
glcm_energy_d2_a90,0.0,0.0,0.02891966648661093,0.10420840018645294,0.0
glcm_energy_d2_a135,0.0015795901013457847,0.006502001062878016,0.022110250213047244,0.09800666634735555,0.0005533332799139146
glcm_correlation_d1_a0,0.013498147607620359,0.022893436463255812,0.010259592306655074,0.016164547063673096,0.030768651304494465
glcm_correlation_d1_a45,0.07456786658507242,0.05221300480953439,0.03500739083283566,0.03736105864079642,0.024406714247347416
glcm_correlation_d1_a90,0.04835186270252456,0.030058549589552452,0.0026587411481895362,0.01738510576113317,0.013060893420069997
glcm_correlation_d1_a135,0.031215705608107935,0.05613776700308115,0.0,0.04094578214465816,0.0
glcm_correlation_d2_a0,0.03576193469496802,0.03848801531506996,0.02147877945366017,0.03553644624584007,0.029890567046258365
glcm_correlation_d2_a45,0.07456786658507242,0.05206419528572481,0.03500739083283566,0.03736105864079642,0.024406714247347416
glcm_correlation_d2_a90,0.08445661397739279,0.03891116398003702,0.020643725278788105,0.030615058761487735,0.021008483710531545
glcm_correlation_d2_a135,0.031215705608107935,0.05613776700308115,0.0,0.04094578214465816,0.0
dct_00,0.11138262541871624,0.06802633437471273,0.0916087904954277,0.018754749912238022,0.0
dct_01,0.024361438763917054,0.04137933630106949,0.0,0.0,0.0
dct_02,0.029262393608590953,0.02307209840656199,0.01339649421853184,0.008773829301749414,0.023985201602939377
dct_03,0.0,0.020708038893089586,0.0,0.0,0.01019087914907768
dct_04,0.0057463510656385886,0.025756776000702475,0.0,0.011355496146808974,0.0
dct_05,0.006920817368490928,0.0,0.0,0.0,0.0
dct_06,0.03564422329267902,0.008070869067539066,0.009091124853419785,0.0,0.010542830025581873
dct_07,0.0012017585153927257,0.0,0.019646735428069162,0.0269650079823065,0.006060861101648829
dct_08,0.13662536603138364,0.11656024153522004,0.02512921030828008,0.06758736284965172,0.0073908951548968815
dct_09,0.0,0.0,0.010456330828001015,0.004205541322221951,0.0
dct_10,0.0,0.0,0.03202566955754249,0.015967079819199537,0.0
dct_11,0.004666872508481079,0.01928688758373598,0.00034968771912557983,0.0205537718294595,0.0
dct_12,0.0,0.019502424862934298,0.0,0.0,0.0037654398737170247
dct_13,0.0,0.007690847303588599,0.010116780380782231,0.018278287043470787,0.01620269582673628
dct_14,0.015385479060720408,0.0016282958989941587,0.012512791287505376,0.018257232438645188,0.008268391914090234
dct_15,0.0,0.0,0.0,0.0,0.0
dct_16,0.02093624953520057,0.019766789024911358,0.0,0.007121362232846096,0.01944154893760386
dct_17,0.0,0.008985526851689185,0.0,0.009932174810652228,0.0
dct_18,0.020633400417491732,0.012228407592855817,0.04259662578017398,0.022880612895140207,0.02257104408387134
dct_19,0.0,0.0,0.0033514145607946855,0.0032176663499718927,0.0
dct_20,0.023407017804423225,0.006988354112256179,0.010626366062374437,0.03418854089780354,0.016643020485154425
dct_21,0.011263181467440875,0.0,0.0,0.0,0.010061629678310036
dct_22,0.0,0.0,0.015074457336939684,0.023551336166966363,0.009575872001113428
dct_23,0.0,0.0,0.002821178282133907,0.0,0.0
dct_24,0.0,0.02582309067756694,0.0,0.0,0.0
dct_25,0.019362808137977527,0.02032487150353357,0.0261782900790819,0.011183066525193519,0.00997866789337798
dct_26,0.029408157770899335,0.0,0.0,0.026061701399889392,0.022268605490196824
dct_27,0.0001237170132442067,0.023199218775720842,0.022811482387459003,0.0011756405507243883,0.0
dct_28,0.006006257957850369,0.0,0.0,0.005950168223098906,0.01138153850768675
dct_29,0.0,0.029999054345100085,0.0,0.0,0.0
dct_30,0.0,0.026545080230964357,0.007385204285892177,0.005712431247711036,0.0190141210616257
dct_31,0.017060466654825746,0.019038031865058924,0.012951110354030293,0.014558711674217406,0.0005002659428392509
dct_32,0.00012984927384063205,0.0025229291747987936,0.025167139159890883,0.007053824356297866,0.0
dct_33,0.0,0.0,0.0027747298897173867,0.0,0.0
dct_34,0.0,0.0,0.0411002655964241,0.004817600029737523,0.0
dct_35,0.0023771588911607466,0.0,0.012294761770706764,0.0,0.0
dct_36,0.007026009544475631,0.0,0.0007671403207958338,0.00661297204386635,0.011967849698369504
dct_37,0.0,0.01318380672511954,0.0013226392540519605,0.010271832970460082,0.02700823378615369
dct_38,0.027967353175689658,0.011976490975392995,0.001903918458624032,0.010139268336935237,0.012935692803437648
dct_39,0.0,0.016790556572954696,0.016977583180156186,0.004527717725294478,0.0
dct_40,0.0,0.00786546806972721,0.008502704731510935,0.0,0.009539559107657913
dct_41,0.0,0.006630131860651645,0.07095561141604878,0.01683054317319521,0.0
dct_42,0.0,0.0,0.014709637923904006,0.0030776764617026497,0.0
dct_43,0.009059438664958508,0.0,0.012630988893394868,0.011373841955872654,0.0
dct_44,0.0,0.005257026164410261,0.0,0.0,0.0
dct_45,0.008764692852880618,0.025378098923350967,0.00861809713708861,0.005219144626535943,0.0
dct_46,0.0,0.0,0.01688482384525436,0.007245160253004812,0.006628058405978354
dct_47,0.0,0.006760945112525896,0.0,0.0,0.0
dct_48,0.0,0.0,0.01285112546834477,0.004301393255652597,0.007273980911282951
dct_49,0.0,0.0,0.001001798505164908,0.0,0.0
dct_50,0.01614624208265103,0.010964095632640669,0.028690016604636437,0.007299630647928712,0.025927993069759347
dct_51,0.006727518080812622,0.0,0.015653146753027425,0.0,0.023990775384255647
dct_52,0.009835125235440056,0.0,0.0,0.04390161685248284,0.0
dct_53,0.017363846675248817,0.006787702100286008,0.0,0.014529748510924811,0.009697251150045716
dct_54,0.0,0.0,0.0,0.008775744343421543,0.0
dct_55,0.0,0.0,0.0,0.004366573246646688,0.0
dct_56,0.000668637214946699,0.0,0.0,0.0,0.0072816278174259175
dct_57,0.002026043357534979,0.020328053939095314,0.0064624093229186386,0.0,0.006873523506354173
dct_58,0.0,0.0,0.008128409591936725,0.0,0.0
dct_59,0.0,0.0069917961213441515,0.0,0.00711770975894388,0.0
dct_60,0.007395933883675543,0.0,0.0,0.009790351003670317,0.0018647227832675473
dct_61,0.0005031017408501093,0.0,0.0,0.011965504941456873,0.020530016882136515
dct_62,0.00548575540377505,0.010049513453615377,0.019356160427672853,0.021183364176765584,0.008685215276823977
dct_63,0.023972716713879016,0.015542991351000346,0.03109558438244675,0.016608815131745613,0.000496587917371949
wavelet_LL3_mean,0.11161080002189072,0.06802633437471273,0.0916087904954277,0.018754749912238022,0.0
wavelet_LL3_std,0.08741504037051362,0.1835616650860672,0.016487948258128382,0.08355530467856043,0.01636752129946628
wavelet_LH3_mean,0.04387568283178078,0.041576460925213166,0.027986882384287703,0.006648984535754465,0.016397305775672333
wavelet_LH3_std,0.02330071230432096,0.013339210597041351,0.01697417676622992,0.05657598075042802,0.005905207075991292
wavelet_HL3_mean,0.0,0.024302626776450342,0.0018880495673614384,0.0,0.027859212799554056
wavelet_HL3_std,0.014533383307377967,0.0,0.010585057850753365,0.05355795235940497,0.0
wavelet_HH3_mean,0.00022049275734148388,0.0,0.0,0.0,0.01721810043969163
wavelet_HH3_std,0.007472338749187957,0.0,0.015111998276092553,0.06372128857720072,0.0
wavelet_LH2_mean,0.0,0.004117602193067338,0.0,0.0,0.0
wavelet_LH2_std,0.04987918949766068,0.0,0.04069335273764518,0.060341297795050375,0.01041485106056328
wavelet_HL2_mean,0.017112552830204963,0.00860884299837017,0.0,0.024650888297657714,0.0
wavelet_HL2_std,0.0,0.0,0.0,0.044034381695924774,0.014231984192953684
wavelet_HH2_mean,0.004428450488802138,0.009414134904115246,0.0,0.0,0.0
wavelet_HH2_std,0.0,0.0,0.0018738142695127191,0.028700395235414122,0.0
wavelet_LH1_mean,0.03188822992796703,0.026328428267608395,0.016790045794587538,0.00016417630593568155,0.0
wavelet_LH1_std,0.018133000503205654,0.042622447544392816,0.011401946472277213,0.08054493121919504,0.05281487655210926
wavelet_HL1_mean,0.016214634659440064,0.014787558875746898,0.0450415474414636,0.029942838867451416,0.020036498195064034
wavelet_HL1_std,0.020168305361403904,0.04115063454973367,0.019307186343503258,0.05161132417646508,0.01749161382215081
wavelet_HH1_mean,0.019979503407516086,0.02214302395390777,0.22346382480733173,0.008735827504293692,0.03189852635762058
wavelet_HH1_std,0.016911818272334456,0.05395717185073079,0.0,0.032481705159684404,0.07075368500627066
color_R_bin00,0.03037071579159689,0.1758476437322971,0.038417707217815344,0.05984501551835075,0.04300227814719615
color_R_bin01,0.049063136786747785,0.1851295415222849,0.03389254699033373,0.03754695219110249,0.030442877669330626
color_R_bin02,0.036813660467059695,0.13062414153010016,0.01573901553936774,0.0,0.05709309201869206
color_R_bin03,0.022950677147902443,0.06336911337785156,0.04420380706168392,0.0029425025257008297,0.05197473817521403
color_R_bin04,0.045789298598855055,0.030586353652027887,0.03236641669609219,0.010488025834091808,0.050098505824776485
color_R_bin05,0.035234750538419846,0.05480918156374348,0.059049395466503674,0.010468501891524928,0.017727334142071838
color_R_bin06,0.0,0.014474335995041443,0.05961408965998505,0.014033189792417078,0.03953524714870915
color_R_bin07,0.0025565918123011677,0.0018427714956983365,0.06275271171102959,0.023263139506416453,0.011164555497760631
color_R_bin08,0.004088722377277865,0.010140870509258049,0.08415139998807675,0.017332211467184555,0.0014021526299150544
color_R_bin09,0.0,0.0027516124313180512,0.07845229665648779,0.04885134021251991,0.0
color_R_bin10,0.0,0.004338576417317608,0.0738198165372228,0.058808196174392036,0.0
color_R_bin11,0.0,0.0022769350895188722,0.04919694425337817,0.0679483954980582,0.028067264175652085
color_R_bin12,0.013482770789183585,0.030503260584751946,0.08688765271633891,0.057149174225443966,0.01999503583516149
color_R_bin13,0.015040153161632874,0.02071605283497946,0.04929854770638209,0.06792017661656446,0.03940596746633318
color_R_bin14,0.029323972784949248,0.051664243480241234,0.03548564383373165,0.07605278840786212,0.054932702957611435
color_R_bin15,0.05075291771946144,0.04217445669894415,0.03331812664358513,0.11154408546649264,0.03854125059883162
color_R_bin16,0.03138143457539799,0.058091569196641935,0.02536946853641764,0.08461346940534553,0.0
color_R_bin17,0.04068823411849998,0.07847922371249982,0.0,0.0989424094427358,0.02193215930501813
color_R_bin18,0.041417213890084126,0.0860113125597628,0.0,0.10304339493494163,0.0
color_R_bin19,0.02525541099251649,0.08060643682219104,0.0,0.09056891322500049,0.00012088076265381886
color_R_bin20,0.04365658948087292,0.0440527428715658,0.01107207668928245,0.10445473352722412,0.013969244006092785
color_R_bin21,0.009276756671936948,0.05272089722111306,0.0,0.1095134842858494,0.00033347340997536
color_R_bin22,0.0008169500174017852,0.04728776710447802,0.02182533598128278,0.10997835692953561,0.0003975871236425732
color_R_bin23,0.003348617987619873,0.03267832356172784,0.031889530504739305,0.10619418494069044,0.01240104001995257
color_R_bin24,0.020598465989174697,0.016662753377544526,0.047554402704585996,0.13534544281081096,0.019194751021252898
color_R_bin25,0.0008862408839751534,0.0029062528131118537,0.020910126603764123,0.142451252912019,0.010729830889447234
color_R_bin26,0.0,0.0,0.026873609842983148,0.11378791801016108,0.016079400714463787
color_R_bin27,0.0,0.0006895729447775611,0.061549207694397534,0.12933331418460003,0.0
color_R_bin28,0.01512466523635636,0.055815644172007906,0.04333613920838286,0.1188697180035736,0.02084565353429446
color_R_bin29,0.0,0.04106590704609636,0.03174466440145762,0.06931469531350265,0.0
color_R_bin30,0.014806590508825712,0.09579915372169268,0.045016143765060024,0.07016925475181757,0.0023435891549914434
color_R_bin31,0.027550951473533702,0.1667714260541966,0.03097652636174142,0.01313199103887075,0.019776571577456048
color_G_bin00,0.042932299896183634,0.16437464617552577,0.05488099718113637,0.0978884273037719,0.04929171469536531
color_G_bin01,0.03592964631694162,0.1671704648096477,0.026443908505381586,0.04747616365291485,0.058596840204774736
color_G_bin02,0.059411201609265385,0.12512732898493883,0.04821728204314213,0.023718850491276644,0.06125739984217815
color_G_bin03,0.03643818000778887,0.05147024565256397,0.036665347344413624,0.027132601078464047,0.040865997689227385
color_G_bin04,0.027769935271087398,0.03812900202735392,0.049782397499150255,0.0014610610655443335,0.023182216264174604
color_G_bin05,0.029626746467726228,0.020275537069109895,0.07223636719959026,0.026858861702177217,0.04096109336954923
color_G_bin06,0.043673150208955125,0.010025072460956297,0.044136408997274224,0.029308808417873644,0.02946796290844933
color_G_bin07,0.015751619164013908,0.0,0.07353897169301349,0.06182342792407636,0.022045452760465434
color_G_bin08,0.007370687552625377,0.002002837396828827,0.08752987578136362,0.04897283824779697,0.04573158000569921
color_G_bin09,0.002247511752585085,0.01286008811517525,0.05822752658823993,0.06403255641730587,0.006088047694756016
color_G_bin10,0.01451684387354546,0.032263087295616666,0.09279744730284412,0.056026362727115364,0.031084284825972253
color_G_bin11,0.002285213113954132,0.020925636760562805,0.08268128350025572,0.062041100446402764,0.014759985967673028
color_G_bin12,0.015618242060718712,0.0484912014071206,0.048307076989209774,0.10378361011178172,0.0
color_G_bin13,0.0462304352044598,0.03506161459859913,0.03232534014441413,0.08758579067880357,0.034345741950241315
color_G_bin14,0.05923050768306326,0.048817717722047904,0.027834671702444025,0.11714928261169133,0.02113133804871503
color_G_bin15,0.056600349508142855,0.06236272762631789,0.013796094583613527,0.10829143534354624,0.029958348038755966
color_G_bin16,0.04943516427286965,0.05856080681735598,0.0,0.0836112318465394,0.020314947867636324
color_G_bin17,0.03793707038889793,0.06991314836122142,0.02451139581728312,0.09358172065430148,0.039309337177821924
color_G_bin18,0.06834712618813299,0.0803922222447242,0.007067193923238957,0.1057533697856885,0.010814252279153891
color_G_bin19,0.01506661353757588,0.04825895753454246,0.0,0.1016003684029132,0.014754104885547292
color_G_bin20,0.04588319729060242,0.04122026046056071,0.009280484979754755,0.12033368074418127,0.011489610509797465
color_G_bin21,0.037631263995201225,0.013969692470197748,0.017652943028746648,0.11710905716881803,0.007673767647072838
color_G_bin22,0.0,0.006996001620560355,0.0449937987565292,0.10993016054132854,0.0
color_G_bin23,0.02322410309302292,0.0,0.03485167780688547,0.09937078447753556,0.010167918478795501
color_G_bin24,0.014151067536786854,0.0310409452290612,0.06152245380535848,0.11359997421977641,0.0066013015639641015
color_G_bin25,0.027610517167454995,0.010939797800852968,0.06524017446985941,0.14446696555351068,0.01865073737849987
color_G_bin26,0.0,0.01886287295119904,0.08625944719357803,0.09700962405510105,0.0
color_G_bin27,0.004964302523610575,0.03295908123286262,0.041948571382242505,0.08645992694441484,0.0
color_G_bin28,0.0,0.05161905467748751,0.034722488889786796,0.050070269975746484,0.0
color_G_bin29,0.015396276896765482,0.09910525380898094,0.04738269352438551,0.0582429781143583,0.009417962100556343
color_G_bin30,0.0026900784820274026,0.13605705580142557,0.03734184725699907,0.037888591529390725,0.034748053402044565
color_G_bin31,0.0417046060014612,0.1996226356236741,0.0,0.02282116595126027,0.006772440513917344
color_B_bin00,0.024049405299385596,0.2186077906733963,0.0401306406023223,0.07902480058038042,0.05499903617154778
color_B_bin01,0.03954509670695927,0.20565782042502212,0.01946749272544146,0.04498539235863297,0.07131228771628706
color_B_bin02,0.04585042409458007,0.13097409937864435,0.03963875019189422,0.017700949503437036,0.07022373332785836
color_B_bin03,0.00382144216974023,0.047227103913346724,0.026634642371234918,0.006125071954987682,0.0688187018235833
color_B_bin04,0.004241259902071803,0.015269044432489443,0.016923974360745886,0.0,0.029164619985082574
color_B_bin05,0.0,0.0,0.01713413050571755,0.02111501532375959,0.029003470354299177
color_B_bin06,0.003961545851073112,0.005095763961393995,0.03990890364471178,0.019981874970176117,0.03267349018898469
color_B_bin07,0.0,0.008580456590132401,0.05774183706282532,0.016802718438942765,0.00616332760102245
color_B_bin08,0.003142185545762066,0.02195989543320742,0.045800555573935364,0.05642688785752137,0.00017259854598239421
color_B_bin09,0.0,0.029006997816824365,0.05617231139232093,0.05815649841473847,0.0030537914322892323
color_B_bin10,0.012429049421787353,0.03376658217397366,0.048024365196756014,0.08312741886433161,0.028279885880312605
color_B_bin11,0.016819848262946913,0.03249072545646414,0.03189557000429022,0.060232132302580954,0.04833411965669643
color_B_bin12,0.0,0.0041606939015526034,0.002715670917704971,0.062483825049427955,0.0
color_B_bin13,0.003815034196171796,0.03866647013154467,0.025916177518946926,0.07717704592244057,0.033280805644611444
color_B_bin14,0.03127989369567463,0.0553488749049571,0.031133280734757962,0.0916804785486871,0.0024761820760696995
color_B_bin15,0.034782778862695096,0.05064604795115457,0.015311252055171698,0.08432762469026045,0.017120515460417263
color_B_bin16,0.02747395784088047,0.048296533804824016,0.0,0.08899282485341331,0.004580580469582429
color_B_bin17,0.01787951750697858,0.029517713671131984,0.01303983450919377,0.09948675317820244,0.004627881004015233
color_B_bin18,0.026553670588957523,0.030482404037158295,0.0,0.09980997281178516,0.00010005649011590734
color_B_bin19,0.00651189261091023,0.035232884007100784,0.004025332422627148,0.07474442845500051,0.0
color_B_bin20,0.019222389188990885,0.054619298650542714,0.011288676901321626,0.08890320595671475,0.030006474530586802
color_B_bin21,0.022346341314007256,0.016481459759925654,0.020309663443558446,0.08940133791512395,0.015314973896472406
color_B_bin22,0.009929053794165643,0.02610304555456122,0.04644072905740293,0.08204085174141929,0.02568500115148531
color_B_bin23,0.013355023566719249,0.001345847328074079,0.015562711724581124,0.08928780752435261,0.0
color_B_bin24,0.0,0.0,0.01236017252488919,0.06111423587448317,0.0051211228811856024
color_B_bin25,0.0,0.0019461938915246169,0.02186572122696373,0.041185084712336506,0.0
color_B_bin26,0.0047756127365681245,0.05637066838189986,0.04336242620733044,0.021091576585102523,0.008130814777052242
color_B_bin27,0.024204953931548534,0.07386042262616299,0.029604463884462584,0.038326317179598,0.0020949823970346504
color_B_bin28,0.0,0.08910106005836549,0.05970712983330917,0.0031252158545607145,0.034608884938708506
color_B_bin29,0.021574267731783614,0.08452305231728352,0.03649180381014827,0.016547224299547247,0.03048984029510926
color_B_bin30,0.02391296435937318,0.15998438524937297,0.03460437888981893,0.010920370918748201,0.006799426653804286
color_B_bin31,0.05630718254053457,0.18059794653845795,0.017696827083504063,0.033883354311037284,0.01765497931692539
canny_edge_density,0.0,0.0007263670913406628,0.021429025922938605,0.06642943641238541,0.015762801391167924
canny_n_contours_norm,0.0,0.02224122753650004,0.0017051343842044986,0.052775152562754,0.01920816270877168
canny_mean_contour_area,0.0,0.02197398246907678,0.019824853525187924,0.020710513284782905,0.025077945572383298
canny_std_contour_area,0.0,0.0,0.0,0.0,0.0
canny_mean_contour_perim,0.0,0.037402115229882904,0.0,0.023765305534310777,0.047876920333432604
canny_std_contour_perim,0.02466028003588927,0.0,0.0,5.9383388124389924e-05,0.0
